Date,seconds,discharge-cms
2008-06-01 00:00:00,1302.5636,154.6103873872208
2008-06-01 01:00:00,5210.2507,154.61087964816195
2008-06-01 02:00:00,9117.9384,154.61067248081014
2008-06-01 03:00:00,13025.6268,154.61099123141028
2008-06-01 04:00:00,15630.7504,154.6109237202902
2008-06-01 05:00:00,19538.4355,154.6110797317258
2008-06-01 06:00:00,23446.1222,154.61065725205688
2008-06-01 07:00:00,27353.80875,154.61128601726057
2008-06-01 08:00:00,31261.4922,154.6106757334711
2008-06-01 09:00:00,33866.6158,154.61115319933253
2008-06-01 10:00:00,37774.301600000006,154.61098030087243
2008-06-01 11:00:00,41681.9908,154.61048359342155
2008-06-01 12:00:00,44287.1181,154.61042179125698
2008-06-01 13:00:00,48194.80695,154.610750866569
2008-06-01 14:00:00,52102.4936,154.61067940916655
2008-06-01 15:00:00,56010.18135,154.61047888170748
2008-06-01 16:00:00,59917.8707,154.61009108894064
2008-06-01 17:00:00,62522.9994,154.60971816030025
2008-06-01 18:00:00,66430.69345,154.61015967656374
2008-06-01 19:00:00,70338.385,154.6100676788525
2008-06-01 20:00:00,74246.0767,154.61001330986286
2008-06-01 21:00:00,78153.7726,154.6096275522158
2008-06-01 22:00:00,80758.9059,154.60889294230606
2008-06-01 23:00:00,84666.60485,154.6097075515721
2008-06-02 00:00:00,88574.3116,154.61171839933644
2008-06-02 01:00:00,91179.4624,154.60349370244882
2008-06-02 02:00:00,95087.43155000001,154.5747078835949
2008-06-02 03:00:00,98996.0451,154.5293017888768
2008-06-02 04:00:00,102906.0661,154.46142920484232
2008-06-02 05:00:00,106817.5997,154.374699108542
2008-06-02 06:00:00,109426.4684,154.30430202573328
2008-06-02 07:00:00,113341.77525,154.18090843717974
2008-06-02 08:00:00,117259.2559,154.0391090231123
2008-06-02 09:00:00,119872.4535,153.93300468174388
2008-06-02 10:00:00,123794.73425000001,153.75430074829706
2008-06-02 11:00:00,127719.6272,153.5615673868904
2008-06-02 12:00:00,131647.94185,153.3491610737022
2008-06-02 13:00:00,135579.1295,153.11937403060517
2008-06-02 14:00:00,138201.9022,152.9587060699516
2008-06-02 15:00:00,142139.12915,152.70253519266
2008-06-02 16:00:00,146079.5134,152.4341518718883
2008-06-02 17:00:00,148708.5945,152.2477178660551
2008-06-02 18:00:00,152655.55315,151.9546963135232
2008-06-02 19:00:00,156605.9359,151.650014845255
2008-06-02 20:00:00,160560.71675000002,151.33255539972544
2008-06-02 21:00:00,164519.1223,151.002435283394
2008-06-02 22:00:00,167160.5319,150.77608328997573
2008-06-02 23:00:00,171126.43105,150.4281588256962
2008-06-03 00:00:00,175096.1695,150.0653459107474
2008-06-03 01:00:00,177745.2559,149.82592304011294
2008-06-03 02:00:00,181722.49665,149.4732923272375
2008-06-03 03:00:00,185702.9331,149.12712089875205
2008-06-03 04:00:00,188358.4701,148.90086538813154
2008-06-03 05:00:00,192344.38115,148.57198672514255
2008-06-03 06:00:00,196332.7316,148.25313026964628
2008-06-03 07:00:00,198993.1657,148.0475004081539
2008-06-03 08:00:00,202985.99395,147.74784746597373
2008-06-03 09:00:00,206980.9072,147.45794938632716
2008-06-03 10:00:00,210978.30395,147.18045661098574
2008-06-03 11:00:00,214977.6018,146.913310387865
2008-06-03 12:00:00,217645.0145,146.74184726603596
2008-06-03 13:00:00,221647.87774999999,146.4934650092336
2008-06-03 14:00:00,225652.4218,146.25451044788448
2008-06-03 15:00:00,228323.198,146.10032871192251
2008-06-03 16:00:00,232330.91515000002,145.87904915048745
2008-06-03 17:00:00,236340.1158,145.66656023667255
2008-06-03 18:00:00,239013.8682,145.52968012494154
2008-06-03 19:00:00,243025.85285000002,145.333937301533
2008-06-03 20:00:00,247039.1291,145.1463672522889
2008-06-03 21:00:00,249715.4683,145.02708233906242
2008-06-03 22:00:00,253731.15435,144.85299263298725
2008-06-03 23:00:00,257747.9721,144.68773425301316
2008-06-04 00:00:00,260426.5939,144.5967513373092
2008-06-04 01:00:00,264445.6665,144.41578737656152
2008-06-04 02:00:00,268466.8263,144.1826871753965
2008-06-04 03:00:00,271150.4201,143.99293495326864
2008-06-04 04:00:00,275182.88145,143.62185257720418
2008-06-04 05:00:00,279224.9251,143.2164135889249
2008-06-04 06:00:00,281927.4338,143.12581327344412
2008-06-04 07:00:00,285996.56830000004,142.07416109725827
2008-06-04 08:00:00,290083.4995,140.3594180010372
2008-06-04 09:00:00,292820.8405,139.12713826733184
2008-06-04 10:00:00,296947.6681,137.16008267016082
2008-06-04 11:00:00,301096.6949,135.08484418420568
2008-06-04 12:00:00,303878.4322,133.63556233623046
2008-06-04 13:00:00,308076.25234999997,131.3732838506872
2008-06-04 14:00:00,312300.6587,129.03001963959278
2008-06-04 15:00:00,315135.5614,127.41851700122041
2008-06-04 16:00:00,317985.1408,125.7723110930607
2008-06-04 17:00:00,322290.2818,123.23919564187716
2008-06-04 18:00:00,326627.6504,120.64705838318068
2008-06-04 19:00:00,329541.7182,118.88225234481804
2008-06-04 20:00:00,332473.4297,117.0916738977648
2008-06-04 21:00:00,336907.90060000005,114.3574546106067
2008-06-04 22:00:00,341380.971,111.5773034602852
2008-06-04 23:00:00,344389.936,109.69473454937999
2008-06-05 00:00:00,347420.6204,107.49747271475995
2008-06-05 01:00:00,350475.9472,105.1859322750257
2008-06-05 02:00:00,353555.6026,103.01116283321969
2008-06-05 03:00:00,358222.0443,99.99528237822992
2008-06-05 04:00:00,362933.8187,97.20212853851764
2008-06-05 05:00:00,366104.2032,95.47328500906322
2008-06-05 06:00:00,369295.7702,93.83508330075284
2008-06-05 07:00:00,372507.9809,92.27913234776842
2008-06-05 08:00:00,375740.3207,90.79943271539527
2008-06-05 09:00:00,378992.3215,89.38923042115225
2008-06-05 10:00:00,382263.5592,88.04309070700909
2008-06-05 11:00:00,385553.6102,86.75537084990074
2008-06-05 12:00:00,390524.8491,85.04474391512643
2008-06-05 13:00:00,395525.7868,83.80654615020664
2008-06-05 14:00:00,398875.5344,83.10072618467233
2008-06-05 15:00:00,402236.5442,82.40668141080157
2008-06-05 16:00:00,405608.908,81.71067423060799
2008-06-05 17:00:00,408992.8857,81.01108833231565
2008-06-05 18:00:00,412388.6031,80.31266321940934
2008-06-05 19:00:00,415796.1781,79.61754214243047
2008-06-05 20:00:00,419215.7797,78.92291542266456
2008-06-05 21:00:00,422647.6375,78.21232695208332
2008-06-05 22:00:00,426092.1158,77.49862199212667
2008-06-05 23:00:00,429549.4427,76.78190193522599
2008-06-06 00:00:00,433019.6948,76.10903920203279
2008-06-06 01:00:00,436498.1726,75.78758803425421
2008-06-06 02:00:00,439981.185,75.51410147322406
2008-06-06 03:00:00,443468.869,75.23513196441002
2008-06-06 04:00:00,446961.4413,74.95457997771244
2008-06-06 05:00:00,450458.8389,74.67510432880024
2008-06-06 06:00:00,453960.9481,74.39776693117477
2008-06-06 07:00:00,457467.6842,74.12431960789836
2008-06-06 08:00:00,460978.9124,73.85360365954298
2008-06-06 09:00:00,464494.4908,73.58769346543073
2008-06-06 10:00:00,469776.22265,73.19601247230861
2008-06-06 11:00:00,475065.9565,72.8162364323673
2008-06-06 12:00:00,478597.5442,72.57032810607737
2008-06-06 13:00:00,482132.8181,72.32979314757848
2008-06-06 14:00:00,485671.6522,72.09639285689245
2008-06-06 15:00:00,489213.8881,71.86985208505394
2008-06-06 16:00:00,492759.3619,71.65176591366779
2008-06-06 17:00:00,496307.9051,71.44084005976097
2008-06-06 18:00:00,499859.3602,71.23754319028444
2008-06-06 19:00:00,503413.5612,71.0423444400144
2008-06-06 20:00:00,506970.3477,70.85528532940413
2008-06-06 21:00:00,510529.5765,70.67669114016616
2008-06-06 22:00:00,514091.0903,70.50615677835732
2008-06-06 23:00:00,517654.7135,70.3447050716438
2008-06-07 00:00:00,521220.2806,70.19226175835581
2008-06-07 01:00:00,524787.6179,70.0465285445089
2008-06-07 02:00:00,528356.5921,69.90800599106551
2008-06-07 03:00:00,531927.0708,69.77714276428729
2008-06-07 04:00:00,535498.9161,69.65452412121446
2008-06-07 05:00:00,539071.9958,69.539478840902
2008-06-07 06:00:00,542646.1874,69.43177120671433
2008-06-07 07:00:00,546221.3683,69.3312910667711
2008-06-07 08:00:00,549797.4137,69.23828459092437
2008-06-07 09:00:00,553374.1994,69.15231880470527
2008-06-07 10:00:00,556951.6177,69.07299603391951
2008-06-07 11:00:00,560529.5572,69.0006715553136
2008-06-07 12:00:00,564107.9025,68.93465963396336
2008-06-07 13:00:00,567686.5367,68.87542323019757
2008-06-07 14:00:00,571265.3496,68.82208103876464
2008-06-07 15:00:00,574844.2304,68.77525313666315
2008-06-07 16:00:00,578423.076,68.73395359361686
2008-06-07 17:00:00,582001.7862,68.69911920171955
2008-06-07 18:00:00,585580.2553,68.66975176806012
2008-06-07 19:00:00,589158.3724,68.64690448980187
2008-06-07 20:00:00,592736.0399,68.62940803480274
2008-06-07 21:00:00,596313.1666,68.61738542980795
2008-06-07 22:00:00,599889.6562,68.6107802414853
2008-06-07 23:00:00,603465.4182,68.60945159201617
2008-06-08 00:00:00,607040.3844,68.61356401594578
2008-06-08 01:00:00,610614.4716,68.61365251481764
2008-06-08 02:00:00,614187.6487,68.61274169563951
2008-06-08 03:00:00,617759.9614,68.61128174584447
2008-06-08 04:00:00,621331.5118,68.61026652788836
2008-06-08 05:00:00,624902.4411,68.60917122397362
2008-06-08 06:00:00,628472.9027,68.60746085260486
2008-06-08 07:00:00,632043.0507,68.6053321054217
2008-06-08 08:00:00,635613.0201,68.60289084497539
2008-06-08 09:00:00,639182.9264,68.59922934877451
2008-06-08 10:00:00,642752.8874,68.59376861420803
2008-06-08 11:00:00,646322.994,68.58792605616975
2008-06-08 12:00:00,649893.3221,68.58035550500219
2008-06-08 13:00:00,653463.9428,68.57126792553353
2008-06-08 14:00:00,657034.9243,68.56037138361124
2008-06-08 15:00:00,660606.3232,68.54835793141658
2008-06-08 16:00:00,664178.1869,68.53456152143796
2008-06-08 17:00:00,667750.5583,68.51902928315529
2008-06-08 18:00:00,671323.4809,68.5023622203199
2008-06-08 19:00:00,674896.9871,68.48393155341915
2008-06-08 20:00:00,678471.1126,68.46443015031399
2008-06-08 21:00:00,682045.8892,68.442997809017
2008-06-08 22:00:00,685621.3443,68.42058906508039
2008-06-08 23:00:00,689197.5042,68.39642718019245
2008-06-09 00:00:00,692774.3678,68.36741042636488
2008-06-09 01:00:00,696351.9622,68.35494466210969
2008-06-09 02:00:00,699930.2389,68.35664867778145
2008-06-09 03:00:00,703508.9501,68.36815918937984
2008-06-09 04:00:00,707087.7251,68.38864761325111
2008-06-09 05:00:00,710666.1007,68.4180724620168
2008-06-09 06:00:00,714243.6038,68.45542679375124
2008-06-09 07:00:00,717819.7637,68.50450800153854
2008-06-09 08:00:00,721394.1678,68.5593874687967
2008-06-09 09:00:00,724966.4285,68.62535444189504
2008-06-09 10:00:00,728536.1947,68.6996411699358
2008-06-09 11:00:00,732103.1467,68.78716854684085
2008-06-09 12:00:00,735666.9707,68.88385226236743
2008-06-09 13:00:00,739227.4025,68.99261020446403
2008-06-09 14:00:00,742784.1891,69.11054971812653
2008-06-09 15:00:00,746337.1361,69.23604071903236
2008-06-09 16:00:00,749886.0364,69.37438785416968
2008-06-09 17:00:00,753430.725,69.51820412298729
2008-06-09 18:00:00,756971.0359,69.6720501454573
2008-06-09 19:00:00,760506.7779,69.83482514569766
2008-06-09 20:00:00,764037.8142,70.00652977741447
2008-06-09 21:00:00,767563.9959,70.18859342823265
2008-06-09 22:00:00,771085.1771,70.38169864532261
2008-06-09 23:00:00,774601.2385,70.58232917574213
2008-06-10 00:00:00,778112.0862,70.79150255292798
2008-06-10 01:00:00,781617.728,70.98776244837377
2008-06-10 02:00:00,785118.0195,71.16156072219408
2008-06-10 03:00:00,788613.2024,71.32149545189817
2008-06-10 04:00:00,793847.05065,71.5352661790109
2008-06-10 05:00:00,799073.9378,71.72394707284624
2008-06-10 06:00:00,802555.3557,71.8315911550269
2008-06-10 07:00:00,806035.4569,71.92603136714095
2008-06-10 08:00:00,809515.0134,72.00663343352285
2008-06-10 09:00:00,812994.7086,72.0699115311297
2008-06-10 10:00:00,816475.1636,72.11789027322186
2008-06-10 11:00:00,819956.905,72.14846598711671
2008-06-10 12:00:00,823440.4173,72.16214487179849
2008-06-10 13:00:00,826926.1373,72.15878071653715
2008-06-10 14:00:00,830414.4375,72.13853989460348
2008-06-10 15:00:00,833905.6661,72.10226820283864
2008-06-10 16:00:00,837400.1555,72.05022924488112
2008-06-10 17:00:00,840898.2022,71.98140952377877
2008-06-10 18:00:00,844400.0716,71.89843318793316
2008-06-10 19:00:00,847906.0067,71.80253187192072
2008-06-10 20:00:00,851416.248,71.69055149203297
2008-06-10 21:00:00,854931.0236,71.56637406927678
2008-06-10 22:00:00,858450.534,71.4288162184548
2008-06-10 23:00:00,861974.9999,71.27892674320174
2008-06-11 00:00:00,865504.5858,71.11244098574807
2008-06-11 01:00:00,869039.4683,70.94697606829857
2008-06-11 02:00:00,872579.8061,70.78427619943521
2008-06-11 03:00:00,876125.4144,70.62240559788873
2008-06-11 04:00:00,879675.8835,70.46298443878162
2008-06-11 05:00:00,883230.7634,70.30362431536345
2008-06-11 06:00:00,886789.6533,70.14625536244007
2008-06-11 07:00:00,890352.2098,69.9916847499803
2008-06-11 08:00:00,893918.1486,69.83838344784185
2008-06-11 09:00:00,897487.2474,69.68827603984775
2008-06-11 10:00:00,901059.3014,69.54229345444162
2008-06-11 11:00:00,904634.1467,69.39897561391383
2008-06-11 12:00:00,908211.6333,69.25894300926743
2008-06-11 13:00:00,911791.6301,69.12249063977931
2008-06-11 14:00:00,915374.0526,68.9891699211787
2008-06-11 15:00:00,918958.7933,68.85970152752289
2008-06-11 16:00:00,922545.7635,68.73314396391766
2008-06-11 17:00:00,926134.8773,68.6099122714006
2008-06-11 18:00:00,929726.0544,68.49089111611252
2008-06-11 19:00:00,933319.2191,68.37442144266036
2008-06-11 20:00:00,936914.2996,68.26150829964371
2008-06-11 21:00:00,940511.2261,68.15214708011669
2008-06-11 22:00:00,944109.9341,68.04561293822043
2008-06-11 23:00:00,947710.3692,67.94189985775604
2008-06-12 00:00:00,951312.4128,67.83458265010364
2008-06-12 01:00:00,954915.877,67.77191046609215
2008-06-12 02:00:00,958520.6623,67.75878092376438
2008-06-12 03:00:00,962125.9725,67.78490066895264
2008-06-12 04:00:00,965730.6243,67.84082636917928
2008-06-12 05:00:00,969333.3355,67.92461691635086
2008-06-12 06:00:00,972932.844,68.03443064554614
2008-06-12 07:00:00,976527.8933,68.17539776947027
2008-06-12 08:00:00,980117.3141,68.34250081836417
2008-06-12 09:00:00,983700.0075,68.54584515461255
2008-06-12 10:00:00,987274.8135,68.78414377952808
2008-06-12 11:00:00,990840.7803,69.04457309157756
2008-06-12 12:00:00,994397.0161,69.35307730060447
2008-06-12 13:00:00,997942.7144,69.68552974492133
2008-06-12 14:00:00,1001476.9363,70.06054791300811
2008-06-12 15:00:00,1004998.9273,70.46442853598023
2008-06-12 16:00:00,1008508.084,70.91261198085611
2008-06-12 17:00:00,1012003.7507,71.38904024031538
2008-06-12 18:00:00,1015485.3934,71.89771926681308
2008-06-12 19:00:00,1018952.7137,72.43845172982869
2008-06-12 20:00:00,1024123.8017500001,73.30586045065712
2008-06-12 21:00:00,1029264.4546,74.2354183490071
2008-06-12 22:00:00,1032670.8473,74.8762738566481
2008-06-12 23:00:00,1036061.5583,75.55672382153278
2008-06-13 00:00:00,1039436.4808,76.2569891261075
2008-06-13 01:00:00,1042795.5131,76.9162967333537
2008-06-13 02:00:00,1046138.801,77.57853962348395
2008-06-13 03:00:00,1049466.7824,78.22824028615364
2008-06-13 04:00:00,1052780.3677,78.86828750426551
2008-06-13 05:00:00,1056080.7769,79.49651712810488
2008-06-13 06:00:00,1059369.285,80.11935992196813
2008-06-13 07:00:00,1062647.1639,80.73384018741908
2008-06-13 08:00:00,1067545.5219,81.63161565614033
2008-06-13 09:00:00,1072427.8714,82.49650144014683
2008-06-13 10:00:00,1075673.5295,83.04729395541882
2008-06-13 11:00:00,1078913.0818,83.58022781656943
2008-06-13 12:00:00,1082147.0878,84.09057214938186
2008-06-13 13:00:00,1085376.1251,84.57833332947574
2008-06-13 14:00:00,1088600.627,85.04444957048372
2008-06-13 15:00:00,1091820.9632,85.48888760056975
2008-06-13 16:00:00,1095037.4567,85.91121222344296
2008-06-13 17:00:00,1099855.30175,86.50400396081912
2008-06-13 18:00:00,1104666.9008,87.0577700018909
2008-06-13 19:00:00,1107870.862,87.40000224791434
2008-06-13 20:00:00,1111072.2589,87.72369601297648
2008-06-13 21:00:00,1114271.2806,88.0301137018656
2008-06-13 22:00:00,1117468.1298,88.31895985156663
2008-06-13 23:00:00,1120662.9647,88.5919354139952
2008-06-14 00:00:00,1123855.9565,88.85747784894566
2008-06-14 01:00:00,1128642.2038,89.18045688178063
2008-06-14 02:00:00,1133425.9064,89.41147210751042
2008-06-14 03:00:00,1136614.6949,89.51264778131615
2008-06-14 04:00:00,1139804.7635,89.57855434677053
2008-06-14 05:00:00,1142997.4847,89.61125503643545
2008-06-14 06:00:00,1146194.1893,89.61059251296818
2008-06-14 07:00:00,1149396.1144,89.54683713629484
2008-06-14 08:00:00,1152604.4763,89.4153175195514
2008-06-14 09:00:00,1157434.08875,88.9836517520014
2008-06-14 10:00:00,1162283.4411,89.13078285550166
2008-06-14 11:00:00,1165528.6506,89.30129425442594
2008-06-14 12:00:00,1168784.6935,88.97404842461512
2008-06-14 13:00:00,1172055.4333,88.19702359104969
2008-06-14 14:00:00,1175340.6682,87.2604288941238
2008-06-14 15:00:00,1178641.6002,86.26492013298369
2008-06-14 16:00:00,1181959.2863,85.21473614713693
2008-06-14 17:00:00,1185294.8507,84.11371403156397
2008-06-14 18:00:00,1188649.3786,82.96564873595301
2008-06-14 19:00:00,1192023.9646,81.77386682663874
2008-06-14 20:00:00,1195419.7571,80.5409528095064
2008-06-14 21:00:00,1200558.6940000001,78.61594580525939
2008-06-14 22:00:00,1205745.8627,76.6214760708233
2008-06-14 23:00:00,1209238.1817,75.24889910391406
2008-06-15 00:00:00,1212761.4714,73.19285151056155
2008-06-15 01:00:00,1216320.8993,71.24162349442221
2008-06-15 02:00:00,1219913.872,69.50041972739827
2008-06-15 03:00:00,1223535.6061,68.41991217208813
2008-06-15 04:00:00,1227166.5699,68.14172716067593
2008-06-15 05:00:00,1230802.4475,67.87742186460406
2008-06-15 06:00:00,1234443.4545,67.61969460491879
2008-06-15 07:00:00,1238089.2196,67.37096506167043
2008-06-15 08:00:00,1241739.3324,67.13281834898972
2008-06-15 09:00:00,1245393.3631,66.90585849108476
2008-06-15 10:00:00,1249050.8237,66.69300413428508
2008-06-15 11:00:00,1252711.2058,66.49371946855965
2008-06-15 12:00:00,1256373.9997,66.3113299887956
2008-06-15 13:00:00,,66.22861730259979
2008-06-15 14:00:00,1260038.6614,66.14590461640395
2008-06-15 15:00:00,1263704.6417,65.99993414985443
2008-06-15 16:00:00,1267371.3806,65.87217359091605
2008-06-15 17:00:00,1271038.315,65.76515334760334
2008-06-15 18:00:00,1274704.8715,65.67966288658302
2008-06-15 19:00:00,1278370.4874,65.61492081448166
2008-06-15 20:00:00,1282034.5867,65.57301002205432
2008-06-15 21:00:00,1285696.6191,65.5535690091612
2008-06-15 22:00:00,1289355.9903,65.55646535914381
2008-06-15 23:00:00,1293012.1345,65.58282550168708
2008-06-16 00:00:00,1296664.594,65.63549769068668
2008-06-16 01:00:00,1300312.9855,65.66845618363287
2008-06-16 02:00:00,1303956.8624,65.67647645532271
2008-06-16 03:00:00,1307596.4351,65.67226907345821
2008-06-16 04:00:00,1311232.2168,65.65588100265772
2008-06-16 05:00:00,1314865.1285,65.62854939942727
2008-06-16 06:00:00,1318496.3908,65.58966056558766
2008-06-16 07:00:00,1322127.3338,65.53902209119491
2008-06-16 08:00:00,1325759.262,65.47633770991197
2008-06-16 09:00:00,1329393.402,65.39932295850828
2008-06-16 10:00:00,1333030.893,65.30437542387818
2008-06-16 11:00:00,1336672.7752,65.1918542406523
2008-06-16 12:00:00,1340319.9644,65.06441546409526
2008-06-16 13:00:00,1343973.2805,64.91699485749803
2008-06-16 14:00:00,1347633.4062,64.75527600320694
2008-06-16 15:00:00,1351300.9677,64.5745578411098
2008-06-16 16:00:00,1354976.5784,64.37118122312849
2008-06-16 17:00:00,1358660.8065,64.15887319420331
2008-06-16 18:00:00,1362354.1807,63.93242502609373
2008-06-16 19:00:00,1366057.2283,63.736241936895254
2008-06-16 20:00:00,1369770.0652,63.52722662214831
2008-06-16 21:00:00,1373492.6944,63.41616215456007
2008-06-16 22:00:00,1377224.7796,63.23559457028593
2008-06-16 23:00:00,1380967.6231,62.95409364522781
2008-06-17 00:00:00,1384723.7798,62.676042802887785
2008-06-17 01:00:00,1388488.3748,62.34368283080397
2008-06-17 02:00:00,1392259.9251,62.064824813981474
2008-06-17 03:00:00,1396038.7255,61.76762172116675
2008-06-17 04:00:00,1399823.1048,61.68776017107329
2008-06-17 05:00:00,1403610.6235,61.518912757150076
2008-06-17 06:00:00,1407402.6586,61.33081913220269
2008-06-17 07:00:00,1411199.8516,61.07854352673096
2008-06-17 08:00:00,,61.03193688540246
2008-06-17 09:00:00,1415001.9591,60.985330244073964
2008-06-17 10:00:00,1418807.6862,60.80008114476705
2008-06-17 11:00:00,1422618.0577,60.61409417636147
2008-06-17 12:00:00,1426433.1746,60.429726699654076
2008-06-17 13:00:00,1430253.4218,60.16869668801644
2008-06-17 14:00:00,1434079.0844,60.0717621347227
2008-06-17 15:00:00,1437908.3921,59.896316000574885
2008-06-17 16:00:00,1441742.3848,59.71667207190431
2008-06-17 17:00:00,1445581.2011,59.53294505329127
2008-06-17 18:00:00,1449424.8386,59.353915918900846
2008-06-17 19:00:00,1453273.303,59.17144503959586
2008-06-17 20:00:00,1457126.58,58.990149927673144
2008-06-17 21:00:00,1460984.695,58.80818915188716
2008-06-17 22:00:00,1464847.816,58.622583778345884
2008-06-17 23:00:00,1468715.9561,58.44193551153458
2008-06-18 00:00:00,,58.23199261771509
2008-06-18 01:00:00,1472592.4467,58.02204972389561
2008-06-18 02:00:00,1476488.58,57.33691059950356
2008-06-18 03:00:00,1480407.8903,56.569123675068326
2008-06-18 04:00:00,1484353.1066,55.724927093221446
2008-06-18 05:00:00,1488326.92,54.810217675232394
2008-06-18 06:00:00,1492332.085,53.830196439031745
2008-06-18 07:00:00,1496371.4535,52.78968978365722
2008-06-18 08:00:00,1500447.9133,51.69297217135163
2008-06-18 09:00:00,1504564.5223,50.54394990656112
2008-06-18 10:00:00,,49.944988403046736
2008-06-18 11:00:00,1508724.5055,49.346026899532355
2008-06-18 12:00:00,1512931.2433,48.102575800137146
2008-06-18 13:00:00,1517188.3775,46.81655741428978
2008-06-18 14:00:00,1521499.827,45.490520291827764
2008-06-18 15:00:00,1525869.841,44.127049373712964
2008-06-18 16:00:00,,43.42772554549261
2008-06-18 17:00:00,1530303.0668,42.72840171727226
2008-06-18 18:00:00,1534804.626,41.296733001633065
2008-06-18 19:00:00,1539380.213,39.83426925500821
2008-06-18 20:00:00,1544036.2157,38.3431881368574
2008-06-18 21:00:00,,37.58452851802523
2008-06-18 22:00:00,1548779.897,36.825868899193054
2008-06-18 23:00:00,1553619.6827,35.28496437767066
2008-06-19 00:00:00,1558571.4214,33.303086875970735
2008-06-19 01:00:00,,32.260980132727994
2008-06-19 02:00:00,1563663.1883,31.21887338948525
2008-06-19 03:00:00,1568901.2667,29.2843045979745
2008-06-19 04:00:00,,28.386555845167774
2008-06-19 05:00:00,1574290.3598,27.488807092361043
2008-06-19 06:00:00,1579835.2119,25.822448301262806
2008-06-19 07:00:00,,25.04912681973838
2008-06-19 08:00:00,1585540.8448,24.275805338213956
2008-06-19 09:00:00,,23.558024996005784
2008-06-19 10:00:00,1591412.5989,22.84024465379761
2008-06-19 11:00:00,1597455.9758,21.507559593731685
2008-06-19 12:00:00,,20.888895566390104
2008-06-19 13:00:00,1603676.8139,20.270231539048524
2008-06-19 14:00:00,,19.695691175660972
2008-06-19 15:00:00,1610081.4111,19.12115081227342
2008-06-19 16:00:00,,18.587472919563936
2008-06-19 17:00:00,1616676.486,18.053795026854452
2008-06-19 18:00:00,1623469.2329,17.062139754906333
2008-06-19 19:00:00,,16.75574120931341
2008-06-19 20:00:00,1628120.4343,16.449342663720486
2008-06-19 21:00:00,1632047.2417,15.978488684622684
2008-06-19 22:00:00,,15.55396513521367
2008-06-19 23:00:00,1639301.4827,15.129441585804654
2008-06-20 00:00:00,,14.726749318446032
2008-06-20 01:00:00,1646784.0672,14.324057051087411
2008-06-20 02:00:00,,13.925025435997233
2008-06-20 03:00:00,1654512.4501,13.525993820907054
2008-06-20 04:00:00,,13.182293193942522
2008-06-20 05:00:00,1662511.7712,12.83859256697799
2008-06-20 06:00:00,1666210.466,12.557518652876603
2008-06-20 07:00:00,1668739.52525,12.374663230841437
2008-06-20 08:00:00,1672096.36425,12.137014086311554
2008-06-20 09:00:00,,11.85695196364717
2008-06-20 10:00:00,1679193.3712,11.576889840982785
2008-06-20 11:00:00,,11.216970771536259
2008-06-20 12:00:00,1688096.167,10.857051702089734
2008-06-20 13:00:00,,10.628017947451852
2008-06-20 14:00:00,,10.398984192813968
2008-06-20 15:00:00,1697445.9635,10.169950438176086
2008-06-20 16:00:00,,9.930147232701076
2008-06-20 17:00:00,,9.690344027226068
2008-06-20 18:00:00,1707361.9561,9.450540821751058
2008-06-20 19:00:00,,9.238716387116241
2008-06-20 20:00:00,1714801.216,9.026891952481424
2008-06-20 21:00:00,1718624.0177,8.928211560277415
2008-06-20 22:00:00,1722508.7785,8.83323906820087
2008-06-20 23:00:00,,8.698977264905897
2008-06-21 00:00:00,1729945.4673000001,8.564715461610927
2008-06-21 01:00:00,1733520.4418166669,8.509185380210283
2008-06-21 02:00:00,1737190.6857142858,8.47839132635409
2008-06-21 03:00:00,1740657.50655,8.451456010080125
2008-06-21 04:00:00,1744193.59652,8.408850294816801
2008-06-21 05:00:00,1747757.9641272726,8.366832453017322
2008-06-21 06:00:00,1751345.1945,8.312689916770852
2008-06-21 07:00:00,1754976.7207916668,8.247886527330742
2008-06-21 08:00:00,1758533.17135,8.172946047122704
2008-06-21 09:00:00,1761899.2644999998,8.086059293419469
2008-06-21 10:00:00,1766398.1992,7.909825887196706
2008-06-21 11:00:00,1771007.9088,7.704318277745681
2008-06-21 12:00:00,,7.599914329639751
2008-06-21 13:00:00,1775898.1065,7.495510381533822
2008-06-21 14:00:00,1780986.3384,7.260443694725862
2008-06-21 15:00:00,,7.144316844274561
2008-06-21 16:00:00,1786065.5757,7.0281899938232595
2008-06-21 17:00:00,1791144.0986,6.94705100031967
2008-06-21 18:00:00,1796237.416,6.857600468239283
2008-06-21 19:00:00,,6.8233710150876155
2008-06-21 20:00:00,1801348.6846,6.789141561935948
2008-06-21 21:00:00,1806474.1351,6.659027929584347
2008-06-21 22:00:00,,6.581094375851312
2008-06-21 23:00:00,1811620.3546,6.503160822118278
2008-06-22 00:00:00,1816791.4,6.402507836844443
2008-06-22 01:00:00,,6.389242511520847
2008-06-22 02:00:00,1821983.794,6.375977186197253
2008-06-22 03:00:00,1827190.8262,6.322826819450927
2008-06-22 04:00:00,,6.299119970527125
2008-06-22 05:00:00,1832411.0034,6.275413121603322
2008-06-22 06:00:00,1837643.4715,6.226048804039455
2008-06-22 07:00:00,1842888.0658,6.183010141073939
2008-06-22 08:00:00,,6.1637744182927205
2008-06-22 09:00:00,1848143.8717,6.144538695511502
2008-06-22 10:00:00,1853410.0632,6.108806525931924
2008-06-22 11:00:00,,6.092404424179373
2008-06-22 12:00:00,1858686.0594,6.076002322426821
2008-06-22 13:00:00,1863970.9874,6.04649583539752
2008-06-22 14:00:00,,6.032880865383117
2008-06-22 15:00:00,1869263.9482,6.019265895368713
2008-06-22 16:00:00,1874564.3175,5.994351655963518
2008-06-22 17:00:00,,5.983252871759524
2008-06-22 18:00:00,1879871.3105,5.972154087555531
2008-06-22 19:00:00,1885184.1954,5.9530421329594
2008-06-22 20:00:00,,5.944001074061331
2008-06-22 21:00:00,1890502.3826,5.934960015163263
2008-06-22 22:00:00,1895825.2245,5.918715029200966
2008-06-22 23:00:00,,5.911506545091532
2008-06-23 00:00:00,1901152.415,5.904298060982098
2008-06-23 01:00:00,1906483.243,5.891508122244175
2008-06-23 02:00:00,,5.88562639282498
2008-06-23 03:00:00,1911817.4683,5.879744663405786
2008-06-23 04:00:00,1917154.9825,5.867206757815328
2008-06-23 05:00:00,,5.856132228685247
2008-06-23 06:00:00,1922495.85,5.845057699555166
2008-06-23 07:00:00,1927841.9238,5.831876958551096
2008-06-23 08:00:00,1933191.6104,5.817835188509322
2008-06-23 09:00:00,,5.807713638341275
2008-06-23 10:00:00,1938546.3188,5.797592088173228
2008-06-23 11:00:00,1943905.2502,5.774517724310542
2008-06-23 12:00:00,,5.771266901714012
2008-06-23 13:00:00,1949269.755,5.768016079117481
2008-06-23 14:00:00,1954637.5519,5.7510911769673285
2008-06-23 15:00:00,,5.741267648985519
2008-06-23 16:00:00,1960008.8546,5.731444121003711
2008-06-23 17:00:00,1965384.8822,5.728261333986755
2008-06-23 18:00:00,,5.7189220567632235
2008-06-23 19:00:00,1970763.3744,5.709582779539692
2008-06-23 20:00:00,1976146.1262,5.708025653815583
2008-06-23 21:00:00,,5.693958313509623
2008-06-23 22:00:00,1981531.3955,5.679890973203663
2008-06-23 23:00:00,1986921.9939,5.6795450474023745
2008-06-24 00:00:00,,5.663288104176882
2008-06-24 01:00:00,1992304.7367,5.647031160951389
2008-06-24 02:00:00,1997708.1704,5.630688345422205
2008-06-24 03:00:00,,5.635668411477313
2008-06-24 04:00:00,2003112.9074,5.640648477532421
2008-06-24 05:00:00,2008512.6034,5.6184197735502055
2008-06-24 06:00:00,,5.598049676237601
2008-06-24 07:00:00,2013923.7389,5.577679578924996
2008-06-24 08:00:00,2019348.211,5.574885390869969
2008-06-24 09:00:00,,5.595078191286418
2008-06-24 10:00:00,2024778.1792,5.615270991702867
2008-06-24 11:00:00,2030193.8441,5.690418541449004
2008-06-24 12:00:00,,5.705342433458152
2008-06-24 13:00:00,2035579.0643,5.7202663254673
2008-06-24 14:00:00,2040932.7882,5.794639507368893
2008-06-24 15:00:00,,5.855157523731043
2008-06-24 16:00:00,2046253.0517,5.9156755400931935
2008-06-24 17:00:00,2051530.9128,6.070947851386194
2008-06-24 18:00:00,,6.1694862621774105
2008-06-24 19:00:00,2056756.4381,6.268024672968628
2008-06-24 20:00:00,2061924.3087,6.521363829075675
2008-06-24 21:00:00,,6.641117718918535
2008-06-24 22:00:00,2067023.2211,6.760871608761395
2008-06-24 23:00:00,2072086.572,7.054934952235094
2008-06-25 00:00:00,2076948.2819,7.388587743204003
2008-06-25 01:00:00,,7.606914499754753
2008-06-25 02:00:00,2081747.6669,7.825241256305503
2008-06-25 03:00:00,,7.9970025171165116
2008-06-25 04:00:00,2089998.3917,8.16876377792752
2008-06-25 05:00:00,,8.199489270623676
2008-06-25 06:00:00,,8.23021476331983
2008-06-25 07:00:00,2100660.7728,8.260940256015987
2008-06-25 08:00:00,,8.353255711080713
2008-06-25 09:00:00,,8.445571166145438
2008-06-25 10:00:00,2109965.2135,8.537886621210165
2008-06-25 11:00:00,,8.754775260834421
2008-06-25 12:00:00,2117891.5692,8.97166390045868
2008-06-25 13:00:00,,9.31094152951314
2008-06-25 14:00:00,2124852.7273,9.650219158567603
2008-06-25 15:00:00,2131188.3865,10.557637470061627
2008-06-25 16:00:00,,11.118269893798999
2008-06-25 17:00:00,2137113.5831,11.67890231753637
2008-06-25 18:00:00,,12.329851167123584
2008-06-25 19:00:00,2142764.7515,12.980800016710798
2008-06-25 20:00:00,2148227.4579,14.401691620686153
2008-06-25 21:00:00,,15.114989139441342
2008-06-25 22:00:00,2153555.3474,15.828286658196532
2008-06-25 23:00:00,2158784.7288,17.210029354047528
2008-06-26 00:00:00,,17.86718653372877
2008-06-26 01:00:00,2163940.0482,18.52434371341001
2008-06-26 02:00:00,2169037.5531,19.73732121323809
2008-06-26 03:00:00,2174089.6649,20.866322664601345
2008-06-26 04:00:00,,21.410067737115533
2008-06-26 05:00:00,2179106.2808,21.953812809629717
2008-06-26 06:00:00,2184092.8896,22.559560379920683
2008-06-26 07:00:00,,23.003828653010686
2008-06-26 08:00:00,2189062.5828,23.44809692610069
2008-06-26 09:00:00,2194026.0579,24.454727196225523
2008-06-26 10:00:00,2198991.5631,25.681796728567925
2008-06-26 11:00:00,,25.98190680942456
2008-06-26 12:00:00,2203961.413,26.282016890281202
2008-06-26 13:00:00,2208956.4434,28.41633318930982
2008-06-26 14:00:00,2213957.0188,29.470452798384272
2008-06-26 15:00:00,,29.15571691321368
2008-06-26 16:00:00,2218970.8056,28.84098102804309
2008-06-26 17:00:00,2224043.9562,30.079405442353828
2008-06-26 18:00:00,,30.076889522612074
2008-06-26 19:00:00,2229184.4744,30.074373602870317
2008-06-26 20:00:00,2234368.7397,29.61385239610506
2008-06-26 21:00:00,,29.343908508293993
2008-06-26 22:00:00,2239600.3347,29.073964620482926
2008-06-26 23:00:00,2244887.0873,28.461238707455518
2008-06-27 00:00:00,,27.979190387523193
2008-06-27 01:00:00,2250243.4655,27.497142067590868
2008-06-27 02:00:00,2255693.2495,26.452086356942107
2008-06-27 03:00:00,,25.963049766958523
2008-06-27 04:00:00,2261237.8192,25.47401317697494
2008-06-27 05:00:00,2266877.0742,24.557691183086956
2008-06-27 06:00:00,,24.127950809255548
2008-06-27 07:00:00,2272610.9735,23.698210435424137
2008-06-27 08:00:00,2278439.3737,22.890851633863665
2008-06-27 09:00:00,,22.51125064097012
2008-06-27 10:00:00,2284362.0774,22.13164964807657
2008-06-27 11:00:00,,21.774077364821864
2008-06-27 12:00:00,2290379.2895,21.41650508156716
2008-06-27 13:00:00,2296489.6878,20.791683689154972
2008-06-27 14:00:00,,20.580319413406496
2008-06-27 15:00:00,2302672.5727,20.36895513765802
2008-06-27 16:00:00,,20.220742275563836
2008-06-27 17:00:00,2308910.6894,20.07252941346965
2008-06-27 18:00:00,,19.938231506436054
2008-06-27 19:00:00,2315192.3464,19.803933599402455
2008-06-27 20:00:00,2321517.5565,19.532912834126957
2008-06-27 21:00:00,,19.397987754739066
2008-06-27 22:00:00,2327887.448,19.263062675351176
2008-06-27 23:00:00,,19.11849721907907
2008-06-28 00:00:00,2334304.7441,18.973931762806963
2008-06-28 01:00:00,,18.79451583707769
2008-06-28 02:00:00,2340781.0887,18.615099911348413
2008-06-28 03:00:00,,18.39753436381907
2008-06-28 04:00:00,2347329.8044,18.17996881628973
2008-06-28 05:00:00,2353967.3993,17.719039308879182
2008-06-28 06:00:00,,17.478429432396485
2008-06-28 07:00:00,2360698.4302,17.237819555913788
2008-06-28 08:00:00,,16.974478915390886
2008-06-28 09:00:00,2367539.5842,16.711138274867984
2008-06-28 10:00:00,,16.45390521561686
2008-06-28 11:00:00,2374498.5607,16.196672156365736
2008-06-28 12:00:00,,15.94512334719103
2008-06-28 13:00:00,2381581.7973,15.693574538016327
2008-06-28 14:00:00,,15.447110365382432
2008-06-28 15:00:00,2388794.1103,15.200646192748536
2008-06-28 16:00:00,,14.958744528568994
2008-06-28 17:00:00,2396143.768,14.716842864389452
2008-06-28 18:00:00,,14.479013818558848
2008-06-28 19:00:00,2403637.5249,14.241184772728243
2008-06-28 20:00:00,,14.043634430692054
2008-06-28 21:00:00,2410199.7086,13.846084088655864
2008-06-28 22:00:00,,13.661082523121621
2008-06-28 23:00:00,,13.47608095758738
2008-06-29 00:00:00,2419514.8528,13.291079392053136
2008-06-29 01:00:00,,12.960791806816436
2008-06-29 02:00:00,2427546.9862,12.630504221579736
2008-06-29 03:00:00,,12.549527104449979
2008-06-29 04:00:00,2435728.64,12.468549987320221
2008-06-29 05:00:00,,12.349214423344883
2008-06-29 06:00:00,2443960.3089,12.229878859369546
2008-06-29 07:00:00,,12.193794302833641
2008-06-29 08:00:00,,12.157709746297737
2008-06-29 09:00:00,2452245.7866,12.121625189761833
2008-06-29 10:00:00,,12.093210079728868
2008-06-29 11:00:00,2460572.8496,12.064794969695903
2008-06-29 12:00:00,,12.049828287197993
2008-06-29 13:00:00,2468935.6214,12.034861604700081
2008-06-29 14:00:00,,12.03107679909192
2008-06-29 15:00:00,,12.027291993483761
2008-06-29 16:00:00,2477322.9204,12.0235071878756
2008-06-29 17:00:00,,12.026251213054461
2008-06-29 18:00:00,2485722.4875,12.028995238233323
2008-06-29 19:00:00,,12.036065847048606
2008-06-29 20:00:00,2494120.7846,12.04313645586389
2008-06-29 21:00:00,,12.030352530078872
2008-06-29 22:00:00,,12.017568604293855
2008-06-29 23:00:00,2502522.4288,12.004784678508837
2008-06-30 00:00:00,,11.993089251293046
2008-06-30 01:00:00,2510926.0501,11.981393824077255
2008-06-30 02:00:00,,11.970451441027441
2008-06-30 03:00:00,2519370.2719,11.959509057977627
2008-06-30 04:00:00,,11.960913067349404
2008-06-30 05:00:00,,11.962317076721181
2008-06-30 06:00:00,2527837.1744,11.963721086092958
2008-06-30 07:00:00,,11.956018466472644
2008-06-30 08:00:00,2536297.9199,11.948315846852331
2008-06-30 09:00:00,,11.948958758659819
2008-06-30 10:00:00,2544748.6543,11.949601670467304
2008-06-30 11:00:00,,11.938923740592685
2008-06-30 12:00:00,,11.928245810718067
2008-06-30 13:00:00,2553200.8397,11.917567880843448
2008-06-30 14:00:00,,11.906810612991885
2008-06-30 15:00:00,2561661.0244,11.89605334514032
2008-06-30 16:00:00,,11.938553880128174
2008-06-30 17:00:00,2570082.8959,11.981054415116029
2008-06-30 18:00:00,,12.05623841937138
2008-06-30 19:00:00,,12.131422423626734
2008-06-30 20:00:00,2578389.4321,12.206606427882086
2008-06-30 21:00:00,,12.401100550559175
2008-06-30 22:00:00,2586520.1878,12.595594673236263
2008-06-30 23:00:00,,12.83660357755151
2008-07-01 00:00:00,2594376.3637,13.077612481866757
2008-07-01 01:00:00,,13.400416320782274
2008-07-01 02:00:00,2601844.4645,13.723220159697789
2008-07-01 03:00:00,,14.134598212030266
2008-07-01 04:00:00,2608803.2355,14.545976264362745
2008-07-01 05:00:00,,15.033432053932867
2008-07-01 06:00:00,2615216.9127,15.520887843502987
2008-07-01 07:00:00,,16.081770973761408
2008-07-01 08:00:00,2621135.5016,16.64265410401983
2008-07-01 09:00:00,2626640.7429,17.991830005884932
2008-07-01 10:00:00,,18.760459422441745
2008-07-01 11:00:00,2631812.8326,19.52908883899856
2008-07-01 12:00:00,2636722.3621,21.24126092143329
2008-07-01 13:00:00,2641421.6355,23.133507350533595
2008-07-01 14:00:00,2645949.9211,25.168581236351354
2008-07-01 15:00:00,,26.25340659018167
2008-07-01 16:00:00,2650336.5974,27.338231944011984
2008-07-01 17:00:00,2654603.6367,29.60467691873872
2008-07-01 18:00:00,2658767.9237,31.884468056951967
2008-07-01 19:00:00,2662842.6041,34.21110675610301
2008-07-01 20:00:00,2666838.1009,36.5330856235742
2008-07-01 21:00:00,2670762.3263,38.86333448525033
2008-07-01 22:00:00,2674621.8464,41.1879529934392
2008-07-01 23:00:00,,42.33865845478327
2008-07-02 00:00:00,2678422.11,43.48936391612735
2008-07-02 01:00:00,2682168.0115,45.74820350773048
2008-07-02 02:00:00,2685863.0377,47.913669208844354
2008-07-02 03:00:00,2689510.7986,50.02446256878134
2008-07-02 04:00:00,2693114.9493,52.072228478190965
2008-07-02 05:00:00,2696679.566,54.059213834856514
2008-07-02 06:00:00,2700209.1701,55.984713892504345
2008-07-02 07:00:00,2705444.22855,58.75442811269401
2008-07-02 08:00:00,2710629.6051,61.377233160709224
2008-07-02 09:00:00,2714058.9066,63.01582584425478
2008-07-02 10:00:00,2717470.8714,64.57380865480971
2008-07-02 11:00:00,2720867.6367,66.04912942538162
2008-07-02 12:00:00,2724251.0247,67.43871303687291
2008-07-02 13:00:00,2727622.5392,68.74360779049142
2008-07-02 14:00:00,2730983.46,69.9685205963263
2008-07-02 15:00:00,2734334.8826,71.11777600534901
2008-07-02 16:00:00,2737677.733,72.18953166125759
2008-07-02 17:00:00,2741012.8193,73.19449881503687
2008-07-02 18:00:00,2744340.8636,74.13324776787528
2008-07-02 19:00:00,2747662.4686,75.00776961606184
2008-07-02 20:00:00,2750978.2455,75.82448632691518
2008-07-02 21:00:00,2755941.45165,76.94141061990902
2008-07-02 22:00:00,2760895.3828,77.9554421615859
2008-07-02 23:00:00,2764192.4799,78.57036567280365
2008-07-03 00:00:00,2767486.0496,79.15345834149909
2008-07-03 01:00:00,2770776.2903,79.65287632935497
2008-07-03 02:00:00,2774063.7486,80.08137404791235
2008-07-03 03:00:00,2777349.5654,80.46547475450448
2008-07-03 04:00:00,2780635.4952,80.74667337891874
2008-07-03 05:00:00,2783923.7712,80.719481305386
2008-07-03 06:00:00,2787217.6486,80.43062282698108
2008-07-03 07:00:00,2790521.7629,80.84387780603377
2008-07-03 08:00:00,2795498.5884499997,81.66480118159757
2008-07-03 09:00:00,2800496.4529,82.80294665451476
2008-07-03 10:00:00,2803846.2446,82.43131018017736
2008-07-03 11:00:00,2807216.8779,81.89879900865793
2008-07-03 12:00:00,2810601.811,81.12266956237329
2008-07-03 13:00:00,2814003.0953,80.2279939118933
2008-07-03 14:00:00,2817422.8773,79.22401052831644
2008-07-03 15:00:00,2820863.2443,78.1193960981232
2008-07-03 16:00:00,2824326.3181,76.9217387565728
2008-07-03 17:00:00,2827814.1949,75.63822799658911
2008-07-03 18:00:00,2831329.0279,74.27516651188219
2008-07-03 19:00:00,2834873.032,72.83817892825662
2008-07-03 20:00:00,2838448.477,71.33255439186827
2008-07-03 21:00:00,2842057.7419,69.76285265955697
2008-07-03 22:00:00,2845703.3257,68.13343150462671
2008-07-03 23:00:00,2849387.8655,66.44809288010056
2008-07-04 00:00:00,2853116.912,64.0076017484709
2008-07-04 01:00:00,2856908.4484,61.08532135596886
2008-07-04 02:00:00,2860761.1186,58.541881316498
2008-07-04 03:00:00,2864669.2443,56.35641453663728
2008-07-04 04:00:00,2868616.4833,55.53102956885144
2008-07-04 05:00:00,2872571.0326,55.320549029209076
2008-07-04 06:00:00,,55.233121024100086
2008-07-04 07:00:00,2876531.1335,55.145693018991096
2008-07-04 08:00:00,2880495.6521,54.99274116643687
2008-07-04 09:00:00,2884463.1585,54.872514637192836
2008-07-04 10:00:00,2888432.2563,54.7754275630882
2008-07-04 11:00:00,2892401.301,54.722815303506756
2008-07-04 12:00:00,2896368.6013,54.698270333698304
2008-07-04 13:00:00,2900332.3255,54.72194750656065
2008-07-04 14:00:00,2904290.2164,54.81409065353811
2008-07-04 15:00:00,2908240.1922,54.94741869856878
2008-07-04 16:00:00,2912179.9673,55.15015252474942
2008-07-04 17:00:00,,55.27776539192448
2008-07-04 18:00:00,2916107.2395,55.40537825909955
2008-07-04 19:00:00,2920019.6399,55.72122193949442
2008-07-04 20:00:00,2923915.0055,56.09493949651014
2008-07-04 21:00:00,2927791.4234,56.52227339768139
2008-07-04 22:00:00,2931646.5253,57.034769646356274
2008-07-04 23:00:00,2935478.3624,57.59616657293629
2008-07-05 00:00:00,2939285.6691,58.19380661320679
2008-07-05 01:00:00,2943067.2872,58.7906202743677
2008-07-05 02:00:00,2946822.1093,59.41484828703149
2008-07-05 03:00:00,2950549.6051,60.06435437927345
2008-07-05 04:00:00,2954249.6324,60.72883658413776
2008-07-05 05:00:00,2957923.0074,61.39694983131834
2008-07-05 06:00:00,2961570.3573,62.11146872344652
2008-07-05 07:00:00,2965192.5844,62.851464815695536
2008-07-05 08:00:00,2968790.9629,63.61342001054042
2008-07-05 09:00:00,2972366.5744,64.40213238934895
2008-07-05 10:00:00,2975920.5142,65.2001997117959
2008-07-05 11:00:00,2979453.7957,66.01143634669836
2008-07-05 12:00:00,2982967.4385,66.83965837170113
2008-07-05 13:00:00,2986462.2723,67.67064010904767
2008-07-05 14:00:00,2989939.0456,68.5068622787897
2008-07-05 15:00:00,2993398.4796,69.34702965729105
2008-07-05 16:00:00,2996841.1724,70.19238418308689
2008-07-05 17:00:00,3000267.5674,71.04987416752296
2008-07-05 18:00:00,3003678.1149,71.9028241442224
2008-07-05 19:00:00,3007073.4455,72.7458657505379
2008-07-05 20:00:00,3010453.8478,73.59990858763629
2008-07-05 21:00:00,3013819.7235,74.44935768399543
2008-07-05 22:00:00,3017171.3972,75.29632022448911
2008-07-05 23:00:00,3022171.2301,76.57210469415963
2008-07-06 00:00:00,3027144.1501,77.84407657038793
2008-07-06 01:00:00,3030441.9418,78.70135870405086
2008-07-06 02:00:00,3033726.9109,79.55766282027287
2008-07-06 03:00:00,3036999.2606,80.4289336650941
2008-07-06 04:00:00,3040258.8019,81.30977796337005
2008-07-06 05:00:00,3043505.5031,82.1929065598154
2008-07-06 06:00:00,3046739.2789,83.08412675585485
2008-07-06 07:00:00,3049960.1006,83.97623210124343
2008-07-06 08:00:00,3054765.3014,85.32894249479584
2008-07-06 09:00:00,3059544.4787,86.68558515013285
2008-07-06 10:00:00,3062713.3067,87.6032019426937
2008-07-06 11:00:00,3065869.2784,88.5194960271304
2008-07-06 12:00:00,3069012.4879,89.44291582398411
2008-07-06 13:00:00,3072143.0163,90.37179799726012
2008-07-06 14:00:00,3075261.0197,91.3024682901013
2008-07-06 15:00:00,3079913.1342,92.72397612075366
2008-07-06 16:00:00,3084540.6717,94.14778577085602
2008-07-06 17:00:00,3087609.6348,95.10092237404166
2008-07-06 18:00:00,3090666.6883,96.06152783036072
2008-07-06 19:00:00,3093712.007,97.02732673339146
2008-07-06 20:00:00,3096745.7159,97.99799139493604
2008-07-06 21:00:00,3101273.3234,99.46850031377282
2008-07-06 22:00:00,3105778.4022,100.93807971399039
2008-07-06 23:00:00,3108767.0036,101.92518272874774
2008-07-07 00:00:00,3111744.6591,102.90558307275474
2008-07-07 01:00:00,3114711.5455,103.9430121482505
2008-07-07 02:00:00,3119140.3803,105.59420668517234
2008-07-07 03:00:00,3123546.7828,107.32206833403194
2008-07-07 04:00:00,3126468.2682,108.52942426422261
2008-07-07 05:00:00,3129376.6848,109.75554431831127
2008-07-07 06:00:00,3133711.4746,111.67270098202815
2008-07-07 07:00:00,3138016.9544,113.67636704263596
2008-07-07 08:00:00,3140867.0155,115.048469766739
2008-07-07 09:00:00,3143701.4752,116.47898879622252
2008-07-07 10:00:00,3147921.5376,118.69536291312949
2008-07-07 11:00:00,3152109.5991,121.0135629058028
2008-07-07 12:00:00,3154880.203,122.61923986643394
2008-07-07 13:00:00,3159004.17865,125.08472523259087
2008-07-07 14:00:00,3163096.5545,127.61935632771157
2008-07-07 15:00:00,3165803.8908,129.36124244235648
2008-07-07 16:00:00,3169834.0257,132.04631687494145
2008-07-07 17:00:00,3173833.7796,134.7875143073145
2008-07-07 18:00:00,3176480.3825,136.656741697249
2008-07-07 19:00:00,3180421.06895,139.50398007020704
2008-07-07 20:00:00,3184333.1127,142.40054581201687
2008-07-07 21:00:00,3188210.1974,145.36273174108373
2008-07-07 22:00:00,3192060.0266,148.34683857874802
2008-07-07 23:00:00,3194608.799,150.373541432523
2008-07-08 00:00:00,3198405.9586,153.43654571250255
2008-07-08 01:00:00,3202177.7395,156.3809130620059
2008-07-08 02:00:00,3205919.94245,159.13403212639594
2008-07-08 03:00:00,3209642.2198,161.7651795616554
2008-07-08 04:00:00,3213345.2648,164.22000635660362
2008-07-08 05:00:00,3217036.9624,166.51150470529427
2008-07-08 06:00:00,3220718.3666000003,168.58171509775678
2008-07-08 07:00:00,3224393.9321,170.46044151993192
2008-07-08 08:00:00,3226841.4354,171.59077048333688
2008-07-08 09:00:00,3230509.82925,173.10082898183455
2008-07-08 10:00:00,3234176.3191,174.43886618042296
2008-07-08 11:00:00,3237841.6483,175.57094528128286
2008-07-08 12:00:00,3241506.8627,176.54983846091974
2008-07-08 13:00:00,3245172.8186,177.35437081812756
2008-07-08 14:00:00,3248839.9909,178.0266005031608
2008-07-08 15:00:00,3252509.3954499997,178.54582765949806
2008-07-08 16:00:00,3256181.1184,178.9527013515578
2008-07-08 17:00:00,3259856.3688000003,179.22770353756255
2008-07-08 18:00:00,3263534.9019,179.40724021123157
2008-07-08 19:00:00,3267218.0979500003,179.47293836354282
2008-07-08 20:00:00,3270905.4563,179.4556173745828
2008-07-08 21:00:00,3274598.5042000003,179.34546010943188
2008-07-08 22:00:00,3278296.477,179.16494022500132
2008-07-08 23:00:00,3280765.275,179.00160773856587
2008-07-09 00:00:00,3284474.0282,178.68638668410233
2008-07-09 01:00:00,3288188.4632,178.32920294226048
2008-07-09 02:00:00,3291908.6635499997,177.98156816434425
2008-07-09 03:00:00,3295631.9408,177.64516842613645
2008-07-09 04:00:00,3299357.8890500003,177.32644555481662
2008-07-09 05:00:00,3303085.4023,177.02640295038805
2008-07-09 06:00:00,3306814.41915,176.7499775529557
2008-07-09 07:00:00,3310544.3737,176.49486897111035
2008-07-09 08:00:00,3314275.2205499997,176.26778101364079
2008-07-09 09:00:00,3318006.5912,176.06241119586514
2008-07-09 10:00:00,3320494.429,175.93880277013213
2008-07-09 11:00:00,3324226.41655,175.77571921788945
2008-07-09 12:00:00,3327958.5085,175.63287508441655
2008-07-09 13:00:00,3331690.5486000003,175.5158602599413
2008-07-09 14:00:00,3335422.4108,175.41835629161588
2008-07-09 15:00:00,3339153.8841,175.34498245354058
2008-07-09 16:00:00,3342884.9197,175.2907383200956
2008-07-09 17:00:00,3346615.25335,175.2598381917993
2008-07-09 18:00:00,3350344.8991,175.2476405780278
2008-07-09 19:00:00,3352830.8109,175.24979302132888
2008-07-09 20:00:00,3356558.79125,175.27064061023145
2008-07-09 21:00:00,3360285.793,175.30935634295147
2008-07-09 22:00:00,3364011.4425999997,175.36603085451372
2008-07-09 23:00:00,3367735.9175,175.4379695239575
2008-07-10 00:00:00,3371458.7706500003,175.52521571872944
2008-07-10 01:00:00,3375180.1274,175.70502179407916
2008-07-10 02:00:00,3378898.20935,176.00872783966722
2008-07-10 03:00:00,3382611.8338,176.4087765967788
2008-07-10 04:00:00,3386317.7690500002,176.93299108093615
2008-07-10 05:00:00,3390016.1355,177.56749574728371
2008-07-10 06:00:00,3392475.971,178.07271422149572
2008-07-10 07:00:00,3396156.12855,178.92197184312067
2008-07-10 08:00:00,3399825.9882,179.88426924289908
2008-07-10 09:00:00,3403481.9971,180.97766337632396
2008-07-10 10:00:00,3407126.2888,182.1725861831334
2008-07-10 11:00:00,3410755.2436499996,183.49140750442052
2008-07-10 12:00:00,3414371.4647,184.91007747933136
2008-07-10 13:00:00,3417971.21085,186.45220221769267
2008-07-10 14:00:00,3421557.4955,188.069252265431
2008-07-10 15:00:00,3425126.6152,189.79555078360397
2008-07-10 16:00:00,3428681.7679,191.6185283552286
2008-07-10 17:00:00,3432219.2645,193.51361353461516
2008-07-10 18:00:00,3435742.5569,195.47556744547157
2008-07-10 19:00:00,3439247.9798,197.5387141295405
2008-07-10 20:00:00,3443898.00425,200.36910500607257
2008-07-10 21:00:00,3447367.6241,202.58297429407858
2008-07-10 22:00:00,3450819.31775,204.86266248442053
2008-07-10 23:00:00,3454256.757,207.18295104001598
2008-07-11 00:00:00,3457676.5215,209.5596644045005
2008-07-11 01:00:00,3461082.2751,211.89624817938977
2008-07-11 02:00:00,3464471.46795,214.17018806808503
2008-07-11 03:00:00,3468971.3984,217.11723842672944
2008-07-11 04:00:00,3472334.18,219.2422769104352
2008-07-11 05:00:00,3475686.6862500003,221.2730903296516
2008-07-11 06:00:00,3479031.9505,223.21837252260258
2008-07-11 07:00:00,3482369.05915,225.05764977899742
2008-07-11 08:00:00,3486808.74665,227.3801864195197
2008-07-11 09:00:00,3490131.7088,229.02160459772145
2008-07-11 10:00:00,3493448.4025,230.5706589877954
2008-07-11 11:00:00,3497862.9080499997,232.51855800628397
2008-07-11 12:00:00,3501168.3092,233.90218292567064
2008-07-11 13:00:00,3504468.5842500003,235.20315930511367
2008-07-11 14:00:00,3508862.5586,236.83839825679394
2008-07-11 15:00:00,3512153.51,237.9951772796372
2008-07-11 16:00:00,3515440.1909,239.092181963342
2008-07-11 17:00:00,3518723.6402,240.1421362536885
2008-07-11 18:00:00,3522003.24825,241.13199723196374
2008-07-11 19:00:00,3526371.23225,242.38307841571668
2008-07-11 20:00:00,3529643.7918,243.26687894890026
2008-07-11 21:00:00,3532913.12825,244.10595100079684
2008-07-11 22:00:00,3537268.1816,245.16501612921536
2008-07-11 23:00:00,3540531.5795,245.9156251952752
2008-07-12 00:00:00,3543792.25245,246.62361620516475
2008-07-12 01:00:00,3548136.29665,247.5507500130832
2008-07-12 02:00:00,3551391.5167,248.23847415743194
2008-07-12 03:00:00,3554643.5378,248.92385222597133
2008-07-12 04:00:00,3558974.9148500003,249.84161514972766
2008-07-12 05:00:00,3562219.8114,250.53418805375335
2008-07-12 06:00:00,3565460.9724500002,251.22967190489166
2008-07-12 07:00:00,3569777.4635,252.16429177400542
2008-07-12 08:00:00,3573010.9999,252.8750341256202
2008-07-12 09:00:00,3576240.6826,253.58956142926635
2008-07-12 10:00:00,3580541.7733,254.55325248289574
2008-07-12 11:00:00,3583763.7092,255.2790486131418
2008-07-12 12:00:00,3586981.77785,256.00839946785476
2008-07-12 13:00:00,3591267.3806,256.9900259958155
2008-07-12 14:00:00,3594477.7018,257.73390652004724
2008-07-12 15:00:00,3597684.1411,258.4802453384026
2008-07-12 16:00:00,3601954.2266499996,259.4825995434701
2008-07-12 17:00:00,3605152.9251,260.23564807825915
2008-07-12 18:00:00,3608347.76365,260.99177360968434
2008-07-12 19:00:00,3612602.4080999997,262.0068570986009
2008-07-12 20:00:00,3616850.904,263.0257483974009
2008-07-12 21:00:00,3620033.4364,263.7968517689722
2008-07-12 22:00:00,3623212.13115,264.56864128573045
2008-07-12 23:00:00,3627445.30185,265.59967625878346
2008-07-13 00:00:00,3630616.3714,266.3851919235874
2008-07-13 01:00:00,3633783.687,267.140441437287
2008-07-13 02:00:00,3638002.3543499997,268.10251064359426
2008-07-13 03:00:00,3641163.5484,268.79109694938785
2008-07-13 04:00:00,3644322.39575,269.4397457789945
2008-07-13 05:00:00,3648531.49005,270.25430910290544
2008-07-13 06:00:00,3652737.7066,271.0101454401166
2008-07-13 07:00:00,3655890.7584,271.5409609370191
2008-07-13 08:00:00,3659042.3515999997,272.03540463877306
2008-07-13 09:00:00,3663242.7049000002,272.6531978307707
2008-07-13 10:00:00,3666391.7331,273.0872961920073
2008-07-13 11:00:00,3669539.6314000003,273.491475530264
2008-07-13 12:00:00,3673735.46335,273.9880045908435
2008-07-13 13:00:00,3677929.8322,274.4412158805753
2008-07-13 14:00:00,3681074.7858,274.75567626073916
2008-07-13 15:00:00,3684219.0034499997,275.0461039824179
2008-07-13 16:00:00,3688410.411,275.40565786133413
2008-07-13 17:00:00,3691553.3692,275.65331949524165
2008-07-13 18:00:00,3694695.8030000003,275.8801860231505
2008-07-13 19:00:00,3698885.1108999997,276.1553114464166
2008-07-13 20:00:00,3703073.79795,276.40299218809935
2008-07-13 21:00:00,3706214.9828,276.5725679304676
2008-07-13 22:00:00,3709355.89635,276.72333570569094
2008-07-13 23:00:00,3713543.50595,276.90213367924423
2008-07-14 00:00:00,3717730.87445,277.05443210826616
2008-07-14 01:00:00,3720871.2691,277.16444266048046
2008-07-14 02:00:00,3724011.4195499998,277.26895406766886
2008-07-14 03:00:00,3728197.80785,277.40583120459064
2008-07-14 04:00:00,3731337.1736,277.5089053304953
2008-07-14 05:00:00,3734476.07595,277.61332236021565
2008-07-14 06:00:00,3738660.63465,277.75153735932383
2008-07-14 07:00:00,3742844.4067,277.8904658023774
2008-07-14 08:00:00,3745981.7348,277.9961468057508
2008-07-14 09:00:00,3749118.5561499996,278.1033001260592
2008-07-14 10:00:00,3753300.301,278.24617729928855
2008-07-14 11:00:00,3756436.0958,278.3544069580646
2008-07-14 12:00:00,3759571.38035,278.4625558560812
2008-07-14 13:00:00,3763751.0714499997,278.6079061440963
2008-07-14 14:00:00,3767929.93395,278.7549394625685
2008-07-14 15:00:00,3771063.5595,278.8669737334983
2008-07-14 16:00:00,3774196.6604500003,278.977726491158
2008-07-14 17:00:00,3778373.43255,279.1255723363693
2008-07-14 18:00:00,3782549.3691,279.27499424055725
2008-07-14 19:00:00,3785680.7991,279.3852399835353
2008-07-14 20:00:00,3788811.70515,279.4974239003761
2008-07-14 21:00:00,3792985.5496,279.64682133091503
2008-07-14 22:00:00,3796115.4071,279.76028261693597
2008-07-14 23:00:00,3799244.73125,279.875761849771
2008-07-15 00:00:00,3803416.47965,280.0457899334042
2008-07-15 01:00:00,3807588.0363,280.12253674838234
2008-07-15 02:00:00,3810718.2853,280.07556560158173
2008-07-15 03:00:00,3813852.1966,279.9102967467161
2008-07-15 04:00:00,3818037.43995,279.53569425508914
2008-07-15 05:00:00,3821182.1574,279.1469673923801
2008-07-15 06:00:00,3824333.3302499996,278.6565517653023
2008-07-15 07:00:00,3828545.0816,277.6034571465307
2008-07-15 08:00:00,3832773.1963,274.82238686383664
2008-07-15 09:00:00,3835956.1481,272.4120701349818
2008-07-15 10:00:00,3839151.99015,269.82918062036026
2008-07-15 11:00:00,3843431.5673,266.1870471786187
2008-07-15 12:00:00,3846655.8685,263.32144925369033
2008-07-15 13:00:00,3849895.6627,260.33897516124034
2008-07-15 14:00:00,3854237.17665,256.2238935963945
2008-07-15 15:00:00,3857510.3624,253.0449293183846
2008-07-15 16:00:00,3860801.4199,249.78225537814964
2008-07-15 17:00:00,3865214.4084,245.33493467742278
2008-07-15 18:00:00,3868543.5343,241.93191809688858
2008-07-15 19:00:00,3871892.8696,238.46751224221327
2008-07-15 20:00:00,3875258.9465,234.958292404307
2008-07-15 21:00:00,3878646.6857,231.39693957203633
2008-07-15 22:00:00,3883193.72525,226.5839656878748
2008-07-15 23:00:00,3886627.3244,222.92819409123325
2008-07-16 00:00:00,3890086.4647500003,218.19263719434582
2008-07-16 01:00:00,3893568.8389,213.27487745800678
2008-07-16 02:00:00,3897075.76285,209.95670240312546
2008-07-16 03:00:00,3900591.6514,208.94288938440158
2008-07-16 04:00:00,3904110.89975,208.3058129647805
2008-07-16 05:00:00,3907631.8653,207.73043801585
2008-07-16 06:00:00,3911154.1335,207.2277292102063
2008-07-16 07:00:00,3914676.844,206.7877447700437
2008-07-16 08:00:00,3918199.41805,206.42803035028828
2008-07-16 09:00:00,3921721.3516,206.1383643292127
2008-07-16 10:00:00,3925241.83565,205.93984623963948
2008-07-16 11:00:00,3929932.9064499997,205.7978458382077
2008-07-16 12:00:00,3933448.429,205.7826904905327
2008-07-16 13:00:00,3936960.50575,205.86008948393857
2008-07-16 14:00:00,3940469.3844,206.01044691477722
2008-07-16 15:00:00,3943973.73125,206.25200620756237
2008-07-16 16:00:00,3947474.0504,206.566175544396
2008-07-16 17:00:00,3950968.8660500003,206.96442118807133
2008-07-16 18:00:00,3954458.9249,207.43300251269457
2008-07-16 19:00:00,3957942.60085,207.9843864176459
2008-07-16 20:00:00,3961420.8707,208.59806235694015
2008-07-16 21:00:00,3964892.0518500004,209.28572946275784
2008-07-16 22:00:00,3969510.30435,210.29669566716774
2008-07-16 23:00:00,3972966.237,211.12295352458452
2008-07-17 00:00:00,3976414.1160500003,212.0212982136843
2008-07-17 01:00:00,3979855.4369,212.8925975911024
2008-07-17 02:00:00,3983289.36575,213.72612155697595
2008-07-17 03:00:00,3986718.6648,214.5226666437911
2008-07-17 04:00:00,3990143.6804,215.26562398440595
2008-07-17 05:00:00,3994706.4127,216.16774063282142
2008-07-17 06:00:00,3998126.298,216.7778266359212
2008-07-17 07:00:00,4001544.71025,217.3211223659495
2008-07-17 08:00:00,4004962.2961,217.8087289701522
2008-07-17 09:00:00,4008379.2154,218.23253207213668
2008-07-17 10:00:00,4011795.84,218.60819621835384
2008-07-17 11:00:00,4015212.36195,218.92519857801818
2008-07-17 12:00:00,4019767.96555,219.27605895899876
2008-07-17 13:00:00,4023185.0665,219.4869823498158
2008-07-17 14:00:00,4026602.804,219.64779618762765
2008-07-17 15:00:00,4030021.2019,219.77290232775985
2008-07-17 16:00:00,4033440.6025,219.85350881255636
2008-07-17 17:00:00,4038001.40895,219.90538957800356
2008-07-17 18:00:00,4041423.3769,219.90619146023658
2008-07-17 19:00:00,4044846.8841000004,219.8701480174284
2008-07-17 20:00:00,4048271.7395,219.80651514865428
2008-07-17 21:00:00,4051698.42295,219.70900966460178
2008-07-17 22:00:00,4055126.6784,219.58611017850518
2008-07-17 23:00:00,4058557.02555,219.4345170335959
2008-07-18 00:00:00,4063133.79275,219.19244912936716
2008-07-18 01:00:00,4066568.6807,218.99053049669666
2008-07-18 02:00:00,4070005.8102,218.77318865822247
2008-07-18 03:00:00,4073444.6515,218.54592657540942
2008-07-18 04:00:00,4076885.5911,218.3052206556518
2008-07-18 05:00:00,4080328.2125,218.05486650292693
2008-07-18 06:00:00,4083772.9516000003,217.7962714524853
2008-07-18 07:00:00,4088368.80855,217.43731123362357
2008-07-18 08:00:00,4091817.8921,217.15995785690242
2008-07-18 09:00:00,4095269.2119500004,216.87248959161963
2008-07-18 10:00:00,4098722.3556,216.5785127916668
2008-07-18 11:00:00,4102177.82945,216.27355885300372
2008-07-18 12:00:00,4105635.2009,215.9650798805003
2008-07-18 13:00:00,4109094.98355,215.64955559861357
2008-07-18 14:00:00,4112556.7237,215.32821181505625
2008-07-18 15:00:00,4116020.9577,214.9969520122035
2008-07-18 16:00:00,4120643.31195,214.5507711730604
2008-07-18 17:00:00,4124112.6342,214.20908869226062
2008-07-18 18:00:00,4127584.5633500004,213.86083518006086
2008-07-18 19:00:00,4131058.6053,213.50765999469135
2008-07-18 20:00:00,4134535.3206,213.15005151680032
2008-07-18 21:00:00,4138014.2066,212.78786864142256
2008-07-18 22:00:00,4141495.83695,212.41835342964802
2008-07-18 23:00:00,4144979.695,212.0455497829243
2008-07-19 00:00:00,4148466.3592,211.66768094535996
2008-07-19 01:00:00,4153119.02735,211.15737594722202
2008-07-19 02:00:00,4156611.3534,210.7732818351083
2008-07-19 03:00:00,4160106.48305,210.3862872024706
2008-07-19 04:00:00,4163603.8596,209.99802660409765
2008-07-19 05:00:00,4167104.0492000002,209.60715131925727
2008-07-19 06:00:00,4170606.5039,209.2149598921927
2008-07-19 07:00:00,4174111.79105,208.8222957143837
2008-07-19 08:00:00,4177619.3592,208.42773021869513
2008-07-19 09:00:00,4181129.8014,208.03013129896578
2008-07-19 10:00:00,4184642.5525,207.63188621629476
2008-07-19 11:00:00,4188158.2129499996,207.23234208025514
2008-07-19 12:00:00,4191676.2141,206.8303935654097
2008-07-19 13:00:00,4195197.15475,206.42757552425277
2008-07-19 14:00:00,4199895.69035,205.886483176291
2008-07-19 15:00:00,4203422.5798,205.4781192145075
2008-07-19 16:00:00,4206952.46725,205.0719330484655
2008-07-19 17:00:00,4210484.7612,204.66343962676382
2008-07-19 18:00:00,4214020.0879,204.25376889397205
2008-07-19 19:00:00,4217557.8513,203.8416389151148
2008-07-19 20:00:00,4221098.67815,203.4286532535925
2008-07-19 21:00:00,4224641.9693,203.01499459854332
2008-07-19 22:00:00,4228188.3563,202.59965559872734
2008-07-19 23:00:00,4231737.2318,202.1845076547387
2008-07-20 00:00:00,4235289.217800001,201.75995280941112
2008-07-20 01:00:00,4238843.5428,201.3603351897175
2008-07-20 02:00:00,4242399.6576,201.01626242614313
2008-07-20 03:00:00,4245956.152,200.72294613773653
2008-07-20 04:00:00,4249512.1691,200.50131041941899
2008-07-20 05:00:00,4253067.1992,200.3401215051572
2008-07-20 06:00:00,4256620.3564,200.25613101113203
2008-07-20 07:00:00,4260171.5566,200.23511239654286
2008-07-20 08:00:00,4263719.77925,200.29328642179092
2008-07-20 09:00:00,4267265.217,200.4147220602071
2008-07-20 10:00:00,4270806.6997,200.6124432965044
2008-07-20 11:00:00,4275522.7229,200.974259161276
2008-07-20 12:00:00,4279054.88,201.31604610521038
2008-07-20 13:00:00,4282581.731249999,201.72898523312685
2008-07-20 14:00:00,4286104.0441,202.1996655129471
2008-07-20 15:00:00,4289620.33815,202.73509440878593
2008-07-20 16:00:00,4293131.5824,203.32005773291473
2008-07-20 17:00:00,4296636.2267,203.969866094557
2008-07-20 18:00:00,4300135.3664,204.66266045829656
2008-07-20 19:00:00,4303627.3816,205.4168203385143
2008-07-20 20:00:00,4307113.5305,206.21100294451514
2008-07-20 21:00:00,4310592.13955,207.0563598848795
2008-07-20 22:00:00,4315219.953199999,208.2476426435498
2008-07-20 23:00:00,4318682.8887,209.19615609635008
2008-07-21 00:00:00,4322137.72775,210.18546217495734
2008-07-21 01:00:00,4325586.0408,211.16555191871365
2008-07-21 02:00:00,4329026.65295,212.12905470295163
2008-07-21 03:00:00,4332461.7949,213.07852824763833
2008-07-21 04:00:00,4335890.9032499995,214.00429329249795
2008-07-21 05:00:00,4340455.9381,215.20210361440218
2008-07-21 06:00:00,4343874.81,216.07279926113543
2008-07-21 07:00:00,4347289.15905,216.9074387353735
2008-07-21 08:00:00,4350700.092,217.71947448938332
2008-07-21 09:00:00,4354106.948100001,218.50501607954538
2008-07-21 10:00:00,4357510.6722,219.26512828969254
2008-07-21 11:00:00,4360910.6535,219.99360393077598
2008-07-21 12:00:00,4365439.1895,220.92864785415034
2008-07-21 13:00:00,4368832.1368,221.6012018685777
2008-07-21 14:00:00,4372221.76465,222.25747620592668
2008-07-21 15:00:00,4375608.801,222.89595260609596
2008-07-21 16:00:00,4378992.703749999,223.50840120935123
2008-07-21 17:00:00,4383500.556399999,224.29719062088913
2008-07-21 18:00:00,4386878.5205,224.8707826830004
2008-07-21 19:00:00,4390253.6593,225.42580519189917
2008-07-21 20:00:00,4393626.5988,225.96658115594593
2008-07-21 21:00:00,4396996.85785,226.49072076168952
2008-07-21 22:00:00,4401487.0647,227.16877332199846
2008-07-21 23:00:00,4404852.186,227.66388463087566
2008-07-22 00:00:00,4408214.8345,228.13919079606688
2008-07-22 01:00:00,4411575.4887,228.64951621445343
2008-07-22 02:00:00,4414932.9492,229.2224889887117
2008-07-22 03:00:00,4419403.58145,230.0641498482882
2008-07-22 04:00:00,4422751.1721,230.75847399475396
2008-07-22 05:00:00,4426092.61255,231.5277478179114
2008-07-22 06:00:00,4429428.7082,232.3535341053831
2008-07-22 07:00:00,4432757.76535,233.24054635358027
2008-07-22 08:00:00,4437186.65515,234.51776896510066
2008-07-22 09:00:00,4440500.6528,235.5416512931894
2008-07-22 10:00:00,4443806.71925,236.6299600999355
2008-07-22 11:00:00,4448203.9286,238.1660526418645
2008-07-22 12:00:00,4451493.506,239.374426761513
2008-07-22 13:00:00,4454774.61155,240.6306808269378
2008-07-22 14:00:00,4459137.92795,242.3824232970549
2008-07-22 15:00:00,4462401.6805,243.74499077224448
2008-07-22 16:00:00,4465656.6239,245.14594571401435
2008-07-22 17:00:00,4469984.7097,247.07103608220098
2008-07-22 18:00:00,4473221.84,248.55811292202603
2008-07-22 19:00:00,4476449.95655,250.09053211311857
2008-07-22 20:00:00,4480742.02015,252.18906793998121
2008-07-22 21:00:00,4483951.9952,253.7876705531334
2008-07-22 22:00:00,4487152.89445,255.4155818263177
2008-07-22 23:00:00,4491408.6638,257.6251270172115
2008-07-23 00:00:00,4494591.4455,259.3370452247029
2008-07-23 01:00:00,4497765.32385,260.94695703762204
2008-07-23 02:00:00,4501987.3390500005,262.9336498546279
2008-07-23 03:00:00,4505148.6429,264.29263971471727
2008-07-23 04:00:00,4508306.87545,265.5012937162706
2008-07-23 05:00:00,4512515.729,266.9102174372686
2008-07-23 06:00:00,4516723.63815,268.0787113473444
2008-07-23 07:00:00,4519879.7417,268.8087404619861
2008-07-23 08:00:00,4523036.601399999,269.40142468347466
2008-07-23 09:00:00,4527247.38915,270.02268061761674
2008-07-23 10:00:00,4530407.0679,270.36974620712056
2008-07-23 11:00:00,4533568.7137,270.60367580645584
2008-07-23 12:00:00,4537787.33325,270.77864553396455
2008-07-23 13:00:00,4542010.18095,270.7999773960179
2008-07-23 14:00:00,4545180.2664,270.72615024989636
2008-07-23 15:00:00,4548353.584100001,270.57464057574487
2008-07-23 16:00:00,4552589.3349,270.2715216695904
2008-07-23 17:00:00,4555769.8677,269.9755244027592
2008-07-23 18:00:00,4558954.35375,269.61699859909066
2008-07-23 19:00:00,4563205.8934,269.06181105907183
2008-07-23 20:00:00,4566398.8965,268.5942128523225
2008-07-23 21:00:00,4569596.446,268.0777656052619
2008-07-23 22:00:00,4573866.1518,267.3304120366179
2008-07-23 23:00:00,4577073.3333,266.72187168595246
2008-07-24 00:00:00,4580285.6254,266.0291122573079
2008-07-24 01:00:00,4584573.48825,265.04774711761735
2008-07-24 02:00:00,4588864.1259,264.2025545843213
2008-07-24 03:00:00,4592082.9161,263.65437249169025
2008-07-24 04:00:00,4595301.8379,263.1905545508988
2008-07-24 05:00:00,4599593.1117,262.6928492308263
2008-07-24 06:00:00,4602810.6171,262.4131227681189
2008-07-24 07:00:00,4606026.6325,262.2289285497791
2008-07-24 08:00:00,4610311.97165,262.11342153956434
2008-07-24 09:00:00,4613523.5414,262.123799048622
2008-07-24 10:00:00,4616732.196049999,262.2313826639031
2008-07-24 11:00:00,4621005.89865,262.50610365772025
2008-07-24 12:00:00,4624207.4228,262.80526321983484
2008-07-24 13:00:00,4627404.7863,263.1963043432048
2008-07-24 14:00:00,4631661.8861,263.8328141176447
2008-07-24 15:00:00,4634849.8662,264.3996583038347
2008-07-24 16:00:00,4638032.6472,265.0501426839304
2008-07-24 17:00:00,4642269.04135,266.01546329516384
2008-07-24 18:00:00,4646496.2169,267.1047825683587
2008-07-24 19:00:00,4649660.5661,267.9987323515782
2008-07-24 20:00:00,4652818.6443,268.96434672312057
2008-07-24 21:00:00,4657020.76325,270.3388735619392
2008-07-24 22:00:00,4660165.6939,271.43135206737816
2008-07-24 23:00:00,4663303.8196,272.57849783537335
2008-07-25 00:00:00,4667478.7431499995,274.1965829097282
2008-07-25 01:00:00,4671642.86985,275.72834277981576
2008-07-25 02:00:00,4674760.8687,276.7579652683192
2008-07-25 03:00:00,4677876.4253,277.6551578598163
2008-07-25 04:00:00,4682029.9486,278.64982392783253
2008-07-25 05:00:00,4685145.8673,279.2403020489697
2008-07-25 06:00:00,4688263.534150001,279.6790650803108
2008-07-25 07:00:00,4692423.6892,280.07058576525316
2008-07-25 08:00:00,4696588.62615,280.2494395068636
2008-07-25 09:00:00,4699715.7743,280.25720733855127
2008-07-25 10:00:00,4702846.77,280.15245495807244
2008-07-25 11:00:00,4707027.02645,279.87571405746024
2008-07-25 12:00:00,4711214.5222,279.4526242892896
2008-07-25 13:00:00,4714359.9787,279.0535945550529
2008-07-25 14:00:00,4717510.55605,278.58130035825377
2008-07-25 15:00:00,4721718.5349,277.8683064101974
2008-07-25 16:00:00,4724880.269,277.266117834748
2008-07-25 17:00:00,4728049.8498,275.5517969843852
2008-07-25 18:00:00,4732291.262499999,272.3029046979839
2008-07-25 19:00:00,4735484.5032,269.808986003237
2008-07-25 20:00:00,4738690.3708999995,267.2642653329066
2008-07-25 21:00:00,4742982.27055,263.81046207637723
2008-07-25 22:00:00,4747295.744349999,260.2921899674545
2008-07-25 23:00:00,4750544.7541,257.6174941416924
2008-07-26 00:00:00,4753808.21745,254.60847810741112
2008-07-26 01:00:00,4757078.3933,253.50396386826668
2008-07-26 02:00:00,4760349.54325,252.90706391458804
2008-07-26 03:00:00,4764709.255249999,252.36219506808985
2008-07-26 04:00:00,4767975.9839,252.16844362442674
2008-07-26 05:00:00,4771237.79985,252.2101426709229
2008-07-26 06:00:00,4775578.02795,252.58974352743738
2008-07-26 07:00:00,4778825.167,253.12701797178306
2008-07-26 08:00:00,4782062.7471,253.91920899773373
2008-07-26 09:00:00,4786364.9713,255.2955138926477
2008-07-26 10:00:00,4789579.6597,256.57236144488274
2008-07-26 11:00:00,4792781.290100001,258.09286307904324
2008-07-26 12:00:00,4797031.4092999995,260.41932453810045
2008-07-26 13:00:00,4801257.8135,263.0951581772912
2008-07-26 14:00:00,4804412.1155,265.30152271890097
2008-07-26 15:00:00,4807550.386,267.71653899334586
2008-07-26 16:00:00,4811712.79235,271.1711492295439
2008-07-26 17:00:00,4814817.8779,273.9323228387088
2008-07-26 18:00:00,4817905.981699999,276.8655554322464
2008-07-26 19:00:00,4822000.61085,280.98343244032105
2008-07-26 20:00:00,4826067.6888500005,285.33811308886004
2008-07-26 21:00:00,4830107.1541,289.9105477167428
2008-07-26 22:00:00,4833119.5285,293.46879248397266
2008-07-26 23:00:00,4836114.7765,297.1274959829172
2008-07-27 00:00:00,4840085.7656,302.161984176557
2008-07-27 01:00:00,4844029.86775,307.2990222267494
2008-07-27 02:00:00,4847948.1492,312.5005318208192
2008-07-27 03:00:00,4850871.5965,316.41367718845663
2008-07-27 04:00:00,4853780.5331,320.33192876457883
2008-07-27 05:00:00,4857640.48015,325.59501587716466
2008-07-27 06:00:00,4861478.76395,330.84138110629823
2008-07-27 07:00:00,4865296.0988,336.07778267458
2008-07-27 08:00:00,4869093.068499999,341.294976554772
2008-07-27 09:00:00,4872870.2115,346.50486785412386
2008-07-27 10:00:00,4876627.98045,351.7102499432189
2008-07-27 11:00:00,4880366.88115,356.87302987575185
2008-07-27 12:00:00,4884087.379550001,362.0207265069518
2008-07-27 13:00:00,4887789.86785,367.1689885622502
2008-07-27 14:00:00,4891474.75695,372.27550608991544
2008-07-27 15:00:00,4894227.657,376.1084310691261
2008-07-27 16:00:00,4896969.9737,379.9322115787256
2008-07-27 17:00:00,4900612.5435,385.0269487407388
2008-07-27 18:00:00,4904238.8047,390.08153780669545
2008-07-27 19:00:00,4907849.1337,395.11960913576274
2008-07-27 20:00:00,4911443.8421,400.14574042821505
2008-07-27 21:00:00,4915023.266100001,405.1393179107
2008-07-27 22:00:00,4918587.72425,410.13459298114674
2008-07-27 23:00:00,4923021.906066666,416.3524545076206
2008-07-28 00:00:00,4927435.13195,422.5513486757281
2008-07-28 01:00:00,4930948.4241,427.7663651944192
2008-07-28 02:00:00,4934444.1157,433.31933102270614
2008-07-28 03:00:00,4937919.72515,439.23405677401627
2008-07-28 04:00:00,4941373.8469,445.50345088592576
2008-07-28 05:00:00,4944805.7585,452.16590637753694
2008-07-28 06:00:00,4948215.12465,459.1421175317171
2008-07-28 07:00:00,4951601.85485,466.48204328360293
2008-07-28 08:00:00,4954965.9544,474.14058557253
2008-07-28 09:00:00,4959138.336766667,484.09346157991786
2008-07-28 10:00:00,4963278.366,494.4268698548858
2008-07-28 11:00:00,4966564.85885,502.9715891588057
2008-07-28 12:00:00,4969829.8339,511.7195190901133
2008-07-28 13:00:00,4973073.6488499995,520.6224453259647
2008-07-28 14:00:00,4977098.2102333335,531.9664740452553
2008-07-28 15:00:00,4981093.200449999,543.5520313674687
2008-07-28 16:00:00,4984266.0302,552.9610622648487
2008-07-28 17:00:00,4987419.4385,562.5167969076501
2008-07-28 18:00:00,4991333.529800001,574.5825885673395
2008-07-28 19:00:00,4995220.5943,586.7912790335517
2008-07-28 20:00:00,4998309.1622,596.6117544886424
2008-07-28 21:00:00,5002144.250466666,608.9470068468318
2008-07-28 22:00:00,5005954.36145,621.3172864964947
2008-07-28 23:00:00,5008982.99045,631.2377992241982
2008-07-29 00:00:00,5012745.143866667,643.697822824817
2008-07-29 01:00:00,5016484.2246,656.2199315743874
2008-07-29 02:00:00,5020197.7196,668.7175908827503
2008-07-29 03:00:00,5023889.494750001,681.2113425873104
2008-07-29 04:00:00,5027557.1570666665,693.7213673526172
2008-07-29 05:00:00,5031204.290349999,706.2197885406965
2008-07-29 06:00:00,5034828.6159,718.6665411370569
2008-07-29 07:00:00,5038433.5114,731.098639809433
2008-07-29 08:00:00,5042018.9978,743.4727375379958
2008-07-29 09:00:00,5045599.54755,755.8383246073281
2008-07-29 10:00:00,5049180.686333333,768.2297161501612
2008-07-29 11:00:00,5052762.4429,780.6470236556668
2008-07-29 12:00:00,5056344.8878999995,793.0744532183379
2008-07-29 13:00:00,5059927.91335,805.4660028990247
2008-07-29 14:00:00,5063511.572433334,817.8756177108826
2008-07-29 15:00:00,5067095.79015,830.351193124854
2008-07-29 16:00:00,5070680.630433333,842.789482464239
2008-07-29 17:00:00,5074265.9919,855.2321578394061
2008-07-29 18:00:00,5077851.927666667,867.6639093878374
2008-07-29 19:00:00,5081438.3574,880.1331428780231
2008-07-29 20:00:00,5085025.3369,892.5922675455404
2008-07-29 21:00:00,5088612.787900001,905.0707499370878
2008-07-29 22:00:00,5092200.7668,917.5484866498919
2008-07-29 23:00:00,5095789.1858,929.9755867499678
2008-07-30 00:00:00,5099378.090066667,942.4682518846947
2008-07-30 01:00:00,5102967.422,955.0063390304597
2008-07-30 02:00:00,5106557.206266667,967.5381800932737
2008-07-30 03:00:00,5110147.37225,980.1178498229291
2008-07-30 04:00:00,5113737.958733334,992.6989457613182
2008-07-30 05:00:00,5117328.9029,1005.29762371687
2008-07-30 06:00:00,5120920.253966667,1017.916501184476
2008-07-30 07:00:00,5124511.9592,1030.5827436220234
2008-07-30 08:00:00,5128104.0676,1043.2714760043548
2008-07-30 09:00:00,5131696.52165,1055.9465855386477
2008-07-30 10:00:00,5135289.355366667,1068.6180675988282
2008-07-30 11:00:00,5138882.52675,1081.3669773398146
2008-07-30 12:00:00,5142476.074733333,1094.0857795257753
2008-07-30 13:00:00,5146069.94565,1106.811606486654
2008-07-30 14:00:00,5149664.175133334,1119.5456912183345
2008-07-30 15:00:00,5153258.7173,1132.290020348017
2008-07-30 16:00:00,5156853.606766666,1145.0584649805855
2008-07-30 17:00:00,5160448.80015,1157.8528280042135
2008-07-30 18:00:00,5164044.336399999,1170.6304705424554
2008-07-30 19:00:00,5167640.1625500005,1183.4293959774047
2008-07-30 20:00:00,5171236.320833334,1196.2474518013405
2008-07-30 21:00:00,5174832.76435,1209.0475619037895
2008-07-30 22:00:00,5178429.5274,1221.8980811551053
2008-07-30 23:00:00,5182026.57025,1234.7388176783888
2008-07-31 00:00:00,5185623.937533333,1247.6266849330166
2008-07-31 01:00:00,5189221.7869,1260.2855395997572
2008-07-31 02:00:00,5192820.8128,1272.4435099415275
2008-07-31 03:00:00,5196421.1536,1284.1337776360938
2008-07-31 04:00:00,5200023.0147,1295.2935964945416
2008-07-31 05:00:00,5203626.12765,1305.9696653013903
2008-07-31 06:00:00,5207230.562299999,1316.1890132154583
2008-07-31 07:00:00,5210836.06855,1326.0713174043851
2008-07-31 08:00:00,5214442.702,1335.501246413078
2008-07-31 09:00:00,5218050.23415,1344.5987139800409
2008-07-31 10:00:00,5221658.721133334,1353.3867011618768
2008-07-31 11:00:00,5225267.979350001,1361.871453831407
2008-07-31 12:00:00,5228878.048966666,1370.0792379568131
2008-07-31 13:00:00,5232488.77845,1378.0381156562728
2008-07-31 14:00:00,5236100.204733334,1385.7581991189727
2008-07-31 15:00:00,5239712.1981,1393.2553611027918
2008-07-31 16:00:00,5243324.792633333,1400.5428463811875
2008-07-31 17:00:00,5246937.87445,1407.6407161822265
2008-07-31 18:00:00,5250551.473233334,1414.5472894932773
2008-07-31 19:00:00,5254165.49565,1421.3154859890328
2008-07-31 20:00:00,5257779.968966667,1427.9127385289096
2008-07-31 21:00:00,5261394.8071,1434.35301260439
2008-07-31 22:00:00,5265010.037466667,1440.6906527379858
2008-07-31 23:00:00,5268625.59175,1446.9070653584795
2008-08-01 00:00:00,5272241.5004,1452.9903849417442
2008-08-01 01:00:00,5275857.87125,1458.8364708125655
2008-08-01 02:00:00,5279475.129366667,1464.2604080739172
2008-08-01 03:00:00,5283093.2676,1469.3321757296064
2008-08-01 04:00:00,5286712.3851666665,1473.990856767651
2008-08-01 05:00:00,5290332.30875,1478.3239730607484
2008-08-01 06:00:00,5293953.092033333,1482.290154713591
2008-08-01 07:00:00,5297574.576099999,1485.9731425439466
2008-08-01 08:00:00,5301196.8077,1489.340115297334
2008-08-01 09:00:00,5304819.65085,1492.461148986103
2008-08-01 10:00:00,5308443.146866667,1495.3152433686216
2008-08-01 11:00:00,5312067.17805,1497.9416750918942
2008-08-01 12:00:00,5315691.781666667,1500.3327033510125
2008-08-01 13:00:00,5319316.8542,1502.5316241767737
2008-08-01 14:00:00,5322942.430066667,1504.515849448552
2008-08-01 15:00:00,5326568.41945,1506.3378045439845
2008-08-01 16:00:00,5329469.52435,1507.672134760284
2008-08-01 17:00:00,5333096.274466666,1509.186502179995
2008-08-01 18:00:00,5336723.372850001,1510.5503390255853
2008-08-01 19:00:00,5340350.845766666,1511.7567798760983
2008-08-01 20:00:00,5343978.6277,1512.845881204331
2008-08-01 21:00:00,5347606.7428,1513.794496879552
2008-08-01 22:00:00,5351235.1328,1514.6341627717768
2008-08-01 23:00:00,5354863.819200001,1515.3551174393017
2008-08-02 00:00:00,5358492.7644,1516.0032458348255
2008-08-02 01:00:00,5362122.3896,1516.3569816866639
2008-08-02 02:00:00,5365753.11105,1516.264891459845
2008-08-02 03:00:00,5369385.1768333325,1515.6536959864636
2008-08-02 04:00:00,5373018.3741999995,1514.619261739233
2008-08-02 05:00:00,5376652.872599999,1513.1158120174975
2008-08-02 06:00:00,5380288.7805,1511.1989971476323
2008-08-02 07:00:00,5383926.3224,1508.8083699132312
2008-08-02 08:00:00,5387565.20235,1505.9837121628775
2008-08-02 09:00:00,5391205.5068666665,1502.4585005624638
2008-08-02 10:00:00,5394846.8969,1495.9440155229768
2008-08-02 11:00:00,5398488.6526,1485.5306496820785
2008-08-02 12:00:00,5402130.4084,1475.1164160494955
2008-08-02 13:00:00,5405043.8133000005,1466.7846131734461
2008-08-02 14:00:00,5408685.5706,1456.3692380144084
2008-08-02 15:00:00,5412327.3281,1445.9539717659302
2008-08-02 16:00:00,5415969.085733333,1435.5404309906905
2008-08-02 17:00:00,5419610.84375,1425.1285574999379
2008-08-02 18:00:00,5423252.602,1414.7135437724603
2008-08-02 19:00:00,5426894.36015,1404.2978548635558
2008-08-02 20:00:00,5430536.1184,1393.8833810494634
2008-08-02 21:00:00,5434177.87665,1383.468198363461
2008-08-02 22:00:00,5437819.634966667,1373.0532993518093
2008-08-02 23:00:00,5441461.393300001,1362.6381082008143
2008-08-03 00:00:00,5445103.1481,1353.5950810685463
2008-08-03 01:00:00,5448744.89925,1345.9410986589673
2008-08-03 02:00:00,5452386.650466667,1338.2871853311456
2008-08-03 03:00:00,5456028.40165,1330.632478399672
2008-08-03 04:00:00,5459670.1529,1322.9793114171682
2008-08-03 05:00:00,5463311.90405,1315.324906053224
2008-08-03 06:00:00,5466225.305050001,1309.2019055643646
2008-08-03 07:00:00,5469867.0563,1301.5476695216396
2008-08-03 08:00:00,5473508.80765,1293.894711303219
2008-08-03 09:00:00,5477150.560199999,1286.2518549337299
2008-08-03 10:00:00,5480792.3144499995,1278.602900180263
2008-08-03 11:00:00,5484434.069033333,1270.9490607824553
2008-08-03 12:00:00,5488075.8236,1263.2934752681845
2008-08-03 13:00:00,5491717.5781333335,1255.6406749840792
2008-08-03 14:00:00,5495359.3327,1247.9850820297838
2008-08-03 15:00:00,5499001.087266666,1240.3321150498298
2008-08-03 16:00:00,5502642.8418499995,1232.678367382544
2008-08-03 17:00:00,5506284.5964,1225.0233664821176
2008-08-03 18:00:00,5509926.351,1217.3697720252824
2008-08-03 19:00:00,5513568.105566666,1209.7146254777033
2008-08-03 20:00:00,5517209.8602,1202.0615557085498
2008-08-03 21:00:00,5520851.614766667,1194.4075790957133
2008-08-03 22:00:00,5524493.36985,1186.756584146465
2008-08-03 23:00:00,5528135.1253,1179.1030692299469
2008-08-04 00:00:00,5531776.77455,1173.1214666196925
2008-08-04 01:00:00,5534689.8782,1169.9619606981912
2008-08-04 02:00:00,5538331.091133334,1166.3347381859483
2008-08-04 03:00:00,5541972.18085,1162.8930951247717
2008-08-04 04:00:00,5545613.163233333,1159.599975215381
2008-08-04 05:00:00,5549254.0722,1156.3785982410836
2008-08-04 06:00:00,5552894.912233333,1153.2303678941169
2008-08-04 07:00:00,5556535.70415,1150.1360196074593
2008-08-04 08:00:00,5560176.452833333,1147.096919335708
2008-08-04 09:00:00,5563817.1701,1144.075914425685
2008-08-04 10:00:00,5567457.856066667,1141.0745708192824
2008-08-04 11:00:00,5571098.51965,1138.108638123176
2008-08-04 12:00:00,5574739.166533333,1135.1868823548286
2008-08-04 13:00:00,5578379.80405,1132.2799126698228
2008-08-04 14:00:00,5582020.434666666,1129.3801157716123
2008-08-04 15:00:00,5585661.0614,1126.489158000956
2008-08-04 16:00:00,5589301.6843,1123.6158087117708
2008-08-04 17:00:00,5592942.30705,1120.748725420745
2008-08-04 18:00:00,5595854.8069,1118.45806208811
2008-08-04 19:00:00,5599495.4346,1115.6120790157238
2008-08-04 20:00:00,5603136.0678,1112.760293982366
2008-08-04 21:00:00,5606776.706866667,1109.9166130664596
2008-08-04 22:00:00,5610417.3498,1107.0591543884689
2008-08-04 23:00:00,5614057.996800001,1104.2189134105313
2008-08-05 00:00:00,5617698.621750001,1101.3931294759932
2008-08-05 01:00:00,5621338.881999999,1098.7551457353134
2008-08-05 02:00:00,5624978.69145,1096.2923174406433
2008-08-05 03:00:00,5628617.9970333325,1093.987061695226
2008-08-05 04:00:00,5632256.881999999,1091.8265362469028
2008-08-05 05:00:00,5635895.311533333,1089.7959091981893
2008-08-05 06:00:00,5639533.36165,1087.866522657926
2008-08-05 07:00:00,5643170.999633334,1086.0456974164483
2008-08-05 08:00:00,5646808.29455,1084.3130813152488
2008-08-05 09:00:00,5650445.214899999,1082.6635290188708
2008-08-05 10:00:00,5654081.823249999,1081.0869605937708
2008-08-05 11:00:00,5657718.090766667,1079.5847552652879
2008-08-05 12:00:00,5661354.07415,1078.148422751076
2008-08-05 13:00:00,5664262.6427,1077.0413259974666
2008-08-05 14:00:00,5667898.092166667,1075.7123260360293
2008-08-05 15:00:00,5671533.2916,1074.4350873780195
2008-08-05 16:00:00,5675168.217766666,1073.2111635155225
2008-08-05 17:00:00,5678802.9147,1072.0334346739942
2008-08-05 18:00:00,5682437.3802,1070.9083020381383
2008-08-05 19:00:00,5686071.69895,1069.8194571461315
2008-08-05 20:00:00,5689705.865766667,1068.7776267951149
2008-08-05 21:00:00,5693339.9059,1067.7730250351683
2008-08-05 22:00:00,5696973.8078,1066.8094384917104
2008-08-05 23:00:00,5700607.595349999,1065.882398854777
2008-08-06 00:00:00,5704241.277933333,1064.9890477983654
2008-08-06 01:00:00,5707875.09065,1064.067638878461
2008-08-06 02:00:00,5711509.333066667,1063.0361902051598
2008-08-06 03:00:00,5715144.06255,1061.8856066481057
2008-08-06 04:00:00,5718779.442266666,1060.6126977536544
2008-08-06 05:00:00,5722415.368650001,1059.2299344943312
2008-08-06 06:00:00,5726051.8867,1057.7332809744776
2008-08-06 07:00:00,5729688.89415,1056.135003366046
2008-08-06 08:00:00,5733326.429666667,1054.4263931274759
2008-08-06 09:00:00,5736964.401249999,1052.6203192845633
2008-08-06 10:00:00,5739875.10825,1051.099828104242
2008-08-06 11:00:00,5743513.878566667,1049.1007220589586
2008-08-06 12:00:00,5747153.0112,1047.0004303605842
2008-08-06 13:00:00,5750792.526799999,1044.7926750643612
2008-08-06 14:00:00,5754432.3547,1042.546839895682
2008-08-06 15:00:00,5758072.524066667,1040.1689920660356
2008-08-06 16:00:00,5761712.9573,1037.635278612356
2008-08-06 17:00:00,5765353.651066667,1034.9394473622078
2008-08-06 18:00:00,5768994.53765,1032.100559805865
2008-08-06 19:00:00,5772635.606733333,1029.1042061428182
2008-08-06 20:00:00,5776276.80315,1025.9677036912221
2008-08-06 21:00:00,5779918.1087,1022.6851459099111
2008-08-06 22:00:00,5783559.4812,1019.290130223543
2008-08-06 23:00:00,5787200.906766667,1015.8044917287493
2008-08-07 00:00:00,5790842.3981,1012.1294595623838
2008-08-07 01:00:00,5794484.035566666,1007.6973338995767
2008-08-07 02:00:00,5798125.6968,1003.0727446626324
2008-08-07 03:00:00,5801039.0276999995,999.3643887792111
2008-08-07 04:00:00,5804680.6925,994.7267629203543
2008-08-07 05:00:00,5808322.359,990.0907456413586
2008-08-07 06:00:00,5811964.027333333,985.4532663848892
2008-08-07 07:00:00,5815605.70235,980.8561839888255
2008-08-07 08:00:00,5819247.402566667,976.264983509351
2008-08-07 09:00:00,5822889.10685,971.6274252157012
2008-08-07 10:00:00,5826530.8122,966.9882453603446
2008-08-07 11:00:00,5830172.51825,962.3479743797959
2008-08-07 12:00:00,5833814.224800001,957.7072321343961
2008-08-07 13:00:00,5837455.931600001,953.065625212234
2008-08-07 14:00:00,5841097.638766666,948.4240608414915
2008-08-07 15:00:00,5844739.352,943.8260548912557
2008-08-07 16:00:00,5848381.097266667,939.2288971569957
2008-08-07 17:00:00,5852022.844799999,934.587432640238
2008-08-07 18:00:00,5855664.592266667,929.9440050357935
2008-08-07 19:00:00,5859306.3397,925.2998935170733
2008-08-07 20:00:00,5862219.7377,921.5887121811363
2008-08-07 21:00:00,5865861.4851,916.9437893542328
2008-08-07 22:00:00,5869503.2325,912.3033685624687
2008-08-07 23:00:00,5873144.979833334,907.6609889334113
2008-08-08 00:00:00,5876786.727399999,903.2779991839251
2008-08-08 01:00:00,5880428.475433334,899.2614869319336
2008-08-08 02:00:00,5884070.2234000005,895.2465263694877
2008-08-08 03:00:00,5887711.971333333,891.232711020105
2008-08-08 04:00:00,5891353.719149999,887.2138207242516
2008-08-08 05:00:00,5894995.467,883.2013212075881
2008-08-08 06:00:00,5898637.2148,879.1840767151102
2008-08-08 07:00:00,5902278.962499999,875.1713792756855
2008-08-08 08:00:00,5905920.710200001,871.1558534978874
2008-08-08 09:00:00,5909562.457866666,867.1398312923724
2008-08-08 10:00:00,5913204.20555,863.1275191631837
2008-08-08 11:00:00,5916845.953166666,859.1115217336279
2008-08-08 12:00:00,5920487.700750001,855.0953188410697
2008-08-08 13:00:00,5924129.448433333,851.0840072989004
2008-08-08 14:00:00,5927771.19655,847.0695192913092
2008-08-08 15:00:00,5930684.595000001,843.8559482180237
2008-08-08 16:00:00,5934326.342966667,839.8396534800495
2008-08-08 17:00:00,5937968.0909,835.8258096255139
2008-08-08 18:00:00,5941609.838766667,831.809468680326
2008-08-08 19:00:00,5945251.586549999,827.7966969241165
2008-08-08 20:00:00,5948893.334400001,823.7819108331313
2008-08-08 21:00:00,5952535.0821,819.7631941476943
2008-08-08 22:00:00,5956176.829766667,815.7499792849306
2008-08-08 23:00:00,5959818.57735,811.7333306798229
2008-08-09 00:00:00,5963460.2493,808.0641371576253
2008-08-09 01:00:00,5967101.7131,805.1802096777947
2008-08-09 02:00:00,5970743.0575,802.5335124886172
2008-08-09 03:00:00,5974384.34045,799.9777991024487
2008-08-09 04:00:00,5978025.576066666,797.4824621786348
2008-08-09 05:00:00,5981666.78445,795.028898220881
2008-08-09 06:00:00,5985307.974133332,792.6075518572312
2008-08-09 07:00:00,5988949.1529,790.1958364507328
2008-08-09 08:00:00,5991862.090050001,788.2830775493245
2008-08-09 09:00:00,5995503.257333334,785.8892228951757
2008-08-09 10:00:00,5999144.42175,783.5113493165261
2008-08-09 11:00:00,6002785.587766667,781.139022178499
2008-08-09 12:00:00,6006426.75615,778.7749408205784
2008-08-09 13:00:00,6010068.226666667,776.4152616871303
2008-08-09 14:00:00,6013711.7085,774.0722317665745
2008-08-09 15:00:00,6017359.1228,771.7439785958192
2008-08-09 16:00:00,6021010.1175,769.4285143384498
2008-08-09 17:00:00,6024665.220600001,767.1056170205353
2008-08-09 18:00:00,6028323.93165,764.7977286095891
2008-08-09 19:00:00,6031986.769133333,762.4900099715856
2008-08-09 20:00:00,6035653.23605,760.1882981655169
2008-08-09 21:00:00,6039323.866433334,757.8806373747017
2008-08-09 22:00:00,6042998.158949999,755.5765759105773
2008-08-09 23:00:00,6045940.5333,753.7305496062546
2008-08-10 00:00:00,6049622.1572,751.4347383154036
2008-08-10 01:00:00,6053307.1397,749.2633522284852
2008-08-10 02:00:00,6056995.627099999,747.2509436323079
2008-08-10 03:00:00,6060687.03345,745.3404590082889
2008-08-10 04:00:00,6064381.646833333,743.5206646270254
2008-08-10 05:00:00,6068078.99295,741.756819845981
2008-08-10 06:00:00,6071039.00835,740.3878401001336
2008-08-10 07:00:00,6074741.657533333,738.704338992798
2008-08-10 08:00:00,6078446.953199999,736.9906515716159
2008-08-10 09:00:00,6082155.292933334,735.2953529667285
2008-08-10 10:00:00,6085866.267899999,733.6293070924401
2008-08-10 11:00:00,6089580.2208,731.9951057819079
2008-08-10 12:00:00,6093296.75495,730.3841045565282
2008-08-10 13:00:00,6096272.0320999995,729.1092936047371
2008-08-10 14:00:00,6099993.675233333,727.5357045525103
2008-08-10 15:00:00,6103717.850099999,725.9787277255542
2008-08-10 16:00:00,6107444.904800001,724.4384960883948
2008-08-10 17:00:00,6111174.46785,722.9128392684928
2008-08-10 18:00:00,6114160.116599999,721.7011953820779
2008-08-10 19:00:00,6117894.6721,720.1962113232474
2008-08-10 20:00:00,6121631.7145,718.7028393916755
2008-08-10 21:00:00,6125371.592566666,717.2185281102653
2008-08-10 22:00:00,6129113.94785,715.74432991802
2008-08-10 23:00:00,6132859.129066666,714.2790662266208
2008-08-11 00:00:00,6136607.0017,712.8373449277549
2008-08-11 01:00:00,6139609.5145,710.8640548086782
2008-08-11 02:00:00,6143372.2801,705.5159042724546
2008-08-11 03:00:00,6147146.00845,699.5536859859567
2008-08-11 04:00:00,6150174.42395,694.4206740211596
2008-08-11 05:00:00,6153972.548366667,687.6321110655059
2008-08-11 06:00:00,6157783.941,680.5280321090448
2008-08-11 07:00:00,6161611.264333333,673.1313802070708
2008-08-11 08:00:00,6165453.144850001,665.5190508013582
2008-08-11 09:00:00,6168538.716150001,659.2826515940358
2008-08-11 10:00:00,6172411.316366666,651.3347646879653
2008-08-11 11:00:00,6176300.03365,643.2515406011767
2008-08-11 12:00:00,6179424.2776500005,636.6943926950584
2008-08-11 13:00:00,6182560.2111,630.0666773876528
2008-08-11 14:00:00,6186497.638300001,621.690296967228
2008-08-11 15:00:00,6190453.0370000005,613.2324716707174
2008-08-11 16:00:00,6193632.10595,606.4062158266445
2008-08-11 17:00:00,6196824.1435,599.5317693247225
2008-08-11 18:00:00,6200833.584866666,590.8761506255076
2008-08-11 19:00:00,6204862.9085,582.1648799485507
2008-08-11 20:00:00,6208102.67685,575.1482882065952
2008-08-11 21:00:00,6211356.7849,568.0946950537661
2008-08-11 22:00:00,6215445.874766666,559.2227905960716
2008-08-11 23:00:00,6219556.97795,550.3012947483971
2008-08-12 00:00:00,6222864.14255,542.2170801338465
2008-08-12 01:00:00,6226187.286,534.3108426299938
2008-08-12 02:00:00,6229525.12685,527.3046684056869
2008-08-12 03:00:00,6232876.35685,521.061949138038
2008-08-12 04:00:00,6237083.0772,514.1838143670303
2008-08-12 05:00:00,6241304.5466,509.78812110879676
2008-08-12 06:00:00,6244688.8291,507.6317929798945
2008-08-12 07:00:00,6248078.27,505.4714599025949
2008-08-12 08:00:00,6251472.90785,503.3086265407693
2008-08-12 09:00:00,6254872.785150001,501.141161414241
2008-08-12 10:00:00,6258277.9403,498.96858842655274
2008-08-12 11:00:00,6261688.4162,496.79571525306477
2008-08-12 12:00:00,6265104.25365,494.6176794112323
2008-08-12 13:00:00,6269381.938533333,491.8900579481744
2008-08-12 14:00:00,6273667.5831,489.1550689956231
2008-08-12 15:00:00,6277102.5238499995,486.9656644513917
2008-08-12 16:00:00,6280543.0207,484.76961030890436
2008-08-12 17:00:00,6283989.1208999995,482.57348275397806
2008-08-12 18:00:00,6287440.86805,480.371998403008
2008-08-12 19:00:00,6290898.30995,478.1652661506705
2008-08-12 20:00:00,6294361.4934,475.9552577704782
2008-08-12 21:00:00,6297830.46535,473.74211742848166
2008-08-12 22:00:00,6301305.27635,471.52325195890916
2008-08-12 23:00:00,6304785.9736,469.30181320974685
2008-08-13 00:00:00,6308272.492000001,467.16917625653775
2008-08-13 01:00:00,6312636.954066667,465.2741355731244
2008-08-13 02:00:00,6317006.1943,463.6469724473712
2008-08-13 03:00:00,6320505.1241500005,462.40687025132763
2008-08-13 04:00:00,6324006.939300001,461.22914431157716
2008-08-13 05:00:00,6327511.5153,460.0990920019831
2008-08-13 06:00:00,6331018.75715,459.01022781089523
2008-08-13 07:00:00,6334528.58555,457.95797212977163
2008-08-13 08:00:00,6338040.931600001,456.93570194367146
2008-08-13 09:00:00,6341555.73875,455.93957609555525
2008-08-13 10:00:00,6345072.9573,454.9668247803262
2008-08-13 11:00:00,6348592.53985,454.01838876558065
2008-08-13 12:00:00,6352114.4409,453.09289106549954
2008-08-13 13:00:00,6355638.6208,452.18403596831865
2008-08-13 14:00:00,6359165.0483,451.29295739959684
2008-08-13 15:00:00,6362693.6844,450.4211403753869
2008-08-13 16:00:00,6366224.4979,449.5655803455155
2008-08-13 17:00:00,6369757.4613499995,448.7228559113867
2008-08-13 18:00:00,6373292.54885,447.89550751619424
2008-08-13 19:00:00,6376829.733200001,447.08073570642455
2008-08-13 20:00:00,6380368.9897,446.28133661784204
2008-08-13 21:00:00,6383910.290200001,445.49656833898996
2008-08-13 22:00:00,6387453.610099999,444.7239612216415
2008-08-13 23:00:00,6390998.92875,443.96104100735965
2008-08-14 00:00:00,6394546.226,443.2093054557531
2008-08-14 01:00:00,6398983.1115666665,442.2873219187409
2008-08-14 02:00:00,6403422.5235,441.3949315822555
2008-08-14 03:00:00,6406975.9625,440.70734235624354
2008-08-14 04:00:00,6410530.97155,440.04310027647523
2008-08-14 05:00:00,6414087.502900001,439.3980983602439
2008-08-14 06:00:00,6417645.51575,438.7714584353086
2008-08-14 07:00:00,6421204.9723499995,438.16397691272175
2008-08-14 08:00:00,6424765.83335,437.5742387534279
2008-08-14 09:00:00,6428328.0593,437.00350369136146
2008-08-14 10:00:00,6431891.607650001,436.4531802229727
2008-08-14 11:00:00,6435456.4372000005,435.9170031104443
2008-08-14 12:00:00,6439022.5188,435.3967667531315
2008-08-14 13:00:00,6442589.815950001,434.8922098735711
2008-08-14 14:00:00,6446158.299000001,434.4042912491798
2008-08-14 15:00:00,6449727.93255,433.93170458997974
2008-08-14 16:00:00,6453298.6869,433.47188338120543
2008-08-14 17:00:00,6456870.529200001,433.0268774176068
2008-08-14 18:00:00,6460443.43285,432.59377066216086
2008-08-14 19:00:00,6464017.36945,432.1731103474799
2008-08-14 20:00:00,6467592.3094,431.7649536849141
2008-08-14 21:00:00,6471168.22915,431.3694627453411
2008-08-14 22:00:00,6474745.10685,430.9824973552994
2008-08-14 23:00:00,6478322.92295,430.6088965915893
2008-08-15 00:00:00,6481901.649499999,430.24397847115006
2008-08-15 01:00:00,6485481.26725,429.88969122928376
2008-08-15 02:00:00,6489061.7538,429.5442090956479
2008-08-15 03:00:00,6492643.08985,429.20922136660283
2008-08-15 04:00:00,6496225.2527,428.88301864554273
2008-08-15 05:00:00,6499808.224950001,428.56333943125367
2008-08-15 06:00:00,6503391.987199999,428.25358834929614
2008-08-15 07:00:00,6506976.522700001,427.95062894655155
2008-08-15 08:00:00,6510561.8168,427.6563732743472
2008-08-15 09:00:00,6514147.85015,427.37114362817886
2008-08-15 10:00:00,6517734.60455,427.09291735107234
2008-08-15 11:00:00,6521322.07235,426.81816555494356
2008-08-15 12:00:00,6524910.2391,426.55240373016454
2008-08-15 13:00:00,6528499.08515,426.2928880688787
2008-08-15 14:00:00,6532088.60015,426.03845035200993
2008-08-15 15:00:00,6535678.772,425.7895925417752
2008-08-15 16:00:00,6539269.588500001,425.5461891031416
2008-08-15 17:00:00,6542861.03885,425.3066468468512
2008-08-15 18:00:00,6546453.112600001,425.0737568629917
2008-08-15 19:00:00,6550045.79745,424.84483734298766
2008-08-15 20:00:00,6553639.08515,424.6191211630239
2008-08-15 21:00:00,6557232.9651,424.4003790532611
2008-08-15 22:00:00,6560827.427549999,424.1846772167572
2008-08-15 23:00:00,6564422.4640999995,423.9734115479222
2008-08-16 00:00:00,6568018.069599999,423.7708213013524
2008-08-16 01:00:00,6571614.4122,423.5528849688277
2008-08-16 02:00:00,6575212.03395,423.2971410740575
2008-08-16 03:00:00,6578811.318949999,422.99522728642506
2008-08-16 04:00:00,6582412.4582,422.6502473946473
2008-08-16 05:00:00,6586015.5767,422.2626562251544
2008-08-16 06:00:00,6589620.775049999,421.8331282387164
2008-08-16 07:00:00,6593228.145,421.3660795666254
2008-08-16 08:00:00,6596837.77445,420.86080640842806
2008-08-16 09:00:00,6600449.75035,420.3235026606924
2008-08-16 10:00:00,6604064.1504999995,419.75029864096024
2008-08-16 11:00:00,6607681.05775,419.1448398979006
2008-08-16 12:00:00,6611300.54655,418.5073024984265
2008-08-16 13:00:00,6614922.69235,417.84151355322365
2008-08-16 14:00:00,6618547.566500001,417.14612495082736
2008-08-16 15:00:00,6622175.244349999,416.4234663221336
2008-08-16 16:00:00,6625805.7916,415.67533496909016
2008-08-16 17:00:00,6629439.2771499995,414.8999061702967
2008-08-16 18:00:00,6633075.767,414.1014917496599
2008-08-16 19:00:00,6636715.3271,413.27795411436955
2008-08-16 20:00:00,6640358.02225,412.4308245862484
2008-08-16 21:00:00,6644003.9202,411.559461645131
2008-08-16 22:00:00,6647653.08285,410.6682605319754
2008-08-16 23:00:00,6651305.56895,409.7536214233694
2008-08-17 00:00:00,6654961.42065,408.81281053215935
2008-08-17 01:00:00,6658620.32955,407.86674571009166
2008-08-17 02:00:00,6662281.87655,406.947245590137
2008-08-17 03:00:00,6665945.9172,406.0534247991969
2008-08-17 04:00:00,6669612.3876,405.18182106066814
2008-08-17 05:00:00,6673281.2254,404.33546728037675
2008-08-17 06:00:00,6676952.368,403.5145631025421
2008-08-17 07:00:00,6680625.75985,402.71329978667393
2008-08-17 08:00:00,6683382.1835,402.126830092348
2008-08-17 09:00:00,6686139.952,401.55536153892
2008-08-17 10:00:00,6689818.73945,400.8069032819451
2008-08-17 11:00:00,6693499.5984000005,400.07911937182575
2008-08-17 12:00:00,6697182.489499999,399.364916198682
2008-08-17 13:00:00,6700867.3771,398.66877370357133
2008-08-17 14:00:00,6704554.2164,397.9907751159519
2008-08-17 15:00:00,6708242.9639,397.32834117993445
2008-08-17 16:00:00,6711933.5855,396.68039848632225
2008-08-17 17:00:00,6715626.04495,396.0497032429327
2008-08-17 18:00:00,6719320.3057,395.4342405795449
2008-08-17 19:00:00,6723016.330150001,394.8325111581002
2008-08-17 20:00:00,6726714.0868999995,394.2423187313958
2008-08-17 21:00:00,6730413.54555,393.6646878456026
2008-08-17 22:00:00,6734114.68025,393.0989018579912
2008-08-17 23:00:00,6737817.462950001,392.5467796436982
2008-08-18 00:00:00,6741521.885,392.01209733817916
2008-08-18 01:00:00,6745228.35455,391.45878307116755
2008-08-18 02:00:00,6748937.70055,390.8637808100315
2008-08-18 03:00:00,6752650.364,390.2167868987352
2008-08-18 04:00:00,6755437.0617,389.69991894360584
2008-08-18 05:00:00,6758226.045150001,389.14996648406725
2008-08-18 06:00:00,6761947.8433,388.37487880970815
2008-08-18 07:00:00,6765673.5418,387.5505959599798
2008-08-18 08:00:00,6769403.2699,386.67828121199614
2008-08-18 09:00:00,6773137.16595,385.7526162886912
2008-08-18 10:00:00,6776875.38015,384.7689618513026
2008-08-18 11:00:00,6780618.09395,383.713695721078
2008-08-18 12:00:00,6784365.470249999,382.6057026988133
2008-08-18 13:00:00,6788117.8835,381.2725106464437
2008-08-18 14:00:00,6791876.4615,379.44478085091305
2008-08-18 15:00:00,6795642.50425,377.2930474734658
2008-08-18 16:00:00,6799416.41005,375.1295708368406
2008-08-18 17:00:00,6802251.8016,373.5037895034518
2008-08-18 18:00:00,6805092.1971,371.87497572882165
2008-08-18 19:00:00,6808886.13065,369.69874182085226
2008-08-18 20:00:00,6812688.2234000005,367.5177197095944
2008-08-18 21:00:00,6816498.5649,365.33139209742296
2008-08-18 22:00:00,6820317.2453499995,363.13977576267166
2008-08-18 23:00:00,6824144.35415,360.9432547323744
2008-08-19 00:00:00,6827979.7364,358.9250921043278
2008-08-19 01:00:00,6831822.473200001,357.10316137325196
2008-08-19 02:00:00,6834708.9933,355.7384597780227
2008-08-19 03:00:00,6837600.01725,354.37149827579515
2008-08-19 04:00:00,6841460.7659,352.54877551656534
2008-08-19 05:00:00,6845328.8251,350.7238917199884
2008-08-19 06:00:00,6849204.262499999,348.89482726477615
2008-08-19 07:00:00,6853087.15095,347.06198732682356
2008-08-19 08:00:00,6856977.5587,345.2255793274948
2008-08-19 09:00:00,6859900.1076,343.8453880695032
2008-08-19 10:00:00,6862827.4358,342.46281665995696
2008-08-19 11:00:00,6866736.9727,340.61580197927367
2008-08-19 12:00:00,6870654.2917,338.76506084430326
2008-08-19 13:00:00,6874579.47515,336.90956405194845
2008-08-19 14:00:00,6878512.5973000005,335.0504690797666
2008-08-19 15:00:00,6881467.449,333.65321023403857
2008-08-19 16:00:00,6884427.34925,332.2533553762373
2008-08-19 17:00:00,6888380.6839,330.38352230248483
2008-08-19 18:00:00,6892342.2458,328.5093376210232
2008-08-19 19:00:00,6896312.12615,326.63067333534946
2008-08-19 20:00:00,6899294.7804,325.21897579879084
2008-08-19 21:00:00,6902282.731000001,323.8044854336709
2008-08-19 22:00:00,6906273.7869,321.9148466207224
2008-08-19 23:00:00,6910273.47425,320.0206486059451
2008-08-20 00:00:00,6914281.420150001,318.35325627104413
2008-08-20 01:00:00,6917291.1853,317.4421747258327
2008-08-20 02:00:00,6920304.0353,316.6076575314569
2008-08-20 03:00:00,6924325.13445,315.51089863757863
2008-08-20 04:00:00,6928350.8594,314.4599217617325
2008-08-20 05:00:00,6932381.0217,313.4473456261737
2008-08-20 06:00:00,6935406.3474,312.7091936098857
2008-08-20 07:00:00,6938434.31805,311.9876509879805
2008-08-20 08:00:00,6942475.0669,311.0468194356316
2008-08-20 09:00:00,6946519.8871,310.12685949886156
2008-08-20 10:00:00,6950568.723999999,309.2232238859589
2008-08-20 11:00:00,6953607.8348,308.55685469438447
2008-08-20 12:00:00,6956649.393449999,307.90057632987146
2008-08-20 13:00:00,6960708.0296,307.0388088088912
2008-08-20 14:00:00,6964770.50145,306.1898344816704
2008-08-20 15:00:00,6967819.7357,305.56011836754664
2008-08-20 16:00:00,6970871.32645,304.9398786524142
2008-08-20 17:00:00,6974943.2257,304.1214711276547
2008-08-20 18:00:00,6979018.83845,303.3140013598601
2008-08-20 19:00:00,6982077.8511,302.71487981907563
2008-08-20 20:00:00,6985139.1513,302.1230891490429
2008-08-20 21:00:00,6989223.908600001,301.3425024053058
2008-08-20 22:00:00,6993312.2746,300.56992493682753
2008-08-20 23:00:00,6996380.7935,299.997324425653
2008-08-21 00:00:00,6999451.5438,299.4350922773767
2008-08-21 01:00:00,7003549.27885,298.6835424090721
2008-08-21 02:00:00,7007652.6391,297.881298088937
2008-08-21 03:00:00,7011762.831900001,296.9888275601791
2008-08-21 04:00:00,7014850.4446,295.9466580108546
2008-08-21 05:00:00,7017946.076400001,293.7304575272844
2008-08-21 06:00:00,7022086.90345,290.64107507900394
2008-08-21 07:00:00,7025202.7102,288.31585547601975
2008-08-21 08:00:00,7028328.8434500005,286.0067651305403
2008-08-21 09:00:00,7032510.921800001,282.9095097620604
2008-08-21 10:00:00,7036710.1434,279.77391231884656
2008-08-21 11:00:00,7039870.4781,277.4135140615206
2008-08-21 12:00:00,7043041.92705,275.04415672147167
2008-08-21 13:00:00,7047285.62205,271.87274430486707
2008-08-21 14:00:00,7050479.8954,269.48524999103137
2008-08-21 15:00:00,7053685.890799999,267.08846653841226
2008-08-21 16:00:00,7057976.47885,263.8792589343666
2008-08-21 17:00:00,7061206.5642,261.46323119680505
2008-08-21 18:00:00,7064449.0362,259.0370344751895
2008-08-21 19:00:00,7068789.17755,255.7890181833945
2008-08-21 20:00:00,7072057.1397,253.34289854452956
2008-08-21 21:00:00,7075338.184599999,250.90373676898207
2008-08-21 22:00:00,7079730.5734,247.66867777572526
2008-08-21 23:00:00,7083038.2524,245.2527559831756
2008-08-22 00:00:00,7086359.201549999,243.03285577536906
2008-08-22 01:00:00,7090799.837950001,241.15733830231989
2008-08-22 02:00:00,7094137.8774,239.84926092383895
2008-08-22 03:00:00,7097483.4955,238.5377151554656
2008-08-22 04:00:00,7100835.237,237.22356235908063
2008-08-22 05:00:00,7104194.7162999995,235.90584660532366
2008-08-22 06:00:00,7108684.45805,234.14483722338824
2008-08-22 07:00:00,7112059.6751,232.82050394487533
2008-08-22 08:00:00,7115442.89745,231.49306155490038
2008-08-22 09:00:00,7118832.5944,230.1628391523206
2008-08-22 10:00:00,7122230.46225,228.82910514521683
2008-08-22 11:00:00,7126771.996,227.046227425044
2008-08-22 12:00:00,7130186.5146,225.70552500877477
2008-08-22 13:00:00,7133609.509649999,224.36159190160993
2008-08-22 14:00:00,7137039.3584,223.0144476586564
2008-08-22 15:00:00,7140477.87335,221.6632647423985
2008-08-22 16:00:00,7143923.3959,220.31017049871068
2008-08-22 17:00:00,7147377.782500001,218.95251113088472
2008-08-22 18:00:00,7151995.594450001,217.1400110952473
2008-08-22 19:00:00,7155468.0196,215.77702717977547
2008-08-22 20:00:00,7158949.6438,214.40925107660416
2008-08-22 21:00:00,7162438.7102,213.03767540418266
2008-08-22 22:00:00,7165937.20175,211.66175126650006
2008-08-22 23:00:00,7169443.3177,210.282243853724
2008-08-23 00:00:00,7172958.4771,209.13094112115363
2008-08-23 01:00:00,7176478.2509,208.397993779882
2008-08-23 02:00:00,7180002.59655,207.69902045283033
2008-08-23 03:00:00,7183530.5036,207.02687711543706
2008-08-23 04:00:00,7187062.66335,206.38094286201536
2008-08-23 05:00:00,7190598.0882,205.75334858510374
2008-08-23 06:00:00,7194137.4693,205.14068425802282
2008-08-23 07:00:00,7197679.9415,204.54169483421654
2008-08-23 08:00:00,7201226.201549999,203.95621624952548
2008-08-23 09:00:00,7205959.484549999,203.1919828117403
2008-08-23 10:00:00,7209513.0792,202.62784029006968
2008-08-23 11:00:00,7213070.23725,202.07636362765356
2008-08-23 12:00:00,7216630.2104,201.5313970233307
2008-08-23 13:00:00,7220193.65475,200.99839458440022
2008-08-23 14:00:00,7223759.8339,200.47115476942952
2008-08-23 15:00:00,7227329.3784,199.95486002714506
2008-08-23 16:00:00,7230901.5732,199.44475019983727
2008-08-23 17:00:00,7234477.0466,198.94570590150795
2008-08-23 18:00:00,7238055.098,198.4547883039055
2008-08-23 19:00:00,7241636.3332,197.97316247704174
2008-08-23 20:00:00,7245220.0703,197.49842726108045
2008-08-23 21:00:00,7248806.89205,197.0335935733862
2008-08-23 22:00:00,7252396.1469,196.57477677304834
2008-08-23 23:00:00,7255988.40285,196.12576742405213
2008-08-24 00:00:00,7259583.027,195.68794939987984
2008-08-24 01:00:00,7263180.6789,195.24816431981526
2008-08-24 02:00:00,7266781.0865,194.80263593128382
2008-08-24 03:00:00,7270385.4037500005,194.34632994160796
2008-08-24 04:00:00,7273993.0975,193.88059752953302
2008-08-24 05:00:00,7277605.19295,193.40469351787766
2008-08-24 06:00:00,7281220.9163,192.91936043205004
2008-08-24 07:00:00,7284841.2764,192.42336872036762
2008-08-24 08:00:00,7288465.4096,191.91804507104692
2008-08-24 09:00:00,7292094.34215,191.4016451569354
2008-08-24 10:00:00,7295727.1802,190.87754240616007
2008-08-24 11:00:00,7299364.974,190.34583120264608
2008-08-24 12:00:00,7303006.7802,189.80736068399486
2008-08-24 13:00:00,7306653.66625,189.2570293885695
2008-08-24 14:00:00,7310304.6709,188.70050433832225
2008-08-24 15:00:00,7313960.91175,188.1331749514773
2008-08-24 16:00:00,7317621.4041,187.55809957415067
2008-08-24 17:00:00,7320064.5963,187.1684354434153
2008-08-24 18:00:00,7323733.7407,186.57252718658697
2008-08-24 19:00:00,7327407.3132,185.96270901577208
2008-08-24 20:00:00,7331086.5572,185.3321207047987
2008-08-24 21:00:00,7334770.4223,184.68479784933487
2008-08-24 22:00:00,7338460.645400001,183.931566277147
2008-08-24 23:00:00,7342156.5278,183.08411561240194
2008-08-25 00:00:00,7345861.539550001,181.71618659293532
2008-08-25 01:00:00,7349579.3267,179.66121683937695
2008-08-25 02:00:00,7353315.8407499995,177.54670046319933
2008-08-25 03:00:00,7357067.7865,175.40883144571904
2008-08-25 04:00:00,7359579.6247,173.96959476813612
2008-08-25 05:00:00,7363363.63,171.79017373685156
2008-08-25 06:00:00,7367164.2765,169.5918058684716
2008-08-25 07:00:00,7370986.3049,167.37106953338508
2008-08-25 08:00:00,7374825.9186,165.13335711715925
2008-08-25 09:00:00,7378688.1338,162.8753989386821
2008-08-25 10:00:00,7382568.9338,160.60153515670103
2008-08-25 11:00:00,7385168.8221,159.07605717601672
2008-08-25 12:00:00,7389088.20805,156.7730171752905
2008-08-25 13:00:00,7393027.629,154.45583884780567
2008-08-25 14:00:00,7395667.5769,152.90186266877438
2008-08-25 15:00:00,7399648.61125,150.5572847465727
2008-08-25 16:00:00,7403651.2668,148.19924151489897
2008-08-25 17:00:00,7406334.481,146.61846178002813
2008-08-25 18:00:00,7410382.1377,144.2336254269497
2008-08-25 19:00:00,7414453.2121,141.83586949355254
2008-08-25 20:00:00,7417183.2838,140.22856710594468
2008-08-25 21:00:00,7421303.17875,137.80419490872524
2008-08-25 22:00:00,7425448.5442,135.36636546017564
2008-08-25 23:00:00,7428229.5594,133.7322381538266
2008-08-26 00:00:00,7432429.0331,130.93114292163824
2008-08-26 01:00:00,7436659.5025,127.93389843618317
2008-08-26 02:00:00,7439499.7172,126.13834127133688
2008-08-26 03:00:00,7442353.6827,124.59301778326416
2008-08-26 04:00:00,7446647.95115,123.93801170600125
2008-08-26 05:00:00,7450948.4854,123.39399801958983
2008-08-26 06:00:00,7453819.5394,123.04035479013572
2008-08-26 07:00:00,7456693.6521,122.68798730030102
2008-08-26 08:00:00,7461010.82445,122.16607265780574
2008-08-26 09:00:00,7465333.8818,121.65093609893172
2008-08-26 10:00:00,7468219.7707,121.31189791796706
2008-08-26 11:00:00,7471108.5028,120.97705481202236
2008-08-26 12:00:00,7475447.25775,120.4787764195321
2008-08-26 13:00:00,7479791.6005,119.98767742871627
2008-08-26 14:00:00,7482691.5023,119.66341735283935
2008-08-26 15:00:00,7485594.1298,119.34137870949779
2008-08-26 16:00:00,7489953.4690499995,118.86344814117611
2008-08-26 17:00:00,7494318.1745,118.39212560908844
2008-08-26 18:00:00,7497231.5382,118.08054154517244
2008-08-26 19:00:00,7500147.5366,117.77233742059222
2008-08-26 20:00:00,7504526.7498,117.3163935646517
2008-08-26 21:00:00,7508911.1155,116.86508568798445
2008-08-26 22:00:00,7511837.4338,116.56914217355859
2008-08-26 23:00:00,7514766.2838,116.27622283225297
2008-08-27 00:00:00,7517697.6665,115.98771860399634
2008-08-27 01:00:00,7522099.823899999,115.55187034393565
2008-08-27 02:00:00,7526507.4149,115.1098824128581
2008-08-27 03:00:00,7529449.8852,114.81203858607766
2008-08-27 04:00:00,7532395.7446,114.50973748103571
2008-08-27 05:00:00,7536821.79685,114.05025262863502
2008-08-27 06:00:00,7541255.4598,113.58638993220171
2008-08-27 07:00:00,7544216.4531,113.2748626303993
2008-08-27 08:00:00,7547181.4239,112.9618917506693
2008-08-27 09:00:00,7550150.4098,112.64752701941457
2008-08-27 10:00:00,7554612.000150001,112.16958898931895
2008-08-27 11:00:00,7559081.7148,111.71096445039761
2008-08-27 12:00:00,7562067.3066,111.34090188206665
2008-08-27 13:00:00,7565058.3037,110.7235385976966
2008-08-27 14:00:00,7568056.8172,109.98727475605094
2008-08-27 15:00:00,7572570.4585,108.87913241913678
2008-08-27 16:00:00,7577100.1742,107.7665038114013
2008-08-27 17:00:00,7580130.9074,107.02279159193178
2008-08-27 18:00:00,7583169.9122,106.2816747169864
2008-08-27 19:00:00,7586217.2549,105.54230690630371
2008-08-27 20:00:00,7590805.21345,104.42854688188231
2008-08-27 21:00:00,7595410.4668,103.29758833236352
2008-08-27 22:00:00,7598492.4692,102.53847810551694
2008-08-27 23:00:00,7601583.4703,101.77727569175335
2008-08-28 00:00:00,7604683.4884,101.08420745817557
2008-08-28 01:00:00,7607789.9878,100.65141323168221
2008-08-28 02:00:00,7610901.4764,100.24453404090839
2008-08-28 03:00:00,7615578.6224,99.63678901741798
2008-08-28 04:00:00,7620265.7804,99.0313793158082
2008-08-28 05:00:00,7623397.2505,98.62919647119874
2008-08-28 06:00:00,7626533.7521,98.22794878933576
2008-08-28 07:00:00,7629675.293,97.82768612817064
2008-08-28 08:00:00,7632821.9193,97.42857115296233
2008-08-28 09:00:00,7637552.10145,96.83222167308426
2008-08-28 10:00:00,7642292.5413,96.23788673308589
2008-08-28 11:00:00,7645459.6833,95.84317129429361
2008-08-28 12:00:00,7648632.0024,95.4497680263
2008-08-28 13:00:00,7651809.5383,95.05776319538006
2008-08-28 14:00:00,7654992.3092,94.66067924019366
2008-08-28 15:00:00,7658180.4545,94.25476872894681
2008-08-28 16:00:00,7661374.0358,93.84753095198096
2008-08-28 17:00:00,7666175.4451,93.23611572574444
2008-08-28 18:00:00,7670988.0253,92.62324886128188
2008-08-28 19:00:00,7674203.9095,92.21323556652567
2008-08-28 20:00:00,7677425.4627,91.80219451531805
2008-08-28 21:00:00,7680652.7618,91.39061537546468
2008-08-28 22:00:00,7683885.8724,90.97840092938326
2008-08-28 23:00:00,7687124.8267,90.56541783882123
2008-08-29 00:00:00,7690369.6934,90.13354221223628
2008-08-29 01:00:00,7693624.8044,89.19076683726483
2008-08-29 02:00:00,7698538.26785,87.63682039377609
2008-08-29 03:00:00,7703484.0025,86.04596985664735
2008-08-29 04:00:00,7706803.6069,84.96294795684236
2008-08-29 05:00:00,7710140.7567,83.86384633962209
2008-08-29 06:00:00,7713496.0582,82.74972045673675
2008-08-29 07:00:00,7716870.0782,81.6213451083598
2008-08-29 08:00:00,7720263.4725,80.47957900276229
2008-08-29 09:00:00,7723676.8461,79.32459855547943
2008-08-29 10:00:00,7727110.8742,78.15686098938842
2008-08-29 11:00:00,7730566.2592,76.97731768257968
2008-08-29 12:00:00,7734043.6756,75.78605872844754
2008-08-29 13:00:00,7737543.8909,74.58360931137007
2008-08-29 14:00:00,7741067.6789,73.37003298037813
2008-08-29 15:00:00,7744615.8263,72.14570199411585
2008-08-29 16:00:00,7748189.2017,70.911088785132
2008-08-29 17:00:00,7751788.6965,69.66618459670798
2008-08-29 18:00:00,7755415.2259,68.41118524805484
2008-08-29 19:00:00,7759069.7873,67.14620891788775
2008-08-29 20:00:00,7762753.4348,65.87158069410263
2008-08-29 21:00:00,7766467.2574,64.58712400092396
2008-08-29 22:00:00,7770212.4196,63.29295051392702
2008-08-29 23:00:00,7773990.1737,61.98907199645002
2008-08-30 00:00:00,7777802.1731,60.593924394882045
2008-08-30 01:00:00,7781651.873,59.127158301160364
2008-08-30 02:00:00,7785540.1178,57.70620518944376
2008-08-30 03:00:00,7789467.2286,56.32659854498244
2008-08-30 04:00:00,7793433.6042,54.98475313110077
2008-08-30 05:00:00,7797439.7309,53.67689391968755
2008-08-30 06:00:00,,53.038310738732115
2008-08-30 07:00:00,7801486.1874,52.39972755777668
2008-08-30 08:00:00,7805573.6218,51.15026025229606
2008-08-30 09:00:00,7809702.7794,49.925615195231934
2008-08-30 10:00:00,7813874.5062,48.72322457552011
2008-08-30 11:00:00,7818089.7777,47.540666770982135
2008-08-30 12:00:00,7822349.6733,46.3757107949626
2008-08-30 13:00:00,,45.801057494325086
2008-08-30 14:00:00,7826655.3671,45.22640419368757
2008-08-30 15:00:00,7831008.1733,44.090606595316316
2008-08-30 16:00:00,7835409.5736,42.96680269652015
2008-08-30 17:00:00,7839861.2038,41.853280248711606
2008-08-30 18:00:00,7844364.8273,40.74849270385438
2008-08-30 19:00:00,,40.19980265655687
2008-08-30 20:00:00,7848922.4047,39.65111260925936
2008-08-30 21:00:00,7853536.1093,38.559858646916446
2008-08-30 22:00:00,7858208.3619,37.47338148276466
2008-08-30 23:00:00,,36.99333252475656
2008-08-31 00:00:00,7862402.1702,36.513283566748456
