link,to,lat,lon,B,z,n,nCC,Tw,TwCC,Length,gages,level
2938485,2930723,39.07434,-90.69806,113.94966,0.11529781,0.045,0.09,189.9161,569.7483,458.0,,0
2930719,2938485,39.078133,-90.694,113.94962,0.115297824,0.045,0.09,189.91605,569.7481,637.0,,1
2938477,2930719,39.080418,-90.69066,113.949585,0.11529785,0.045,0.09,189.91597,569.7479,140.0,,2
2930715,2938477,39.084553,-90.69079,1.9984484,0.68633443,0.06,0.12,3.3307474,9.992242,877.0,,3
2930713,2938477,39.08418,-90.68599,113.94931,0.115297966,0.045,0.09,189.91553,569.7466,1023.0,,3
2938471,2930715,39.09246,-90.691124,1.9184985,0.698809,0.06,0.12,3.1974976,9.592493,905.0,,4
2930707,2930713,39.08882,-90.677345,2.2198863,0.6552416,0.06,0.12,3.6998105,11.099432,880.0,,4
2930709,2930713,39.088615,-90.68154,113.94797,0.11529857,0.045,0.09,189.91328,569.7398,253.0,,4
2931021,2930707,39.091583,-90.67334,1.9300927,0.69695395,0.06,0.12,3.2168212,9.650463,56.0,,5
2930965,2938471,39.09666,-90.69184,1.5279514,0.77262664,0.06,0.12,2.5465856,7.6397567,71.0,,5
2930705,2930709,39.097595,-90.682335,113.94681,0.11529908,0.045,0.09,189.91135,569.7341,1780.0,,5
2930959,2938471,39.101326,-90.688034,1.2301689,0.85016674,0.06,0.12,2.0502815,6.150845,1242.0,,5
2930703,2930709,39.092415,-90.6769,3.287612,0.5510093,0.055,0.11,5.479353,30.0,931.0,,5
2931015,2930707,39.092815,-90.67299,0.4382627,1.3404566,0.06,0.12,0.7304379,2.1913135,282.0,,5
2930059,2931021,39.09255,-90.66421,1.9298307,0.69699574,0.06,0.12,3.2163844,9.649154,1619.0,,6
2930049,2930965,39.09688,-90.69252,1.5188278,0.7746707,0.06,0.12,2.5313797,7.594139,63.0,,6
2938461,2930705,39.110493,-90.68454,113.9467,0.11529913,0.045,0.09,189.91116,569.7335,1136.0,,6
2931019,2930703,39.094788,-90.67173,3.2537348,0.55353296,0.055,0.11,5.4228916,30.0,216.0,,6
2930075,2930059,39.092087,-90.6468,1.541036,0.7697255,0.06,0.12,2.5683932,7.70518,1644.0,,7
2931013,2931019,39.096275,-90.67206,0.7021581,1.0887891,0.06,0.12,1.1702635,3.5107906,165.0,,7
2930047,2930049,39.10843,-90.69067,1.5167394,0.7751411,0.06,0.12,2.527899,7.5836973,2579.0,,7
2930681,2938461,39.11796,-90.68947,1.0966281,0.8943782,0.06,0.12,1.8277135,5.4831405,862.0,,7
2930679,2938461,39.117535,-90.686,113.94656,0.115299195,0.045,0.09,189.91093,569.7328,463.0,,7
2931011,2931019,39.096607,-90.67062,3.232113,0.5551636,0.055,0.11,5.386855,30.0,262.0,,7
2930043,2931013,39.09713,-90.67372,0.3735371,1.4383705,0.06,0.12,0.6225618,1.8676854,201.0,,8
2930961,2931011,39.09797,-90.67009,2.235553,0.65321183,0.06,0.12,3.7259216,11.177765,62.0,,8
937110039,2930679,39.12089,-90.68487,4.1669106,0.49630314,0.055,0.11,6.944851,30.0,398.0,,8
2929983,2930681,39.11882,-90.69401,0.6627467,1.1168933,0.06,0.12,1.1045779,3.3137338,25.0,,8
2938455,2930679,39.12225,-90.688,113.944244,0.11530023,0.045,0.09,189.90707,569.72125,635.0,,8
2930963,2931011,39.099205,-90.67028,2.7800872,0.5933164,0.06,0.12,4.6334786,13.900436,310.0,,8
2930039,2930961,39.09818,-90.66609,2.2353559,0.6532372,0.06,0.12,3.7255933,11.17678,644.0,,9
937110040,937110039,39.122475,-90.68309,4.160432,0.49664396,0.055,0.11,6.934053,30.0,74.0,,9
2929985,2929983,39.119713,-90.6959,0.6627467,1.1168933,0.06,0.12,1.1045779,3.3137338,383.0,,9
2930651,2938455,39.124565,-90.69079,113.94418,0.11530025,0.045,0.09,189.90697,569.7209,96.0,,9
2930665,2938455,39.12361,-90.69433,1.0201315,0.9233696,0.06,0.12,1.7002192,5.1006575,772.0,,9
2930795,2930963,39.105194,-90.6708,2.6408021,0.6069243,0.06,0.12,4.401337,13.204011,1020.0,,9
2930957,2930963,39.10128,-90.67095,1.3679103,0.8112768,0.06,0.12,2.2798505,10.0,209.0,,9
2930037,2930039,39.104256,-90.652794,1.7650893,0.7249813,0.06,0.12,2.9418154,8.825446,2095.0,,10
2930041,2930039,39.097755,-90.65459,1.6822242,0.7405251,0.06,0.12,2.803707,8.41112,1454.0,,10
2930955,2930957,39.101974,-90.671936,1.1483841,0.8763658,0.06,0.12,1.9139735,5.7419205,74.0,,10
2931057,937110040,39.127068,-90.68583,4.1601367,0.4966595,0.055,0.11,6.9335613,30.0,1062.0,,10
2930649,2930651,39.12916,-90.695625,113.943825,0.11530042,0.045,0.09,189.90637,569.7191,1253.0,,10
2930655,2930651,39.124874,-90.694565,2.2009609,0.65772134,0.06,0.12,3.6682682,11.004805,577.0,,10
2930667,2930665,39.12101,-90.69732,0.7256347,1.0731055,0.06,0.12,1.2093911,3.6281734,13.0,,10
2931023,2930795,39.11061,-90.67427,2.5136461,0.6202827,0.06,0.12,4.18941,12.568231,373.0,,10
2930953,2930957,39.10261,-90.67164,0.96186113,0.9476432,0.06,0.12,1.603102,4.8093057,120.0,,10
2930051,2930041,39.097717,-90.642006,1.2779583,0.8359914,0.06,0.12,2.1299305,6.389791,883.0,,11
2930035,2930955,39.100742,-90.67316,1.1476659,0.8766077,0.06,0.12,1.9127765,5.7383294,291.0,,11
2930687,2931023,39.1123,-90.674805,2.235159,0.6532626,0.06,0.12,3.7252648,11.175795,81.0,,11
2930951,2930953,39.10322,-90.67217,0.7824522,1.0380024,0.06,0.12,1.304087,3.9122612,72.0,,11
2929939,2931057,39.129353,-90.68552,4.1238437,0.49858314,0.055,0.11,6.873073,30.0,166.0,,11
2938507,2930649,39.13877,-90.70272,113.94366,0.11530049,0.045,0.09,189.9061,569.71826,1200.0,,11
2930855,2930649,39.13569,-90.698906,1.2767907,0.83632857,0.06,0.12,2.1279845,6.3839536,383.0,,11
2930653,2930655,39.12491,-90.699814,2.1190636,0.66881716,0.06,0.12,3.5317726,10.595318,352.0,,11
2929973,2930667,39.120945,-90.69747,0.7256347,1.0731055,0.06,0.12,1.2093911,3.6281734,29.0,,11
2930663,2930655,39.12353,-90.699005,0.90953356,0.97132075,0.06,0.12,1.5158893,4.5476675,273.0,,11
2931025,2931023,39.112385,-90.67533,1.5825241,0.76075673,0.06,0.12,2.63754,7.91262,62.0,,11
2930949,2930953,39.104218,-90.67217,0.6321891,1.1403971,0.06,0.12,1.0536485,3.1609454,253.0,,11
2931009,2930035,39.09898,-90.67457,1.1067417,0.8907632,0.06,0.12,1.8445694,5.5337086,258.0,,12
2930005,2930687,39.114883,-90.665695,2.2343705,0.6533643,0.06,0.12,3.7239509,11.171853,1745.0,,12
2930027,2930951,39.10405,-90.67298,0.767044,1.0471504,0.06,0.12,1.2784066,3.83522,178.0,,12
2931065,2929939,39.128727,-90.68451,4.1225233,0.4986536,0.055,0.11,6.870872,30.0,70.0,,12
2938505,2938507,39.14641,-90.70856,113.94357,0.11530053,0.045,0.09,189.90596,569.7179,788.0,,12
2930935,2930855,39.1378,-90.69835,1.1498178,0.8758835,0.06,0.12,1.916363,5.7490892,102.0,,12
2930829,2930653,39.127327,-90.70485,2.0853288,0.6735691,0.06,0.12,3.475548,10.426644,679.0,,12
2929959,2930663,39.1225,-90.70023,0.8254645,1.0137833,0.06,0.12,1.3757741,4.127322,43.0,,12
2929975,2929973,39.121532,-90.69902,0.7221187,1.0754074,0.06,0.12,1.203531,3.6105933,299.0,,12
2930685,2931025,39.11557,-90.67743,0.8620192,0.99458724,0.06,0.12,1.4366986,4.310096,747.0,,12
2930683,2931025,39.11526,-90.67481,1.4790314,0.7837985,0.06,0.12,2.4650524,7.395157,659.0,,12
2931007,2930949,39.10731,-90.67338,0.55473393,1.2080871,0.06,0.12,0.92455655,2.7736695,467.0,,12
2930003,2930005,39.11332,-90.64718,1.8005388,0.7186491,0.06,0.12,3.000898,9.002694,1847.0,,13
2931091,2930027,39.106693,-90.674835,0.7444068,1.0610814,0.06,0.12,1.2406781,3.7220342,507.0,,13
2931073,2931065,39.126312,-90.68179,0.7002882,1.0900707,0.06,0.12,1.1671469,3.501441,636.0,,13
937110086,2931065,39.129635,-90.68415,4.1143417,0.49909082,0.055,0.11,6.857236,30.0,212.0,,13
2930639,2938505,39.165462,-90.71003,113.941826,0.1153013,0.045,0.09,189.90305,569.7091,3622.0,,13
2930641,2938505,39.149536,-90.71374,3.74592,0.52018034,0.06,0.12,6.2432,18.729599,448.0,,13
2930931,2930935,39.14045,-90.698845,0.68885934,1.0980129,0.06,0.12,1.148099,3.4442968,501.0,,13
2930831,2930829,39.130306,-90.71178,1.2566179,0.8422254,0.06,0.12,2.0943632,6.2830896,753.0,,13
2930933,2930935,39.138355,-90.6989,1.0246284,0.92157954,0.06,0.12,1.707714,5.1231422,96.0,,13
2930833,2930829,39.130432,-90.70886,1.8180608,0.7155852,0.06,0.12,3.0301013,9.090303,317.0,,13
2929961,2929959,39.123367,-90.702156,0.81302154,1.0205994,0.06,0.12,1.3550359,4.065108,392.0,,13
2930817,2930683,39.11831,-90.67545,0.29510972,1.595972,0.06,0.12,0.49184954,1.4755486,30.0,,13
2930819,2930683,39.11832,-90.67532,1.1771085,0.8668658,0.06,0.12,1.9618477,5.885543,24.0,,13
937110087,937110086,39.12998,-90.68273,2.7692096,0.5943434,0.06,0.12,4.6153493,13.846047,131.0,,14
937110051,937110086,39.135387,-90.68671,3.6203907,0.52806175,0.06,0.12,6.033984,18.101954,1394.0,,14
2938449,2930639,39.182926,-90.71399,113.94151,0.115301445,0.045,0.09,189.90251,569.7076,395.0,,14
2930861,2930641,39.15599,-90.72096,3.7343874,0.52088845,0.06,0.12,6.223979,18.671936,1763.0,,14
2930941,2930831,39.13381,-90.71465,0.31398228,1.5529164,0.06,0.12,0.5233038,1.5699115,150.0,,14
2929909,2930933,39.139877,-90.70046,1.0110203,0.9270315,0.06,0.12,1.6850338,5.0551014,392.0,,14
2930945,2930833,39.132423,-90.70987,1.7672678,0.7245869,0.06,0.12,2.9454463,8.836339,162.0,,14
2930947,2930833,39.13175,-90.71032,0.5301118,1.2325287,0.06,0.12,0.88351965,2.650559,118.0,,14
2931027,2929961,39.12509,-90.70269,0.33087736,1.5174209,0.06,0.12,0.5514623,1.6543869,178.0,,14
2929979,2930819,39.119175,-90.67564,1.1771085,0.8668658,0.06,0.12,1.9618477,5.885543,161.0,,14
2929981,2930817,39.11845,-90.67603,0.29510972,1.595972,0.06,0.12,0.49184954,1.4755486,80.0,,14
2931061,937110087,39.129738,-90.68162,1.8253874,0.7143166,0.06,0.12,3.0423121,9.126937,100.0,,15
2931069,937110087,39.128536,-90.68121,2.4575336,0.6264916,0.06,0.12,4.0958896,12.287668,292.0,,15
2930623,2938449,39.186424,-90.71262,2.5352705,0.61794305,0.06,0.12,4.2254505,12.676352,479.0,,15
937110050,937110051,39.14124,-90.689545,3.5086794,0.5354142,0.06,0.12,5.847799,17.543396,100.0,,15
2930625,2938449,39.187054,-90.71491,113.940956,0.1153017,0.045,0.09,189.90158,569.7048,546.0,,15
2930859,2930861,39.169735,-90.728676,3.1867197,0.55863863,0.06,0.12,5.3111997,15.9335985,1669.0,,15
2930839,2930861,39.17252,-90.71844,2.5122335,0.62043655,0.06,0.12,4.187056,12.561168,2150.0,,15
2930927,2930945,39.136917,-90.71254,0.9998721,0.93157744,0.06,0.12,1.6664535,4.9993606,960.0,,15
2930929,2929909,39.142063,-90.70027,0.9474786,0.95396286,0.06,0.12,1.579131,4.737393,94.0,,15
2929935,2930947,39.132446,-90.71204,0.4921254,1.2736303,0.06,0.12,0.820209,2.460627,237.0,,15
2930939,2930945,39.133167,-90.71078,1.6325823,0.75037605,0.06,0.12,2.7209706,8.162911,116.0,,15
2930669,2929979,39.119183,-90.676796,1.0626479,0.9068847,0.06,0.12,1.7710799,5.31324,88.0,,15
2930673,2929981,39.118763,-90.67687,1.464,0.78733873,0.06,0.12,2.44,7.32,87.0,,15
2930459,2931061,39.130024,-90.670166,1.8192369,0.7153811,0.06,0.12,3.0320613,9.096184,1982.0,,16
2931067,2931069,39.12729,-90.68045,1.6914115,0.7387479,0.06,0.12,2.819019,8.457058,28.0,,16
2931071,2931069,39.125954,-90.67988,2.127336,0.66766846,0.06,0.12,3.5455601,10.636681,321.0,,16
2929733,2930623,39.185898,-90.7063,2.5032508,0.6214178,0.06,0.12,4.172085,12.516254,1197.0,,16
937110049,937110050,39.14262,-90.68914,3.4587271,0.538812,0.06,0.12,5.7645454,17.293636,200.0,,16
2930621,2930625,39.19846,-90.71774,113.9397,0.11530226,0.045,0.09,189.8995,569.6985,2080.0,,16
2930619,2930625,39.19153,-90.71395,3.3617218,0.54561687,0.06,0.12,5.6028695,16.808609,554.0,,16
2930825,2930859,39.18987,-90.73312,2.0154476,0.68377453,0.06,0.12,3.3590794,10.077238,3009.0,,16
2930849,2930859,39.1769,-90.73388,2.7852383,0.592832,0.06,0.12,4.6420636,13.926191,204.0,,16
2930841,2930929,39.143303,-90.70286,0.92942363,0.9620947,0.06,0.12,1.5490394,4.647118,551.0,,16
2929929,2930939,39.13378,-90.71231,1.629313,0.75104,0.06,0.12,2.7155216,8.1465645,205.0,,16
2930943,2929935,39.133125,-90.71374,1.464,0.78733873,0.06,0.12,2.44,7.32,110.0,,16
2930671,2930669,39.118996,-90.67814,1.0448371,0.91367275,0.06,0.12,1.7413951,5.2241855,168.0,,16
2929753,2929733,39.18119,-90.702644,1.6856382,0.7398631,0.06,0.12,2.809397,10.0,506.0,,17
2930461,2931067,39.127094,-90.669044,1.691073,0.7388131,0.06,0.12,2.818455,8.455365,2040.0,,17
2931059,2931071,39.124176,-90.67823,2.1107278,0.6699812,0.06,0.12,3.5178795,10.553638,182.0,,17
937110085,937110049,39.143055,-90.688255,2.3616734,0.6375858,0.06,0.12,3.9361222,11.808366,36.0,,17
2929735,2929733,39.183304,-90.702736,2.0302749,0.6815669,0.06,0.12,3.3837914,10.151375,217.0,,17
2930925,2930619,39.193466,-90.71149,2.9771533,0.57565796,0.06,0.12,4.961922,14.885767,117.0,,17
937110084,937110049,39.143574,-90.688354,3.0090113,0.5729611,0.06,0.12,5.015019,15.045056,93.0,,17
2938445,2930621,39.210194,-90.71661,113.93954,0.115302324,0.045,0.09,189.89923,569.6977,544.0,,17
2930827,2930825,39.204544,-90.730675,1.6649486,0.74390525,0.06,0.12,2.7749143,8.324742,361.0,,17
2930615,2930825,39.20318,-90.73165,1.464,0.78733873,0.06,0.12,2.44,7.32,128.0,,17
2930847,2930619,39.19746,-90.708176,2.197097,0.65823144,0.06,0.12,3.6618285,10.985485,1168.0,,17
2929777,2930849,39.18866,-90.73961,2.7795713,0.59336495,0.06,0.12,4.6326184,13.897856,3312.0,,17
2930937,2929929,39.134434,-90.71401,1.6190592,0.7531347,0.06,0.12,2.698432,8.095296,157.0,,17
2930677,2930671,39.119682,-90.6826,0.9913498,0.9351021,0.06,0.12,1.6522497,4.956749,668.0,,17
2929757,2929753,39.179363,-90.70162,0.19597684,1.9118643,0.06,0.12,0.32662806,0.9798842,75.0,,18
2929785,2929753,39.175457,-90.69848,1.5898093,0.7592167,0.06,0.12,2.6496823,7.9490466,981.0,,18
2929937,2930461,39.133896,-90.65612,1.3694419,0.81087637,0.06,0.12,2.282403,6.8472095,1079.0,,18
2929897,937110085,39.141262,-90.67317,2.3600786,0.63777584,0.06,0.12,3.9334645,11.800393,2726.0,,18
2929957,2931059,39.12333,-90.667046,2.061853,0.6769419,0.06,0.12,3.4364214,10.309264,1990.0,,18
2929879,937110084,39.144016,-90.687836,3.0065753,0.57316583,0.06,0.12,5.010959,15.032877,49.0,,18
2930451,2930925,39.191708,-90.703964,2.9764755,0.5757158,0.06,0.12,4.9607925,14.882378,1366.0,,18
2930627,2929735,39.18162,-90.70116,2.0147247,0.6838827,0.06,0.12,3.3578746,10.073624,262.0,,18
2938441,2938445,39.213963,-90.71707,113.939514,0.11530234,0.045,0.09,189.89919,569.6976,330.0,,18
2930609,2930827,39.2088,-90.72985,1.6220016,0.75253165,0.06,0.12,2.7033362,8.110008,605.0,,18
2930917,2930847,39.204437,-90.709305,0.9411829,0.95677286,0.06,0.12,1.5686382,4.7059145,448.0,,18
2930921,2930847,39.204693,-90.7076,1.8776369,0.70547795,0.06,0.12,3.1293948,9.388185,465.0,,18
2930617,2929777,39.2032,-90.73278,1.7936177,0.7198712,0.06,0.12,2.9893627,8.968088,89.0,,18
2930857,2930937,39.137814,-90.715675,1.6079314,0.75542974,0.06,0.12,2.6798856,8.039657,759.0,,18
2929699,2930451,39.202316,-90.69501,1.681882,0.7405916,0.06,0.12,2.8031366,8.40941,1911.0,,19
2929883,2929897,39.14575,-90.652626,1.6722466,0.7424712,0.06,0.12,2.7870774,8.361233,1197.0,,19
2929951,2929957,39.12458,-90.65087,1.810083,0.71697485,0.06,0.12,3.0168052,9.050415,1266.0,,19
2929703,2930451,39.19324,-90.692055,2.6823568,0.60275805,0.06,0.12,4.470595,13.411784,1097.0,,19
2930629,2930627,39.180717,-90.70028,1.8600669,0.7084102,0.06,0.12,3.1001115,9.300335,8.0,,19
2931055,2929879,39.148666,-90.6894,3.0059104,0.5732218,0.06,0.12,5.0098505,15.0295515,1097.0,,19
2930605,2938441,39.216644,-90.71697,3.1559477,0.5610352,0.06,0.12,5.259913,15.779738,351.0,,19
2930607,2938441,39.218155,-90.71976,113.93848,0.1153028,0.045,0.09,189.89746,569.6924,718.0,,19
2931003,2930609,39.213566,-90.72938,1.4639503,0.78735054,0.06,0.12,2.439917,7.3197513,464.0,,19
2930853,2930921,39.210426,-90.71183,1.7269015,0.73201096,0.06,0.12,2.878169,8.634507,979.0,,19
2930845,2930917,39.207184,-90.7136,0.8016421,1.0269659,0.06,0.12,1.3360703,4.0082107,580.0,,19
2931001,2930609,39.211597,-90.72947,0.7393786,1.0642589,0.06,0.12,1.2322977,3.696893,92.0,,19
2930919,2930921,39.206444,-90.70933,0.34624565,1.4873297,0.06,0.12,0.5770761,1.7312282,109.0,,19
2930613,2930617,39.20391,-90.73228,1.7854263,0.7213264,0.06,0.12,2.9757104,8.927131,113.0,,19
2930851,2930857,39.143005,-90.71471,1.4920948,0.7807636,0.06,0.12,2.4868245,7.460474,468.0,,19
2929697,2929703,39.19902,-90.68405,1.5328835,0.7715289,0.06,0.12,2.5548058,7.6644173,1146.0,,20
2929695,2929703,39.195724,-90.67922,2.3402376,0.64015573,0.06,0.12,3.900396,11.701188,1297.0,,20
2929759,2930629,39.179493,-90.6955,1.8600669,0.7084102,0.06,0.12,3.1001115,9.300335,1119.0,,20
2929839,2931055,39.154785,-90.6756,2.5122335,0.62043655,0.06,0.12,4.187056,12.561168,3247.0,,20
2929633,2930605,39.22033,-90.69739,3.1391184,0.5623602,0.06,0.12,5.231864,15.695592,3457.0,,20
2930603,2930607,39.222866,-90.72179,113.9384,0.11530284,0.045,0.09,189.89734,569.692,409.0,,20
2930999,2931003,39.218487,-90.7252,1.3959689,0.8040419,0.06,0.12,2.3266149,6.9798446,865.0,,20
2929645,2931001,39.212692,-90.72737,0.73084754,1.0697218,0.06,0.12,1.2180792,3.6542375,393.0,,20
2929661,2930919,39.206295,-90.710106,0.1707394,2.0317523,0.06,0.12,0.28456566,0.85369694,29.0,,20
2929665,2930613,39.204792,-90.73213,1.7802309,0.7222544,0.06,0.12,2.9670515,8.9011545,88.0,,20
2930843,2930851,39.147167,-90.71551,1.364837,0.8120822,0.06,0.12,2.2747283,6.8241854,483.0,,20
2929683,2929695,39.196987,-90.66452,1.9094454,0.7002688,0.06,0.12,3.182409,9.547227,1424.0,,21
2929737,2929759,39.183353,-90.68225,1.5057886,0.7776231,0.06,0.12,2.5096476,7.528943,1455.0,,21
2929831,2929839,39.160988,-90.6537,1.6849564,0.7399951,0.06,0.12,2.8082607,8.424783,1218.0,,21
2929631,2929633,39.21742,-90.6782,1.9587561,0.6924359,0.06,0.12,3.2645936,10.0,132.0,,21
2929641,2929633,39.21453,-90.67553,1.812454,0.71656096,0.06,0.12,3.0207565,9.062269,784.0,,21
2930599,2930603,39.225555,-90.720726,3.3224683,0.5484515,0.06,0.12,5.537447,16.61234,294.0,,21
2930601,2930603,39.2298,-90.72133,113.93718,0.11530338,0.045,0.09,189.89531,569.6859,1124.0,,21
2930997,2929645,39.214962,-90.727715,1.464,0.78733873,0.06,0.12,2.44,7.32,136.0,,21
2930923,2929661,39.206207,-90.71044,1.464,0.78733873,0.06,0.12,2.44,7.32,32.0,,21
2930611,2929665,39.205654,-90.731186,0.40838942,1.3828633,0.06,0.12,0.680649,2.0419471,176.0,,21
2929625,2929631,39.223408,-90.67178,1.6401619,0.74884427,0.06,0.12,2.7336032,8.2008095,1665.0,,22
2929627,2929631,39.21821,-90.66996,1.4243923,0.7969236,0.06,0.12,2.3739872,7.121962,1373.0,,22
2929653,2929641,39.21129,-90.66622,1.6863195,0.7397312,0.06,0.12,2.8105323,8.431597,1063.0,,22
2930597,2930599,39.22644,-90.71945,3.3044837,0.54976636,0.06,0.12,5.507473,16.522419,3.0,,22
2930593,2930601,39.247723,-90.72659,113.91464,0.11531345,0.045,0.09,189.85773,569.5732,2994.0,,22
2930595,2930601,39.242992,-90.737045,9.038931,0.3526778,0.055,0.11,15.064885,50.0,3128.0,,22
2929597,2930597,39.228504,-90.715004,3.304299,0.5497799,0.06,0.12,5.5071654,16.521496,991.0,,23
2930913,2930595,39.253216,-90.74962,9.003202,0.35329455,0.055,0.11,15.005338,50.0,114.0,,23
2938521,2930593,39.260178,-90.73326,19.14383,0.2532757,0.05,0.1,31.906382,95.71915,278.0,,23
2930591,2930593,39.261806,-90.74082,113.70965,0.11540511,0.045,0.09,189.51608,568.5482,1321.0,,23
2930915,2930595,39.258614,-90.74894,1.3020118,0.8291422,0.06,0.12,2.1700199,6.5100594,1169.0,,23
2929571,2929597,39.241184,-90.69855,2.8236701,0.5892586,0.06,0.12,4.7061167,14.11835,3396.0,,24
2929577,2929597,39.23078,-90.69476,2.2899973,0.64631426,0.06,0.12,3.816662,11.449986,3044.0,,24
2930587,2938521,39.261185,-90.73222,3.113127,0.5644268,0.06,0.12,5.1885448,15.565635,39.0,,24
2930425,2930913,39.252525,-90.75207,9.002702,0.35330322,0.055,0.11,15.004503,50.0,348.0,,24
2930585,2938521,39.26717,-90.73355,19.111982,0.2534618,0.05,0.1,31.853302,95.559906,1327.0,,24
2938437,2930591,39.266914,-90.75231,113.709526,0.115405165,0.045,0.09,189.51588,568.5476,1032.0,,24
2929567,2929577,39.232777,-90.67416,1.2045333,0.8581024,0.06,0.12,2.0075555,6.0226665,700.0,,25
2929515,2930587,39.262207,-90.72389,3.1129198,0.56444335,0.06,0.12,5.1881995,15.564599,1463.0,,25
2929537,2930425,39.256836,-90.77925,3.5208724,0.53459543,0.06,0.12,5.8681207,17.60436,5070.0,,25
2930427,2930425,39.253635,-90.782234,8.803978,0.35679957,0.055,0.11,14.673296,50.0,4869.0,,25
2929487,2930585,39.274685,-90.74184,19.106012,0.25349674,0.05,0.1,31.843353,95.53006,967.0,,25
2930581,2938437,39.293816,-90.76685,113.69241,0.11541283,0.045,0.09,189.48735,568.4621,5492.0,,25
2930583,2938437,39.284523,-90.777145,8.215666,0.3678541,0.055,0.11,13.692776,50.0,4715.0,,25
2929497,2929537,39.27404,-90.80578,2.104323,0.67088,0.06,0.12,3.5072048,10.521615,2067.0,,26
2929513,2929515,39.266037,-90.699425,2.1732154,0.6614129,0.06,0.12,3.6220255,10.866076,3168.0,,26
2929517,2929515,39.26012,-90.70089,2.474304,0.6246147,0.06,0.12,4.12384,12.37152,2650.0,,26
2929495,2929537,39.271397,-90.790344,2.5270674,0.61882716,0.06,0.12,4.211779,12.635338,1237.0,,26
2929457,2929487,39.27961,-90.74071,4.7094517,0.47021422,0.055,0.11,7.8490863,30.0,996.0,,26
2930911,2930583,39.296505,-90.79911,7.7485814,0.37747705,0.055,0.11,12.914303,50.0,57.0,,26
2930429,2930427,39.25046,-90.8125,7.239036,0.38897666,0.055,0.11,12.065061,50.0,508.0,,26
2929541,2930427,39.25609,-90.82452,6.542138,0.40674114,0.055,0.11,10.9035635,32.71069,2762.0,,26
2930415,2929487,39.287384,-90.74761,18.998163,0.2541306,0.05,0.1,31.663607,94.99082,2130.0,,26
2930575,2930581,39.312275,-90.78868,3.2503095,0.5537903,0.06,0.12,5.4171824,16.251547,423.0,,26
2930577,2930581,39.31465,-90.802315,113.69082,0.11541355,0.045,0.09,189.4847,568.4541,2715.0,,26
2930821,2930583,39.300865,-90.80501,4.1054626,0.49956676,0.06,0.12,6.8424377,20.527313,1464.0,,26
2929477,2929457,39.273403,-90.721985,2.1089647,0.67022824,0.06,0.12,3.514941,10.544824,3600.0,,27
2929525,2929541,39.266277,-90.844925,1.5562992,0.7663859,0.06,0.12,2.593832,7.781496,2376.0,,27
2929559,2930429,39.246662,-90.824005,1.5882809,0.75953895,0.06,0.12,2.647135,7.941405,2058.0,,27
2929473,2929495,39.27643,-90.79435,1.4234468,0.79715705,0.06,0.12,2.3724113,7.117234,55.0,,27
2929511,2929517,39.26132,-90.68539,1.6652975,0.74383646,0.06,0.12,2.7754958,8.326488,157.0,,27
2930413,2930415,39.29954,-90.74207,2.0969884,0.6719143,0.06,0.12,3.4949806,10.4849415,2504.0,,27
2931029,2929495,39.276443,-90.78713,2.2543085,0.6508086,0.06,0.12,3.7571807,11.271543,1189.0,,27
2930579,2930821,39.30582,-90.81029,3.9527464,0.5079918,0.06,0.12,6.5879107,19.763733,113.0,,27
2929429,2929457,39.290436,-90.72944,4.5331206,0.47819763,0.055,0.11,7.555201,30.0,2181.0,,27
2929395,2930911,39.295975,-90.79939,7.7484756,0.3774793,0.055,0.11,12.914126,50.0,87.0,,27
2929647,2930429,39.22767,-90.8234,7.088306,0.39260438,0.055,0.11,11.813843,50.0,4950.0,,27
2929531,2929541,39.259228,-90.84414,6.454019,0.4091819,0.055,0.11,10.756699,32.270096,1204.0,,27
2929389,2930415,39.297634,-90.75578,18.97743,0.25425306,0.05,0.1,31.62905,94.88715,663.0,,27
2930573,2930575,39.31621,-90.79273,3.2089374,0.55692893,0.06,0.12,5.3482294,16.044687,719.0,,27
2930571,2930575,39.315163,-90.78945,0.87801206,0.98655367,0.06,0.12,1.4633535,4.3900604,264.0,,27
2930569,2930577,39.3212,-90.81823,113.690575,0.11541366,0.045,0.09,189.48428,568.4529,383.0,,27
2930823,2930821,39.31267,-90.814445,1.710164,0.7351631,0.06,0.12,2.8502734,8.550819,1647.0,,27
2929359,2930413,39.30828,-90.72735,1.1959695,0.8608078,0.06,0.12,1.9932824,5.9798474,829.0,,28
2929447,2929395,39.287403,-90.78651,1.1777923,0.8666437,0.06,0.12,1.9629872,5.888962,2925.0,,28
2929469,2929473,39.28002,-90.79973,1.4220262,0.7975083,0.06,0.12,2.3700435,7.110131,1197.0,,28
2929507,2929511,39.26445,-90.682365,1.4903657,0.7811631,0.06,0.12,2.483943,7.451829,778.0,,28
2929533,2929531,39.260044,-90.86026,1.6628519,0.7443189,0.06,0.12,2.77142,8.31426,2429.0,,28
2929709,2929647,39.203396,-90.82358,1.8375691,0.7122236,0.06,0.12,3.0626152,9.187845,2428.0,,28
2929381,2929389,39.309116,-90.772736,2.0427852,0.67972225,0.06,0.12,3.404642,10.213926,3682.0,,28
27570634,2931029,39.27525,-90.77582,1.8850701,0.7042493,0.06,0.12,3.1417835,9.42535,803.0,,28
2929361,2930579,39.31984,-90.83651,3.9513779,0.5080694,0.06,0.12,6.5856295,19.75689,5695.0,,28
2929391,2929429,39.296925,-90.717865,3.571939,0.53120995,0.06,0.12,5.9532313,17.859695,625.0,,28
2929401,2929429,39.293694,-90.71334,3.1605806,0.5606723,0.06,0.12,5.2676344,15.802903,1000.0,,28
2930417,2929395,39.28743,-90.804276,7.7379665,0.3777054,0.055,0.11,12.896611,50.0,2752.0,,28
2929651,2929647,39.212597,-90.82746,6.970202,0.39552546,0.055,0.11,11.617003,50.0,319.0,,28
2929545,2929531,39.25473,-90.85254,6.384271,0.4111481,0.055,0.11,10.640451,31.921354,839.0,,28
2930409,2929389,39.310287,-90.76331,18.963009,0.25433835,0.05,0.1,31.605015,94.81504,2444.0,,28
2930899,2930573,39.334656,-90.81551,3.1272535,0.56330055,0.06,0.12,5.212089,15.636268,4884.0,,28
2929347,2930571,39.31835,-90.791595,0.78994024,1.0336499,0.06,0.12,1.3165671,3.9497013,583.0,,28
2930909,2930569,39.324047,-90.821495,113.6905,0.11541369,0.045,0.09,189.48416,568.4525,465.0,,28
2930901,2930569,39.323475,-90.8193,1.0725707,0.9031736,0.06,0.12,1.7876178,5.3628535,241.0,,28
2929333,2929381,39.322067,-90.79058,0.71318,1.0813332,0.06,0.12,1.1886333,3.5659,736.0,,29
2929443,2929401,39.28545,-90.701454,1.8139327,0.71630317,0.06,0.12,3.023221,9.069663,2043.0,,29
2930421,27570634,39.27296,-90.76764,1.6390833,0.7490616,0.06,0.12,2.7318053,8.195416,732.0,,29
2930431,2929545,39.24637,-90.85068,1.8748692,0.7059372,0.06,0.12,3.124782,9.374347,1531.0,,29
2929301,2929361,39.332542,-90.87021,3.00247,0.5735115,0.06,0.12,5.0041165,15.01235,1782.0,,29
2929331,2929361,39.327694,-90.87,2.7438972,0.5967561,0.06,0.12,4.573162,13.719486,2214.0,,29
2929377,2929391,39.3097,-90.714424,2.2997317,0.64510584,0.06,0.12,3.8328865,11.498659,2380.0,,29
2929379,2929391,39.302647,-90.71153,3.1643977,0.5603738,0.06,0.12,5.2739964,15.821989,1329.0,,29
2929405,2929401,39.29342,-90.70076,2.7999454,0.59145623,0.06,0.12,4.6665754,13.999726,1362.0,,29
2929423,2930417,39.285988,-90.81255,3.8915,0.51150364,0.06,0.12,6.485833,19.4575,109.0,,29
2929649,2929651,39.21422,-90.82923,3.5596845,0.532016,0.06,0.12,5.9328074,17.798424,288.0,,29
2929345,2930409,39.318478,-90.762474,3.4943357,0.53638273,0.06,0.12,5.8238926,17.471678,1587.0,,29
2929427,2930417,39.28548,-90.81538,7.335724,0.3867064,0.055,0.11,12.226206,50.0,524.0,,29
2929667,2929651,39.208897,-90.83634,6.6233506,0.4045333,0.055,0.11,11.038918,50.0,1619.0,,29
2929553,2929545,39.25213,-90.85538,6.3125653,0.41320202,0.055,0.11,10.520943,31.562826,633.0,,29
2929343,2930409,39.32082,-90.77258,18.91085,0.25464758,0.05,0.1,31.518085,94.55425,566.0,,29
2930879,2930899,39.3515,-90.846664,2.6844296,0.6025527,0.06,0.12,4.4740496,13.422148,1855.0,,29
2930837,2929347,39.319374,-90.79534,0.5457524,1.2168185,0.06,0.12,0.9095874,2.7287621,217.0,,29
2930907,2930909,39.326187,-90.82388,113.69048,0.115413696,0.045,0.09,189.48413,568.4524,165.0,,29
2929315,2930901,39.325184,-90.81904,1.0273083,0.9205181,0.06,0.12,1.7121805,5.1365414,158.0,,29
2929335,2929301,39.32885,-90.9027,2.4418664,0.6282618,0.06,0.12,4.0697775,12.209332,4566.0,,30
2929339,2929377,39.3224,-90.70642,1.3492655,0.81620365,0.06,0.12,2.2487757,6.7463274,904.0,,30
2929349,2929331,39.323143,-90.89411,2.1199372,0.6686955,0.06,0.12,3.5332289,10.599687,2489.0,,30
2929363,2929379,39.311306,-90.70209,1.6347549,0.7499359,0.06,0.12,2.7245915,8.173775,2190.0,,30
2929421,2929423,39.294956,-90.8263,2.445512,0.62784845,0.06,0.12,4.0758533,12.22756,3683.0,,30
2929441,2929405,39.286526,-90.687965,1.815114,0.7160975,0.06,0.12,3.0251899,9.07557,1677.0,,30
2929543,2929553,39.25976,-90.87298,2.1794405,0.6605787,0.06,0.12,3.6324008,10.8972025,3369.0,,30
2929671,2929649,39.214436,-90.8642,2.845905,0.58722305,0.06,0.12,4.743175,14.229526,6497.0,,30
2929797,2929667,39.18979,-90.83457,2.218288,0.65544987,0.06,0.12,3.6971464,11.091439,4204.0,,30
2930403,2929343,39.33029,-90.75946,2.0481682,0.67893356,0.06,0.12,3.4136138,10.240842,3118.0,,30
2930407,2929345,39.31558,-90.74262,1.6708612,0.7427427,0.06,0.12,2.7847686,8.354306,2094.0,,30
2929365,2929379,39.30596,-90.69476,2.9277961,0.5799194,0.06,0.12,4.87966,14.63898,2086.0,,30
2929403,2929405,39.29327,-90.68607,2.189124,0.659288,0.06,0.12,3.6485403,10.9456215,1442.0,,30
2929643,2929649,39.21851,-90.83314,2.771288,0.5941468,0.06,0.12,4.618813,13.85644,948.0,,30
2930411,2929423,39.310642,-90.82332,3.520138,0.5346446,0.06,0.12,5.8668966,17.60069,7747.0,,30
2929433,2929427,39.28465,-90.81839,2.6329398,0.6077232,0.06,0.12,4.3882327,13.164699,151.0,,30
2930405,2929345,39.32003,-90.75149,3.221971,0.5559339,0.06,0.12,5.3699517,16.109856,660.0,,30
2929425,2929427,39.28925,-90.82784,7.208883,0.38969362,0.055,0.11,12.014804,50.0,1826.0,,30
2929675,2929667,39.204014,-90.844635,6.485661,0.40829995,0.055,0.11,10.809435,50.0,501.0,,30
2929549,2929553,39.25185,-90.860275,6.211104,0.41616642,0.055,0.11,10.35184,31.055521,507.0,,30
2929317,2929343,39.327557,-90.777306,18.898743,0.25471956,0.05,0.1,31.497906,94.49372,1132.0,,30
2930877,2930879,39.35447,-90.8567,0.6709925,1.1108171,0.06,0.12,1.1183208,3.3549623,431.0,,30
2930779,2930879,39.368534,-90.87081,2.4972277,0.62207866,0.06,0.12,4.162046,12.486138,3756.0,,30
2930905,2930907,39.331505,-90.83037,113.69037,0.11541375,0.045,0.09,189.48395,568.45184,1462.0,,30
2930893,2930907,39.328045,-90.823746,1.4571998,0.7889576,0.06,0.12,2.4286664,7.2859993,327.0,,30
2930895,2929315,39.326088,-90.821304,0.98171073,0.9391417,0.06,0.12,1.6361846,4.9085536,345.0,,30
2929319,2930405,39.33171,-90.741974,1.8617542,0.70812684,0.06,0.12,3.1029236,9.308771,2690.0,,31
2929353,2929365,39.32257,-90.68822,2.490697,0.6227977,0.06,0.12,4.1511617,12.453485,2390.0,,31
2929367,2930411,39.30776,-90.8676,1.6988266,0.7373236,0.06,0.12,2.8313775,8.494132,2473.0,,31
2929383,2930411,39.305843,-90.87299,2.5432687,0.6170849,0.06,0.12,4.238781,12.716343,4682.0,,31
2929397,2929403,39.29425,-90.673065,1.7477875,0.7281388,0.06,0.12,2.9129791,8.738937,947.0,,31
2929485,2929425,39.274525,-90.8397,2.4308658,0.6295146,0.06,0.12,4.051443,12.154329,3403.0,,31
2929551,2929549,39.253216,-90.87349,1.6296768,0.750966,0.06,0.12,2.716128,8.148384,2012.0,,31
2929617,2929643,39.23028,-90.83312,2.0609307,0.6770755,0.06,0.12,3.4348843,10.304653,2454.0,,31
2929619,2929643,39.228325,-90.84931,2.203192,0.65742743,0.06,0.12,3.6719866,11.01596,3180.0,,31
2930419,2929433,39.28358,-90.8319,1.426751,0.7963421,0.06,0.12,2.3779182,7.133755,2529.0,,31
2929445,2929433,39.282124,-90.81828,2.45458,0.62682414,0.06,0.12,4.0909667,12.2729,416.0,,31
2929321,2930405,39.323605,-90.74316,2.9275627,0.5799398,0.06,0.12,4.879271,14.637814,1201.0,,31
2929677,2929675,39.202805,-90.84725,2.839109,0.58784276,0.06,0.12,4.7318482,14.195545,62.0,,31
2930401,2929317,39.339058,-90.78739,4.917177,0.46134487,0.055,0.11,8.195295,30.0,1998.0,,31
2929467,2929425,39.289753,-90.8589,7.088851,0.39259106,0.055,0.11,11.814752,50.0,3839.0,,31
2929705,2929675,39.19923,-90.84744,6.2815113,0.41410202,0.055,0.11,10.469186,50.0,891.0,,31
2930433,2929549,39.248894,-90.86288,6.165885,0.41751018,0.055,0.11,10.276475,30.829426,920.0,,31
2938529,2930779,39.379086,-90.88699,0.6869184,1.0993806,0.06,0.12,1.144864,3.434592,66.0,,31
2929295,2929317,39.336105,-90.78819,18.767344,0.25550482,0.05,0.1,31.278908,93.83672,1541.0,,31
2930547,2930779,39.378998,-90.88833,1.6212671,0.75268203,0.06,0.12,2.7021117,8.106336,181.0,,31
2930883,2930905,39.33532,-90.84071,1.7468342,0.7283141,0.06,0.12,2.9113903,8.734171,841.0,,31
2930889,2930905,39.337543,-90.83739,113.69007,0.11541388,0.045,0.09,189.48344,568.4503,349.0,,31
2930891,2930893,39.33076,-90.82518,1.3230549,0.8232982,0.06,0.12,2.2050915,6.6152744,396.0,,31
2930903,2930893,39.329964,-90.82361,0.6275833,1.1440818,0.06,0.12,1.0459722,3.1379166,117.0,,31
2929313,2929321,39.32344,-90.730705,1.8718158,0.70644504,0.06,0.12,3.119693,9.359078,1508.0,,32
2929493,2929445,39.274178,-90.83381,1.5894275,0.7592972,0.06,0.12,2.6490457,7.9471374,3537.0,,32
2929715,2929677,39.198257,-90.85955,1.4314456,0.7951888,0.06,0.12,2.3857427,7.1572285,2462.0,,32
2929819,2929705,39.181362,-90.84193,2.0226483,0.6826995,0.06,0.12,3.3710806,10.113242,3921.0,,32
2930423,2929445,39.2688,-90.8364,2.1671646,0.662227,0.06,0.12,3.611941,10.835823,5416.0,,32
2929305,2929321,39.328712,-90.72496,2.4903774,0.62283295,0.06,0.12,4.150629,12.451887,2715.0,,32
2929461,2929467,39.2839,-90.880295,2.3097568,0.6438691,0.06,0.12,3.8495948,11.548784,1486.0,,32
2929557,2930433,39.24714,-90.86642,1.9920624,0.68730426,0.06,0.12,3.3201041,10.0,121.0,,32
2929673,2929677,39.203835,-90.84948,2.7036273,0.60066134,0.06,0.12,4.5060453,13.518136,401.0,,32
2930567,2930883,39.33716,-90.845245,1.5150647,0.7755191,0.06,0.12,2.5251079,7.575323,70.0,,32
2929263,2930401,39.346172,-90.79631,3.4223063,0.5413343,0.06,0.12,5.703844,17.111532,463.0,,32
2929261,2930401,39.34743,-90.78988,4.113859,0.49911666,0.06,0.12,6.8564324,20.569298,1197.0,,32
2929275,2929295,39.34891,-90.802956,4.9125676,0.4615358,0.055,0.11,8.187613,30.0,2803.0,,32
2929471,2929467,39.279995,-90.877014,6.936838,0.39636362,0.055,0.11,11.561397,50.0,594.0,,32
2929755,2929705,39.18872,-90.85391,6.191534,0.41674623,0.055,0.11,10.319223,50.0,1997.0,,32
2929563,2930433,39.242992,-90.8714,6.0704055,0.42039472,0.055,0.11,10.117342,30.352026,1265.0,,32
2930545,2930547,39.379368,-90.88916,0.6869184,1.0993806,0.06,0.12,1.144864,3.434592,69.0,,32
2930787,2938529,39.381184,-90.886314,0.6790461,1.1049855,0.06,0.12,1.1317434,3.3952303,460.0,,32
2929277,2929295,39.338543,-90.80732,18.637094,0.25629106,0.05,0.1,31.061825,93.18548,2127.0,,32
2930873,2930547,39.378773,-90.89194,1.5535094,0.7669928,0.06,0.12,2.5891824,7.7675467,454.0,,32
2931049,2930883,39.340347,-90.84677,0.85571194,0.9978148,0.06,0.12,1.4261866,4.2785597,782.0,,32
2931051,2930889,39.340786,-90.8409,113.690056,0.11541389,0.045,0.09,189.48343,568.4503,585.0,,32
2930885,2930891,39.338673,-90.83084,1.2773747,0.8361598,0.06,0.12,2.128958,6.3868737,1551.0,,32
2929299,2930903,39.331512,-90.82391,0.58011395,1.1844776,0.06,0.12,0.96685654,2.9005697,239.0,,32
2929241,2929261,39.354805,-90.77974,1.3915333,0.8051716,0.06,0.12,2.319222,6.9576664,2035.0,,33
2929257,2929277,39.349266,-90.819305,1.12271,0.88515145,0.06,0.12,1.8711833,5.6135497,1222.0,,33
2929279,2929305,39.338425,-90.709404,1.7768536,0.72285974,0.06,0.12,2.9614227,8.884268,1324.0,,33
2929283,2930567,39.33959,-90.85469,1.5121251,0.7761838,0.06,0.12,2.5202086,7.560626,1735.0,,33
2929413,2929461,39.295406,-90.87149,1.5535094,0.7669928,0.06,0.12,2.5891824,7.7675467,1942.0,,33
2929415,2929461,39.295033,-90.88611,1.7890759,0.7206769,0.06,0.12,2.9817932,8.945379,2074.0,,33
2929561,2929557,39.241585,-90.8743,1.3076134,0.82757336,0.06,0.12,2.1793556,6.538067,1738.0,,33
2929565,2929563,39.2397,-90.886505,1.5324737,0.7716199,0.06,0.12,2.5541227,7.6623683,2051.0,,33
2929603,2929563,39.23123,-90.87344,1.6347549,0.7499359,0.06,0.12,2.7245915,8.173775,1806.0,,33
2929669,2929673,39.210518,-90.86138,1.4110419,0.80024135,0.06,0.12,2.3517363,7.055209,2145.0,,33
2929713,2929673,39.198837,-90.873665,2.5425017,0.61716706,0.06,0.12,4.237503,12.712508,4586.0,,33
2930435,2929557,39.247215,-90.88073,1.7660235,0.7248121,0.06,0.12,2.9433725,8.830117,2517.0,,33
2929215,2929275,39.365253,-90.813126,2.914083,0.58112174,0.06,0.12,4.8568053,14.5704155,1971.0,,33
2930561,2929263,39.350586,-90.79715,3.3255687,0.5482258,0.06,0.12,5.5426145,16.627844,534.0,,33
2929247,2929261,39.349697,-90.773796,4.018839,0.504289,0.06,0.12,6.698065,20.094194,1739.0,,33
2929795,2929755,39.178955,-90.85981,3.739328,0.5205847,0.06,0.12,6.232213,18.69664,878.0,,33
2929217,2929275,39.370777,-90.823494,4.4392624,0.48263204,0.055,0.11,7.398771,30.0,3288.0,,33
2929479,2929471,39.27639,-90.88064,4.7661486,0.46773824,0.055,0.11,7.943581,30.0,432.0,,33
2929475,2929471,39.279472,-90.88263,6.0430894,0.42123199,0.055,0.11,10.0718155,30.215448,757.0,,33
2929763,2929755,39.180984,-90.86476,5.546027,0.43748897,0.055,0.11,9.243379,50.0,642.0,,33
2929585,2929563,39.235386,-90.88477,5.949229,0.42415112,0.055,0.11,9.915381,30.0,1697.0,,33
937110106,2930545,39.38157,-90.88992,0.67302346,1.109337,0.06,0.12,1.1217058,3.3651173,479.0,,33
2929259,2929277,39.346844,-90.82772,18.625923,0.2563589,0.05,0.1,31.043203,93.12961,2337.0,,33
2930555,2930873,39.3773,-90.89906,0.9923038,0.93470544,0.06,0.12,1.6538396,4.961519,890.0,,33
2930785,2930873,39.379112,-90.89474,1.2767907,0.83632857,0.06,0.12,2.1279845,6.3839536,111.0,,33
2930565,2931051,39.343197,-90.844955,113.690025,0.115413904,0.045,0.09,189.48338,568.45013,307.0,,33
2930897,2929299,39.332382,-90.8253,1.464,0.78733873,0.06,0.12,2.44,7.32,90.0,,33
2929181,2929215,39.377827,-90.815056,2.290373,0.6462675,0.06,0.12,3.8172886,11.451866,2100.0,,34
2929183,2929215,39.37307,-90.802155,1.8250954,0.71436703,0.06,0.12,3.0418255,9.125477,2668.0,,34
2929229,2930561,39.35734,-90.784546,1.8631579,0.70789146,0.06,0.12,3.1052632,9.315789,2670.0,,34
2929245,2929247,39.357857,-90.764565,1.4877651,0.7817652,0.06,0.12,2.4796083,7.438825,2067.0,,34
2929463,2929475,39.286316,-90.89026,1.3612345,0.81302965,0.06,0.12,2.2687242,6.806173,1646.0,,34
2929481,2929479,39.275078,-90.882866,1.0559316,0.909425,0.06,0.12,1.7598859,5.279658,148.0,,34
2929681,2929585,39.214127,-90.90892,2.9143186,0.58110106,0.06,0.12,4.8571978,14.571592,5153.0,,34
2929821,2929795,39.170624,-90.85293,1.5006818,0.77878946,0.06,0.12,2.5011363,7.503409,1719.0,,34
2929851,2929763,39.1677,-90.87945,2.065304,0.67644256,0.06,0.12,3.4421732,10.32652,4120.0,,34
2929225,2929259,39.359413,-90.83602,2.6378055,0.6072284,0.06,0.12,4.3963428,13.189028,939.0,,34
2929153,2929217,39.392498,-90.82858,3.476202,0.53761536,0.06,0.12,5.7936697,17.38101,4188.0,,34
2929231,2930561,39.368202,-90.78902,3.087339,0.5665019,0.06,0.12,5.145565,15.436694,4506.0,,34
2929243,2929247,39.349712,-90.76214,3.8139904,0.51606387,0.06,0.12,6.3566504,19.069952,352.0,,34
2929869,2929795,39.159283,-90.86461,3.606665,0.5289474,0.06,0.12,6.011108,18.033325,3812.0,,34
2929155,2929217,39.385704,-90.83777,3.373193,0.5447975,0.06,0.12,5.6219883,16.865965,945.0,,34
2929489,2929479,39.275097,-90.88915,4.7338595,0.4691431,0.055,0.11,7.8897657,30.0,1191.0,,34
2929465,2929475,39.281796,-90.89012,6.0065227,0.42236143,0.055,0.11,10.010872,30.032614,764.0,,34
2929767,2929763,39.181534,-90.87148,5.38534,0.44320068,0.055,0.11,8.975568,50.0,582.0,,34
2929587,2929585,39.23232,-90.89492,5.5944996,0.4358126,0.055,0.11,9.324166,30.0,223.0,,34
2929227,2929259,39.357018,-90.83755,18.600273,0.2565148,0.05,0.1,31.000456,93.001366,583.0,,34
2929169,2930785,39.379784,-90.89522,1.2584232,0.8416921,0.06,0.12,2.097372,6.292116,64.0,,34
2930887,2930565,39.344666,-90.84792,113.69001,0.11541391,0.045,0.09,189.48335,568.45,303.0,,34
2929123,2929153,39.400063,-90.801956,1.6715541,0.7426069,0.06,0.12,2.7859235,8.357771,1718.0,,35
2929187,2929231,39.379417,-90.76818,1.5373777,0.770533,0.06,0.12,2.5622962,7.6868887,1817.0,,35
2929207,2929225,39.375477,-90.83944,2.209456,0.6566045,0.06,0.12,3.6824265,11.047279,4064.0,,35
2929219,2929227,39.366367,-90.84316,1.3653501,0.8119475,0.06,0.12,2.2755835,6.8267508,2046.0,,35
2929233,2929225,39.360687,-90.82441,1.8617542,0.70812684,0.06,0.12,3.1029236,9.308771,2024.0,,35
2929435,2929465,39.29617,-90.89722,1.6469615,0.7474787,0.06,0.12,2.7449358,8.234807,2905.0,,35
2929491,2929489,39.280598,-90.91781,2.4246564,0.6302253,0.06,0.12,4.041094,12.1232815,4730.0,,35
2929765,2929767,39.187225,-90.88427,1.9062302,0.70078963,0.06,0.12,3.1770504,9.531151,2568.0,,35
2929949,2929869,39.13737,-90.86739,1.7588359,0.7261174,0.06,0.12,2.9313931,8.794179,2935.0,,35
2930397,2929243,39.36747,-90.74582,2.6981692,0.6011971,0.06,0.12,4.4969487,13.490847,4816.0,,35
2929129,2929153,39.394432,-90.80058,2.9916549,0.5744252,0.06,0.12,4.9860916,14.958275,1137.0,,35
2929185,2929231,39.373215,-90.76248,2.131017,0.66715944,0.06,0.12,3.5516949,10.655085,746.0,,35
2929579,2929587,39.23835,-90.89796,2.1223364,0.6683619,0.06,0.12,3.5372274,10.611683,1262.0,,35
2929871,2929869,39.148857,-90.874146,2.8343952,0.5882739,0.06,0.12,4.723992,14.171975,419.0,,35
2930399,2929243,39.35057,-90.75385,3.2531645,0.5535758,0.06,0.12,5.421941,16.265823,1114.0,,35
2929145,2929155,39.390747,-90.8389,3.3397236,0.5471995,0.06,0.12,5.566206,16.698618,188.0,,35
2929499,2929489,39.272263,-90.89845,4.4168415,0.48371136,0.055,0.11,7.361403,30.0,571.0,,35
2929437,2929465,39.286682,-90.89666,5.952762,0.42404005,0.055,0.11,9.92127,30.0,1040.0,,35
2929779,2929767,39.180355,-90.87619,5.291879,0.4466371,0.055,0.11,8.819798,50.0,348.0,,35
2929581,2929587,39.232925,-90.90452,5.480872,0.43977582,0.055,0.11,9.134787,30.0,1611.0,,35
2929221,2929227,39.36594,-90.85265,18.596676,0.25653666,0.05,0.1,30.99446,92.98338,2752.0,,35
2930781,2929169,39.380558,-90.897156,1.247515,0.8449312,0.06,0.12,2.0791914,6.2375746,315.0,,35
2930881,2930887,39.347797,-90.85826,3.4569533,0.53893393,0.06,0.12,5.761589,17.284767,2126.0,,35
2931043,2930887,39.349087,-90.85359,113.68866,0.115414515,0.045,0.09,189.4811,568.4433,1087.0,,35
2929127,2929129,39.394764,-90.77505,2.5217779,0.6193995,0.06,0.12,4.2029634,12.60889,3591.0,,36
2929135,2929145,39.40454,-90.825325,2.0981028,0.67175674,0.06,0.12,3.496838,10.490515,3821.0,,36
2929147,2929129,39.386623,-90.78507,1.9508331,0.6936752,0.06,0.12,3.2513885,9.754166,2393.0,,36
2929417,2929437,39.298546,-90.90131,1.5133862,0.7758984,0.06,0.12,2.5223105,7.5669317,2203.0,,36
2929529,2929499,39.263935,-90.90197,1.6325823,0.75037605,0.06,0.12,2.7209706,8.162911,1755.0,,36
2929569,2929581,39.243492,-90.91875,1.6343932,0.7500092,0.06,0.12,2.7239885,8.171966,2187.0,,36
2929917,2929871,39.149643,-90.88949,1.6805121,0.7408579,0.06,0.12,2.8008535,8.40256,2710.0,,36
2930391,2929185,39.383026,-90.754135,1.921674,0.69829935,0.06,0.12,3.20279,9.608371,1923.0,,36
2930437,2929579,39.24816,-90.900764,1.6325823,0.75037605,0.06,0.12,2.7209706,8.162911,1558.0,,36
2930439,2929579,39.247295,-90.90767,1.4476461,0.79125047,0.06,0.12,2.4127436,7.2382307,1664.0,,36
2929177,2929221,39.376938,-90.86052,2.9876218,0.57476723,0.06,0.12,4.9793696,14.938108,598.0,,36
2929235,2930399,39.356846,-90.74086,2.6051285,0.610577,0.06,0.12,4.341881,13.025643,1642.0,,36
2929249,2930399,39.347603,-90.73724,2.2418387,0.6524032,0.06,0.12,3.7363977,11.209193,2037.0,,36
2929899,2929871,39.146374,-90.878494,2.5791187,0.6132859,0.06,0.12,4.298531,12.895594,618.0,,36
2929137,2929145,39.39597,-90.838745,3.0138717,0.5725533,0.06,0.12,5.0231194,15.069359,958.0,,36
2930563,2930881,39.350452,-90.86929,3.3632379,0.5455084,0.06,0.12,5.6053963,16.816189,50.0,,36
2929787,2929779,39.17856,-90.88236,3.259618,0.553092,0.055,0.11,5.432697,30.0,875.0,,36
2929503,2929499,39.268723,-90.90804,4.320762,0.48842758,0.055,0.11,7.2012706,30.0,1376.0,,36
2929419,2929437,39.292007,-90.90635,5.900617,0.42568922,0.055,0.11,9.834362,30.0,1415.0,,36
2929801,2929779,39.173344,-90.8828,4.812467,0.46574676,0.055,0.11,8.020779,30.0,1605.0,,36
2929575,2929581,39.234528,-90.91467,5.3536344,0.44435677,0.055,0.11,8.922724,30.0,560.0,,36
2929179,2929221,39.38133,-90.87171,18.561663,0.25675005,0.05,0.1,30.936104,92.80831,2063.0,,36
2930783,2930781,39.381214,-90.90331,1.1020962,0.8924177,0.06,0.12,1.836827,5.5104814,829.0,,36
2931047,2930881,39.353077,-90.8701,0.8199795,1.0167695,0.06,0.12,1.3666325,4.0998974,604.0,,36
2931041,2931043,39.353737,-90.862404,113.68861,0.11541454,0.045,0.09,189.48102,568.44305,815.0,,36
2929111,2929137,39.411674,-90.84822,1.8136371,0.71635467,0.06,0.12,3.0227284,9.068186,2987.0,,37
2929171,2929177,39.39309,-90.8483,2.2168872,0.65563256,0.06,0.12,3.6948123,11.084436,5363.0,,37
2929173,2929177,39.400215,-90.86238,2.4410365,0.62835604,0.06,0.12,4.068394,12.205182,5022.0,,37
2929203,2929235,39.36792,-90.728584,2.2725751,0.64849555,0.06,0.12,3.787625,11.362875,1821.0,,37
2929239,2929249,39.351746,-90.72404,1.3471627,0.8167655,0.06,0.12,2.2452712,6.735814,888.0,,37
2929407,2929419,39.308342,-90.91607,2.2152846,0.65584177,0.06,0.12,3.692141,11.076424,3185.0,,37
2929505,2929503,39.27153,-90.923355,1.514226,0.77570856,0.06,0.12,2.52371,7.57113,1897.0,,37
2929573,2929575,39.24227,-90.92586,1.5258871,0.77308756,0.06,0.12,2.5431452,7.6294355,2306.0,,37
2929799,2929801,39.176155,-90.90458,1.8127499,0.71650934,0.06,0.12,3.0212498,9.063749,2497.0,,37
2929969,2929899,39.135124,-90.8899,1.8074086,0.71744275,0.06,0.12,3.0123477,9.037044,2856.0,,37
2930001,2929899,39.131996,-90.88616,2.1376972,0.66623884,0.06,0.12,3.5628288,10.688486,3221.0,,37
2929281,2930563,39.342407,-90.89008,3.3626137,0.545553,0.06,0.12,5.6043563,16.813068,4197.0,,37
2930389,2929137,39.40047,-90.83788,2.7129924,0.5997457,0.06,0.12,4.5216537,13.564961,587.0,,37
2930631,2929787,39.179234,-90.888985,3.2085469,0.55695885,0.055,0.11,5.347578,30.0,303.0,,37
2929527,2929503,39.260544,-90.92474,4.153697,0.49699908,0.055,0.11,6.922828,30.0,2198.0,,37
2929409,2929419,39.296036,-90.91843,5.70915,0.43192956,0.055,0.11,9.51525,30.0,927.0,,37
2929827,2929801,39.168446,-90.89477,4.677947,0.47160873,0.055,0.11,7.7965784,30.0,1481.0,,37
2929583,2929575,39.23354,-90.91967,5.280057,0.447078,0.055,0.11,8.800096,30.0,490.0,,37
937110108,2929179,39.38357,-90.884094,18.54191,0.2568707,0.05,0.1,30.903183,92.70955,274.0,,37
2930559,2931041,39.355274,-90.86872,113.68857,0.11541455,0.045,0.09,189.48094,568.4428,319.0,,37
2929099,2930389,39.411777,-90.829575,1.9038119,0.70118225,0.06,0.12,3.17302,9.519059,2835.0,,38
2929269,2929281,39.35321,-90.915344,2.0228877,0.68266386,0.06,0.12,3.3714793,10.114438,2370.0,,38
2929629,2929583,39.22599,-90.92406,1.3354822,0.8199094,0.06,0.12,2.2258039,6.677411,1564.0,,38
2929101,2930389,39.407417,-90.83929,2.302153,0.64480644,0.06,0.12,3.8369217,11.510765,1671.0,,38
2929271,2929281,39.34401,-90.91148,2.675703,0.6034189,0.06,0.12,4.459505,13.378515,352.0,,38
2929521,2929527,39.26303,-90.93674,2.62431,0.608604,0.06,0.12,4.3738503,13.121551,171.0,,38
2929783,2930631,39.179024,-90.893036,3.1556451,0.56105894,0.055,0.11,5.2594085,30.0,463.0,,38
2929393,2929409,39.298195,-90.9258,3.9991887,0.5053807,0.055,0.11,6.6653147,30.0,531.0,,38
2929535,2929527,39.25893,-90.94179,3.3813279,0.54421884,0.06,0.12,5.6355467,16.90664,1318.0,,38
2929411,2929409,39.294136,-90.928894,4.8931828,0.46234158,0.06,0.12,8.155305,24.465914,1367.0,,38
2930633,2929827,39.163807,-90.9016,4.566489,0.47665286,0.055,0.11,7.6108155,30.0,426.0,,38
2929589,2929583,39.2332,-90.924164,5.239119,0.44861588,0.055,0.11,8.731865,30.0,364.0,,38
2930539,937110108,39.383392,-90.88597,18.541697,0.256872,0.05,0.1,30.902826,92.70848,56.0,,38
2931045,2930559,39.363625,-90.88703,113.688545,0.11541456,0.045,0.09,189.48091,568.44275,3419.0,,38
2929069,2929101,39.418945,-90.83202,1.5848317,0.7602678,0.06,0.12,2.641386,7.924158,2168.0,,39
2929071,2929101,39.423588,-90.84021,1.6708612,0.7427427,0.06,0.12,2.7847686,8.354306,2350.0,,39
2929303,2929271,39.34436,-90.92903,2.2830215,0.6471847,0.06,0.12,3.8050358,11.415108,3099.0,,39
2929325,2929271,39.33331,-90.92079,1.8631579,0.70789146,0.06,0.12,3.1052632,9.315789,2646.0,,39
2929459,2929411,39.28568,-90.94037,1.5829091,0.7606751,0.06,0.12,2.6381817,7.9145455,1707.0,,39
2929591,2929589,39.237434,-90.93319,1.4444342,0.7920262,0.06,0.12,2.4073904,7.222171,1849.0,,39
2930441,2929535,39.2501,-90.94583,1.39646,0.8039171,0.06,0.12,2.3274336,6.9823003,1478.0,,39
2929519,2929521,39.264553,-90.94251,2.615044,0.60955447,0.06,0.12,4.358407,13.07522,900.0,,39
2929771,2929783,39.182495,-90.89649,2.234962,0.653288,0.06,0.12,3.7249365,11.174809,570.0,,39
2929775,2929783,39.18268,-90.908936,2.6801426,0.60297775,0.06,0.12,4.466904,13.400713,2718.0,,39
2929385,2929393,39.302204,-90.92821,2.8460283,0.58721185,0.06,0.12,4.7433805,14.230142,552.0,,39
2929387,2929393,39.303703,-90.94568,3.3840606,0.54402494,0.06,0.12,5.640101,16.920303,3344.0,,39
2929539,2929535,39.255966,-90.94936,3.1551406,0.5610985,0.06,0.12,5.258568,15.775703,340.0,,39
2930635,2930633,39.16344,-90.90464,2.5323355,0.6182589,0.06,0.12,4.2205596,12.661678,150.0,,39
2929439,2929411,39.28753,-90.960625,4.771037,0.46752676,0.06,0.12,7.9517283,23.855185,4761.0,,39
2930637,2930633,39.16242,-90.9043,4.2563066,0.49167705,0.055,0.11,7.093845,30.0,188.0,,39
2929593,2929589,39.2316,-90.92649,5.1837296,0.45072442,0.055,0.11,8.639549,30.0,166.0,,39
2930541,2930539,39.388466,-90.88641,11.717251,0.31452394,0.055,0.11,19.528751,58.586254,1176.0,,39
937110104,2930539,39.38329,-90.886734,16.742971,0.26870042,0.05,0.1,27.904951,83.71485,81.0,,39
2930557,2931045,39.375263,-90.90313,113.68761,0.115414985,0.045,0.09,189.47934,568.43805,334.0,,39
2929373,2929385,39.3122,-90.9264,1.6596974,0.7449427,0.06,0.12,2.7661624,8.298488,1902.0,,40
2929399,2929387,39.29816,-90.980354,2.3467083,0.6393764,0.06,0.12,3.9111805,11.7335415,3396.0,,40
2929501,2929439,39.2757,-90.98762,1.6903955,0.73894376,0.06,0.12,2.8173258,8.451978,2132.0,,40
2929509,2929519,39.268143,-90.96529,2.2850997,0.64692503,0.06,0.12,3.8084996,11.425499,3643.0,,40
2929523,2929519,39.265278,-90.9556,1.1805196,0.86575985,0.06,0.12,1.9675328,5.9025984,1470.0,,40
2929595,2929593,39.237,-90.9396,1.7203754,0.73323476,0.06,0.12,2.8672924,8.601877,2622.0,,40
2929747,2929771,39.190563,-90.90466,1.580982,0.76108396,0.06,0.12,2.63497,7.9049096,2182.0,,40
2929749,2929771,39.188538,-90.91246,1.8464608,0.71070844,0.06,0.12,3.0774348,9.232305,2768.0,,40
2929761,2929775,39.186436,-90.93665,1.8916299,0.70317084,0.06,0.12,3.1527164,9.458149,2568.0,,40
2929793,2929775,39.179615,-90.94236,1.9472344,0.6942405,0.06,0.12,3.2453907,9.736172,3921.0,,40
2930443,2929539,39.249058,-90.95961,1.6815398,0.7406581,0.06,0.12,2.8025663,8.407699,2127.0,,40
2929371,2929387,39.306236,-90.96385,2.2987993,0.6452213,0.06,0.12,3.8313322,11.493997,122.0,,40
2929375,2929385,39.30955,-90.937454,2.5907085,0.612074,0.06,0.12,4.3178473,12.953542,1894.0,,40
2929547,2929539,39.25395,-90.955536,2.9535928,0.57767934,0.06,0.12,4.9226546,14.767964,852.0,,40
2929823,2930635,39.17199,-90.92242,2.5231802,0.6192476,0.06,0.12,4.2053003,12.615901,3894.0,,40
2929453,2929439,39.285034,-90.98885,4.1826134,0.49548024,0.06,0.12,6.9710226,20.913069,952.0,,40
2929833,2930637,39.160378,-90.90475,4.2529745,0.49184695,0.055,0.11,7.088291,30.0,311.0,,40
2929599,2929593,39.230072,-90.927895,5.1125383,0.45348266,0.055,0.11,8.520897,30.0,247.0,,40
2930527,2930541,39.395313,-90.88664,0.4287506,1.3534963,0.06,0.12,0.71458435,2.143753,390.0,,40
2938519,2930541,39.394024,-90.88597,11.714468,0.3145569,0.055,0.11,19.524115,58.572342,80.0,,40
937110103,937110104,39.383347,-90.88927,16.742931,0.2687007,0.05,0.1,27.904886,83.71465,351.0,,40
2930553,2930557,39.377834,-90.905975,113.687584,0.11541499,0.045,0.09,189.47931,568.4379,420.0,,40
2929355,2929375,39.322384,-90.943474,1.7660235,0.7248121,0.06,0.12,2.9433725,8.830117,1821.0,,41
2929357,2929375,39.318623,-90.95567,1.7180799,0.7336668,0.06,0.12,2.8634665,8.5904,2140.0,,41
2929369,2929371,39.308,-90.97909,2.2832105,0.6471611,0.06,0.12,3.805351,11.416053,2712.0,,41
2929805,2929823,39.176323,-90.95156,1.3679103,0.8112768,0.06,0.12,2.2798505,6.8395514,1838.0,,41
2929815,2929823,39.171898,-90.954124,1.580982,0.76108396,0.06,0.12,2.63497,7.9049096,2253.0,,41
2929977,2929833,39.14156,-90.906166,2.4506311,0.6272695,0.06,0.12,4.084385,12.253156,4138.0,,41
2930445,2929547,39.24639,-90.97242,1.979918,0.689161,0.06,0.12,3.2998633,9.8995905,2915.0,,41
2930447,2929547,39.2543,-90.979996,2.4929307,0.62255144,0.06,0.12,4.1548843,12.464653,4082.0,,41
2929555,2929453,39.269127,-90.99831,3.0151947,0.5724424,0.06,0.12,5.0253243,15.0759735,3661.0,,41
2929655,2929599,39.2206,-90.929985,3.8806586,0.51213354,0.06,0.12,6.4677644,19.403294,2043.0,,41
2929455,2929453,39.282722,-90.99484,3.4397998,0.540118,0.06,0.12,5.733,17.199,221.0,,41
2929845,2929833,39.157475,-90.90692,3.931132,0.50922215,0.055,0.11,6.5518866,30.0,465.0,,41
2929601,2929599,39.228436,-90.92976,4.1798677,0.4956238,0.06,0.12,6.9664464,20.89934,251.0,,41
2930525,2938519,39.39568,-90.885506,11.714429,0.31455734,0.055,0.11,19.524048,58.572144,306.0,,41
937110105,937110103,39.388004,-90.89577,16.742537,0.2687035,0.05,0.1,27.904226,83.71268,1252.0,,41
2930875,2930553,39.38059,-90.909805,113.68754,0.115415014,0.045,0.09,189.47923,568.4377,485.0,,41
2929663,2929601,39.220985,-90.94848,2.202584,0.65750754,0.06,0.12,3.6709733,11.012919,4047.0,,42
2929725,2929655,39.197388,-90.94131,2.552894,0.6160574,0.06,0.12,4.254823,12.76447,4579.0,,42
2929847,2929845,39.167572,-90.93768,2.3574164,0.63809353,0.06,0.12,3.9290273,11.787082,5922.0,,42
2929449,2929455,39.284706,-90.99775,1.651228,0.746626,0.06,0.12,2.7520466,8.25614,468.0,,42
2929679,2929655,39.20777,-90.94734,3.1702068,0.55992055,0.06,0.12,5.283678,15.851034,3061.0,,42
2938499,2929555,39.25701,-91.00014,2.367326,0.6369137,0.06,0.12,3.9455433,11.83663,830.0,,42
2929451,2929455,39.283276,-90.998085,3.295698,0.5504125,0.06,0.12,5.49283,16.478489,352.0,,42
2929891,2929845,39.153843,-90.915405,3.5958145,0.529651,0.055,0.11,5.993024,30.0,1465.0,,42
2929605,2929601,39.22908,-90.937584,3.949682,0.5081656,0.06,0.12,6.5828032,19.74841,1165.0,,42
2930549,2930875,39.38162,-90.917694,5.770108,0.42991045,0.055,0.11,9.616847,30.0,1055.0,,42
2929139,937110105,39.399834,-90.89642,7.119748,0.39183852,0.055,0.11,11.866246,35.59874,2083.0,,42
2930835,2930525,39.39708,-90.88535,0.7542702,1.0549374,0.06,0.12,1.2571169,3.7713509,15.0,,42
2931033,2930525,39.39765,-90.884895,11.712649,0.31457844,0.055,0.11,19.521082,58.563248,153.0,,42
2929141,937110105,39.39565,-90.90596,16.258205,0.272206,0.05,0.1,27.09701,81.29102,1287.0,,42
2930543,2930875,39.382366,-90.913345,113.68148,0.11541773,0.045,0.09,189.46913,568.4074,242.0,,42
2929607,2929605,39.23451,-90.95754,2.0627742,0.6768084,0.06,0.12,3.437957,10.313871,3021.0,,43
2929781,2929679,39.194157,-90.967,1.9866277,0.6881332,0.06,0.12,3.3110461,9.933138,3408.0,,43
2929809,2929679,39.192905,-90.98117,2.5378907,0.6176615,0.06,0.12,4.2298174,12.689453,4912.0,,43
2932047,2929449,39.29102,-91.00579,1.5598719,0.765611,0.06,0.12,2.5997865,7.7993593,2037.0,,43
2932073,2938499,39.25355,-91.012764,2.3349998,0.64078885,0.06,0.12,3.8916664,11.674999,3376.0,,43
2929113,2929141,39.40162,-90.90878,2.1142454,0.66948915,0.06,0.12,3.5237422,10.571226,371.0,,43
2929905,2929891,39.145535,-90.91549,2.1021056,0.67119217,0.06,0.12,3.5035093,10.510528,453.0,,43
2932053,2929451,39.282944,-91.00083,3.2838812,0.5512854,0.06,0.12,5.4731355,16.419407,157.0,,43
2929895,2929891,39.14663,-90.9176,3.1945202,0.55803645,0.06,0.12,5.3242006,15.972601,138.0,,43
2929623,2929605,39.22394,-90.953186,3.663769,0.52529424,0.06,0.12,6.1062813,18.318844,1916.0,,43
2930551,2930549,39.377987,-90.92215,5.7265863,0.43134886,0.055,0.11,9.544311,30.0,10.0,,43
2930517,2929139,39.403774,-90.88659,7.0623603,0.39324006,0.055,0.11,11.7706,35.311802,34.0,,43
2929121,2930835,39.39715,-90.8858,0.75264364,1.0559425,0.06,0.12,1.2544061,3.7632184,66.0,,43
2929117,2931033,39.421146,-90.8652,11.71238,0.31458163,0.055,0.11,19.520634,58.5619,5793.0,,43
2929115,2929141,39.402607,-90.91228,16.241776,0.27232745,0.05,0.1,27.069626,81.20888,587.0,,43
2930869,2930543,39.39262,-90.92327,1.681882,0.7405916,0.06,0.12,2.8031366,8.40941,2666.0,,43
2931035,2930543,39.385834,-90.92387,113.681305,0.11541781,0.045,0.09,189.46884,568.40656,1745.0,,43
2929103,2929113,39.40634,-90.90204,2.0006497,0.6860012,0.06,0.12,3.3344164,10.003249,5973.0,,44
2929105,2929113,39.410122,-90.90857,1.0255232,0.92122465,0.06,0.12,1.7092054,5.127616,1766.0,,44
2929711,2929623,39.21071,-90.97501,2.258371,0.6502918,0.06,0.12,3.7639518,11.291855,4046.0,,44
2929919,2929895,39.142105,-90.92838,1.6116573,0.75465876,0.06,0.12,2.6860952,8.058286,2324.0,,44
2929933,2929905,39.138367,-90.92353,1.346109,0.8170475,0.06,0.12,2.243515,6.730545,1785.0,,44
2929953,2929905,39.13429,-90.91785,1.8253874,0.7143166,0.06,0.12,3.0423121,9.126937,2129.0,,44
2932067,2932053,39.271725,-91.01387,2.050733,0.67855877,0.06,0.12,3.4178884,10.253666,3451.0,,44
2929089,2929115,39.41275,-90.907,2.119282,0.66878676,0.06,0.12,3.5321367,10.59641,2509.0,,44
2929031,2929117,39.435772,-90.83657,3.5994904,0.52941227,0.06,0.12,5.9991508,17.997452,1288.0,,44
2932055,2932053,39.28275,-91.00259,2.9724023,0.5760637,0.06,0.12,4.954004,14.862011,193.0,,44
2929893,2929895,39.148247,-90.92243,3.0399022,0.5703851,0.06,0.12,5.066504,15.199512,1050.0,,44
2930513,2930517,39.403816,-90.88617,3.337101,0.54738915,0.06,0.12,5.5618353,16.685505,40.0,,44
2929621,2929623,39.2243,-90.97055,3.1864228,0.55866164,0.06,0.12,5.3107047,15.932114,1274.0,,44
2929205,2930551,39.371643,-90.930534,5.7265863,0.43134886,0.055,0.11,9.544311,30.0,2146.0,,44
2930515,2930517,39.411777,-90.88634,6.7870674,0.40019888,0.055,0.11,11.311779,33.935337,1787.0,,44
2930521,2929121,39.39713,-90.88635,0.74937,1.0579752,0.06,0.12,1.24895,3.74685,30.0,,44
2929035,2929117,39.432247,-90.82448,11.567111,0.31631854,0.055,0.11,19.278519,57.835556,2580.0,,44
2929091,2929115,39.40607,-90.91632,16.226997,0.27243686,0.05,0.1,27.044996,81.13499,468.0,,44
2930531,2931035,39.39447,-90.93405,113.67771,0.11541942,0.045,0.09,189.46286,568.38855,1006.0,,44
2930993,2931035,39.390125,-90.93436,4.686576,0.47122544,0.055,0.11,7.8109593,30.0,300.0,,44
2929211,2929205,39.363914,-90.95499,2.428352,0.629802,0.06,0.12,4.0472536,12.141761,3679.0,,45
2929613,2929621,39.23471,-90.981384,1.5171576,0.7750469,0.06,0.12,2.528596,7.585788,2268.0,,45
2929907,2929893,39.14459,-90.93448,1.606062,0.75581753,0.06,0.12,2.6767702,8.030311,2142.0,,45
2930385,2929089,39.427914,-90.895905,1.800239,0.7187019,0.06,0.12,3.0003982,9.001195,1405.0,,45
2932061,2932055,39.276215,-91.0149,1.7272265,0.73195016,0.06,0.12,2.878711,8.636132,2790.0,,45
2929011,2929031,39.447727,-90.83398,3.0044684,0.5733431,0.06,0.12,5.0074477,15.022343,2945.0,,45
2929013,2929031,39.439713,-90.84734,2.5108194,0.62059075,0.06,0.12,4.184699,12.554097,1140.0,,45
2929083,2929091,39.41773,-90.916626,3.3323886,0.54773057,0.06,0.12,5.553981,16.661943,2282.0,,45
2932051,2932055,39.284107,-91.00606,2.746013,0.59655327,0.06,0.12,4.5766883,13.730064,505.0,,45
2929019,2929035,39.439823,-90.81842,2.4596624,0.62625235,0.06,0.12,4.0994377,12.298313,932.0,,45
2929097,2930513,39.403885,-90.88526,3.336377,0.5474416,0.06,0.12,5.5606284,16.681885,118.0,,45
2929865,2929893,39.157696,-90.934975,2.822042,0.5894086,0.06,0.12,4.7034035,14.110209,2166.0,,45
2929615,2929621,39.22522,-90.97872,2.8251712,0.58912045,0.06,0.12,4.708619,14.125856,180.0,,45
2929237,2929205,39.35723,-90.93971,5.4710793,0.44012293,0.055,0.11,9.118465,30.0,1854.0,,45
2929065,2930515,39.4398,-90.89122,6.7801256,0.4003796,0.055,0.11,11.300209,33.900627,4550.0,,45
2930523,2930521,39.400433,-90.88646,0.7238808,1.0742517,0.06,0.12,1.206468,3.619404,751.0,,45
2929017,2929035,39.436497,-90.81555,11.501628,0.3171118,0.055,0.11,19.16938,57.50814,187.0,,45
2929085,2929091,39.410126,-90.930565,16.171968,0.27284545,0.05,0.1,26.953281,80.85984,2382.0,,45
2930871,2930531,39.407368,-90.9481,113.677666,0.11541944,0.045,0.09,189.46277,568.3883,2817.0,,45
2930533,2930993,39.39047,-90.9412,4.5991974,0.47515437,0.055,0.11,7.665329,30.0,871.0,,45
2930995,2930993,39.391045,-90.93707,1.7008379,0.7369388,0.06,0.12,2.83473,8.5041895,262.0,,45
2928947,2929011,39.473564,-90.84077,2.498974,0.6218868,0.06,0.12,4.1649566,12.49487,3761.0,,46
2928965,2929065,39.455257,-90.87547,1.8189429,0.71543205,0.06,0.12,3.0315716,9.094715,3114.0,,46
2928983,2929019,39.445114,-90.80703,1.4370401,0.7938216,0.06,0.12,2.3950667,7.1852,1627.0,,46
2928987,2929013,39.45216,-90.85322,1.8118618,0.71666425,0.06,0.12,3.0197697,9.059309,2223.0,,46
2928989,2929013,39.451706,-90.86004,2.030987,0.68146145,0.06,0.12,3.3849783,10.154935,3142.0,,46
2929045,2929083,39.44614,-90.90619,2.6925526,0.6017501,0.06,0.12,4.4875875,13.462762,6593.0,,46
2929047,2929083,39.437325,-90.917496,1.5515107,0.7674285,0.06,0.12,2.5858512,7.7575536,3281.0,,46
2929093,2929097,39.416115,-90.87286,1.7515907,0.7274409,0.06,0.12,2.919318,8.757954,3435.0,,46
2929311,2929237,39.339928,-90.949615,2.3699667,0.6366005,0.06,0.12,3.9499447,11.8498335,3547.0,,46
2929611,2929615,39.230263,-90.99162,1.8306274,0.71341383,0.06,0.12,3.0510457,9.153137,2583.0,,46
2929887,2929865,39.152332,-90.95411,1.8387212,0.7120267,0.06,0.12,3.0645351,9.193605,1965.0,,46
2932049,2932051,39.289883,-91.01918,1.924576,0.6978346,0.06,0.12,3.2076268,9.62288,2350.0,,46
2932069,2932051,39.280987,-91.029045,2.3233593,0.64220333,0.06,0.12,3.8722653,11.616796,4061.0,,46
2928985,2929019,39.444088,-90.815704,2.1897395,0.6592063,0.06,0.12,3.649566,10.948697,217.0,,46
2929095,2929097,39.41358,-90.88467,3.1558468,0.56104314,0.06,0.12,5.2597446,15.779235,2157.0,,46
2929841,2929865,39.158386,-90.94754,1.9579921,0.6925551,0.06,0.12,3.2633202,10.0,248.0,,46
2930535,2930533,39.3906,-90.948074,2.1111681,0.6699195,0.06,0.12,3.5186133,10.5558405,337.0,,46
2929021,2929017,39.4361,-90.81016,3.7153053,0.52206707,0.06,0.12,6.1921754,18.576527,818.0,,46
2929635,2929615,39.22365,-90.98633,2.5214663,0.6194333,0.06,0.12,4.2024436,12.60733,1215.0,,46
2929067,2929085,39.4194,-90.94053,4.6898036,0.47108233,0.06,0.12,7.8163395,23.449018,333.0,,46
2929251,2929237,39.35139,-90.9488,5.2200103,0.44933963,0.055,0.11,8.700017,30.0,826.0,,46
2928949,2929065,39.46013,-90.88998,6.6795278,0.40302876,0.055,0.11,11.132546,33.39764,199.0,,46
2929015,2929017,39.440083,-90.80634,11.358497,0.31886858,0.055,0.11,18.930828,56.792484,1998.0,,46
2930387,2929085,39.42212,-90.96127,16.01,0.2740598,0.05,0.1,26.683332,80.049995,4560.0,,46
2930511,2930871,39.410473,-90.96404,113.67743,0.115419544,0.045,0.09,189.46239,568.38715,158.0,,46
2929143,2930995,39.39604,-90.946625,1.6547672,0.7459211,0.06,0.12,2.7579453,8.273836,1934.0,,46
2930529,2930533,39.39453,-90.95435,4.41132,0.48397836,0.055,0.11,7.3522005,30.0,1712.0,,46
2928941,2928949,39.465973,-90.87981,1.6216345,0.7526068,0.06,0.12,2.7027242,8.108172,2127.0,,47
2928979,2928985,39.452198,-90.80893,1.8136371,0.71635467,0.06,0.12,3.0227284,9.068186,2134.0,,47
2928981,2928985,39.448994,-90.822624,1.6179531,0.7533618,0.06,0.12,2.6965885,8.089766,1817.0,,47
2929053,2929095,39.440784,-90.881714,2.487339,0.6231685,0.06,0.12,4.145565,12.436695,4463.0,,47
2929061,2929095,39.430565,-90.86643,2.3502882,0.6389466,0.06,0.12,3.917147,11.751441,6017.0,,47
2929159,2930535,39.38323,-90.95915,2.091847,0.67264235,0.06,0.12,3.4864113,10.459234,2268.0,,47
2929835,2929841,39.162857,-90.95833,1.6859789,0.7397971,0.06,0.12,2.809965,8.429894,1993.0,,47
2929843,2929841,39.159264,-90.95906,1.348215,0.8164842,0.06,0.12,2.247025,6.7410746,1884.0,,47
2929029,2929021,39.433735,-90.79598,2.8719316,0.5848693,0.06,0.12,4.7865524,14.359657,1799.0,,47
2929049,2929021,39.428337,-90.802605,2.762695,0.59496135,0.06,0.12,4.6044917,13.813476,1694.0,,47
2929637,2929635,39.22456,-90.99584,1.869589,0.70681614,0.06,0.12,3.1159816,9.347944,1329.0,,47
2929639,2929635,39.2213,-90.99633,1.7394915,0.72966886,0.06,0.12,2.8991525,8.697457,672.0,,47
2929253,2929251,39.350323,-90.95562,2.5651667,0.6147553,0.06,0.12,4.275278,12.825834,709.0,,47
2929023,2930387,39.438553,-90.97638,2.7408502,0.5970487,0.06,0.12,4.568084,13.704251,251.0,,47
2929007,2929015,39.43891,-90.78121,4.8902535,0.46246374,0.055,0.11,8.150422,30.0,3165.0,,47
2930509,2929067,39.422592,-90.93871,4.686061,0.4712483,0.06,0.12,7.810101,23.430304,546.0,,47
2930809,2930529,39.400467,-90.963005,4.202835,0.49442708,0.055,0.11,7.004725,30.0,303.0,,47
2929285,2929251,39.34248,-90.96267,4.935745,0.46057838,0.055,0.11,8.226241,30.0,2361.0,,47
2928943,2928949,39.46378,-90.88799,6.642932,0.40400678,0.055,0.11,11.071553,33.21466,714.0,,47
2930379,2929015,39.44405,-90.79606,11.013977,0.32323113,0.055,0.11,18.356628,55.069885,650.0,,47
2930377,2930387,39.449448,-90.97772,15.951439,0.27450323,0.05,0.1,26.585732,79.757195,2755.0,,47
2930867,2930511,39.41615,-90.97364,113.67742,0.115419544,0.045,0.09,189.46237,568.3871,1914.0,,47
2930811,2930529,39.403194,-90.96308,1.9056934,0.7008768,0.06,0.12,3.1761556,9.528467,698.0,,47
2930815,2929143,39.405872,-90.958626,1.2339259,0.8490238,0.06,0.12,2.056543,6.1696296,1217.0,,47
2929055,2929007,39.428356,-90.7602,1.8651197,0.70756286,0.06,0.12,3.108533,9.325599,2390.0,,48
2929075,2929049,39.41642,-90.80055,1.7134709,0.73453677,0.06,0.12,2.855785,8.567354,1872.0,,48
2929077,2929049,39.413834,-90.788124,2.1968932,0.6582584,0.06,0.12,3.6614888,10.984467,2677.0,,48
2929109,2929029,39.416885,-90.76837,2.7420433,0.5969341,0.06,0.12,4.570072,13.7102165,5280.0,,48
2929255,2929253,39.353123,-90.96521,1.4105605,0.8003618,0.06,0.12,2.350934,7.052802,1629.0,,48
2929287,2929285,39.343517,-90.97938,1.4229735,0.79727405,0.06,0.12,2.3716226,7.1148677,1838.0,,48
2932075,2929637,39.237392,-91.00402,1.6505184,0.7467676,0.06,0.12,2.750864,8.252592,2253.0,,48
2932077,2929639,39.225048,-91.00525,1.4309776,0.7953035,0.06,0.12,2.3849626,7.1548877,1368.0,,48
2928921,2928943,39.470535,-90.88149,2.8878336,0.58344626,0.06,0.12,4.813056,14.439168,1307.0,,48
2928975,2930379,39.448265,-90.78626,2.3062391,0.6443022,0.06,0.12,3.8437319,11.531196,1661.0,,48
2929265,2929253,39.34801,-90.96033,2.35136,0.6388181,0.06,0.12,3.9189334,11.756801,313.0,,48
2930519,2930811,39.405216,-90.96611,1.7426913,0.72907746,0.06,0.12,2.9044855,8.713456,272.0,,48
2930497,2929023,39.440357,-90.97722,2.7369993,0.5974192,0.06,0.12,4.5616655,13.684996,195.0,,48
2928999,2929007,39.43778,-90.76384,4.612126,0.47456628,0.055,0.11,7.6868763,30.0,399.0,,48
2928961,2930377,39.45848,-90.99054,4.3590736,0.48652905,0.06,0.12,7.265123,21.79537,630.0,,48
2929157,2930809,39.392742,-90.97481,4.1965795,0.49475208,0.055,0.11,6.9942994,30.0,2569.0,,48
2930777,2930509,39.42483,-90.93644,4.6138635,0.47448742,0.06,0.12,7.6897726,23.069319,109.0,,48
2929291,2929285,39.335793,-90.97404,4.8291736,0.46503523,0.055,0.11,8.048623,30.0,209.0,,48
2928919,2928943,39.47391,-90.89544,6.430823,0.4098324,0.055,0.11,10.718039,32.154114,2535.0,,48
2928977,2930379,39.45442,-90.7897,10.970737,0.32379258,0.055,0.11,18.284563,54.853687,2622.0,,48
2928957,2930377,39.46648,-90.98614,15.819149,0.27551362,0.05,0.1,26.365248,79.09574,1909.0,,48
2931037,2930867,39.42141,-90.9902,113.67711,0.115419686,0.045,0.09,189.46184,568.38556,1334.0,,48
2930813,2930811,39.4084,-90.964874,0.8254645,1.0137833,0.06,0.12,1.3757741,4.127322,542.0,,48
2928871,2928919,39.48301,-90.892044,1.3170304,0.82495755,0.06,0.12,2.1950507,6.5851526,1623.0,,49
2928891,2928921,39.473957,-90.86218,2.31529,0.6431898,0.06,0.12,3.8588166,11.57645,2434.0,,49
2928893,2928921,39.484722,-90.87335,1.9477493,0.6941595,0.06,0.12,3.2462487,9.738747,2719.0,,49
2928939,2928977,39.462223,-90.77512,1.5328835,0.7715289,0.06,0.12,2.5548058,7.6644173,1685.0,,49
2928967,2928975,39.45227,-90.763626,2.0810368,0.67418164,0.06,0.12,3.4683948,10.405185,2500.0,,49
2928969,2928961,39.454178,-90.99591,1.3865724,0.8064413,0.06,0.12,2.3109539,6.9328613,792.0,,49
2929119,2930519,39.400127,-90.97431,1.673975,0.7421329,0.06,0.12,2.7899585,8.369875,1688.0,,49
2929213,2929157,39.372772,-90.977356,2.1329606,0.66689116,0.06,0.12,3.5549343,10.664803,2986.0,,49
2929267,2929265,39.35491,-90.97398,1.9686362,0.6909006,0.06,0.12,3.2810605,9.843181,2823.0,,49
2929273,2929265,39.34713,-90.97065,1.710164,0.7351631,0.06,0.12,2.8502734,8.550819,2292.0,,49
2929293,2929291,39.341732,-90.986946,1.6596974,0.7449427,0.06,0.12,2.7661624,8.298488,2732.0,,49
2930383,2928999,39.43171,-90.754074,1.5697136,0.76348954,0.06,0.12,2.6161892,7.848568,2027.0,,49
2929009,2930497,39.441,-90.97863,2.7115035,0.59989095,0.06,0.12,4.5191727,13.557518,113.0,,49
2928995,2928999,39.438305,-90.75674,4.538358,0.4779541,0.055,0.11,7.5639305,30.0,822.0,,49
2928963,2928961,39.459873,-90.99592,4.2897425,0.48998263,0.06,0.12,7.149571,21.448713,870.0,,49
2930507,2931037,39.423943,-90.998764,2.883153,0.583864,0.06,0.12,4.805255,14.415765,251.0,,49
2929163,2929157,39.38168,-90.98495,3.7329319,0.52097803,0.055,0.11,6.221553,30.0,651.0,,49
2930503,2930777,39.43095,-90.93929,4.612126,0.47456628,0.06,0.12,7.6868763,23.060629,1428.0,,49
2929297,2929291,39.334553,-90.97538,4.7342725,0.46912503,0.055,0.11,7.8904543,30.0,164.0,,49
2928867,2928919,39.48381,-90.900345,6.277134,0.41422936,0.055,0.11,10.46189,31.38567,208.0,,49
2928937,2928977,39.464134,-90.786255,10.939397,0.3242015,0.055,0.11,18.232328,54.696983,905.0,,49
2928903,2928957,39.474,-90.991104,3.0901783,0.5662722,0.06,0.12,5.150297,15.4508915,649.0,,49
2928897,2928957,39.476196,-90.98541,15.764104,0.27593765,0.05,0.1,26.273506,78.82052,575.0,,49
2930505,2931037,39.42493,-90.99863,113.67613,0.115420125,0.045,0.09,189.46022,568.3807,301.0,,49
2928935,2928937,39.4673,-90.80153,2.177991,0.6607727,0.06,0.12,3.6299849,10.889955,2567.0,,50
2929001,2929009,39.447926,-90.982216,1.2456788,0.8454804,0.06,0.12,2.0761313,6.228394,1555.0,,50
2929341,2929297,39.326805,-90.974106,1.5015353,0.77859414,0.06,0.12,2.5025587,7.5076766,1699.0,,50
2930375,2928995,39.447155,-90.75108,1.5813677,0.76100206,0.06,0.12,2.635613,7.906839,1961.0,,50
2929003,2929009,39.441353,-90.97924,2.6127176,0.6097939,0.06,0.12,4.3545294,13.063588,23.0,,50
2929165,2929163,39.385193,-90.99434,1.8867141,0.70397854,0.06,0.12,3.1445236,9.433571,1314.0,,50
2930499,2930503,39.436626,-90.94013,1.5939977,0.75833595,0.06,0.12,2.6566627,7.9699883,29.0,,50
2932227,2928963,39.46065,-91.00014,3.070302,0.5678866,0.06,0.12,5.11717,15.35151,137.0,,50
2928859,2928867,39.489544,-90.90037,2.7637393,0.59486216,0.06,0.12,4.606232,13.818697,1091.0,,50
2928881,2928897,39.486404,-90.973694,4.0742416,0.50125206,0.06,0.12,6.790403,20.37121,2523.0,,50
2930381,2928995,39.43805,-90.7505,4.4261713,0.4832613,0.055,0.11,7.376952,30.0,246.0,,50
2932185,2930507,39.42306,-91.00105,2.8749564,0.58459777,0.06,0.12,4.791594,14.374782,225.0,,50
2932225,2928963,39.46191,-91.00014,3.6008961,0.5293211,0.06,0.12,6.001494,18.00448,145.0,,50
2929191,2929163,39.377308,-90.990234,3.5265722,0.534214,0.055,0.11,5.8776207,30.0,990.0,,50
2930501,2930503,39.43888,-90.940186,4.47,0.48116508,0.06,0.12,7.4499993,22.349998,525.0,,50
2929307,2929297,39.331345,-90.98005,4.676208,0.4716861,0.055,0.11,7.79368,30.0,1008.0,,50
2928857,2928867,39.49328,-90.88865,6.0757265,0.42023224,0.055,0.11,10.126211,30.378633,2818.0,,50
2928913,2928937,39.468845,-90.78864,10.894351,0.32479224,0.055,0.11,18.157251,54.471756,295.0,,50
2930485,2928903,39.47352,-90.99748,3.0626233,0.56851435,0.06,0.12,5.104372,15.313116,482.0,,50
2928883,2928897,39.48115,-90.98318,15.661664,0.27673244,0.05,0.1,26.102774,78.30832,662.0,,50
2932183,2930505,39.429886,-91.006676,113.67612,0.115420125,0.045,0.09,189.4602,568.3806,1479.0,,50
2928829,2928859,39.4951,-90.912315,1.6311308,0.75067055,0.06,0.12,2.7185514,8.155654,1673.0,,51
2928879,2928883,39.482204,-90.990036,2.4034467,0.6326729,0.06,0.12,4.0057445,12.017233,1333.0,,51
2928905,2928913,39.47069,-90.77916,1.6822242,0.7405251,0.06,0.12,2.803707,8.41112,1870.0,,51
2928997,2930381,39.439877,-90.73818,1.8943502,0.7027252,0.06,0.12,3.1572502,9.471751,2300.0,,51
2929005,2929003,39.44142,-90.98132,2.342938,0.6398301,0.06,0.12,3.9048967,11.71469,339.0,,51
2929027,2930499,39.438503,-90.9305,1.5939977,0.75833595,0.06,0.12,2.6566627,7.9699883,1690.0,,51
2929051,2929003,39.428696,-90.97378,1.681882,0.7405916,0.06,0.12,2.8031366,8.40941,2890.0,,51
2929223,2929191,39.368126,-90.99167,1.5559012,0.7664724,0.06,0.12,2.5931687,7.779506,1917.0,,51
2931795,2929165,39.38713,-91.00751,1.462605,0.78766996,0.06,0.12,2.437675,7.313025,1356.0,,51
2929309,2929307,39.334976,-90.99208,1.944656,0.6946464,0.06,0.12,3.2410934,9.72328,1738.0,,51
2930865,2928857,39.50005,-90.88056,1.728201,0.7317681,0.06,0.12,2.8803349,8.641005,344.0,,51
2931653,2932227,39.463207,-91.03415,3.0694506,0.5679561,0.06,0.12,5.1157513,15.347253,9474.0,,51
2928827,2928859,39.496365,-90.90402,2.4586804,0.6263627,0.06,0.12,4.0978007,12.293402,864.0,,51
2928833,2928881,39.495598,-90.954025,3.1432915,0.56203073,0.06,0.12,5.238819,15.716456,2069.0,,51
2928835,2928881,39.496292,-90.96466,2.6300693,0.6080157,0.06,0.12,4.3834486,13.150347,845.0,,51
2929033,2930381,39.435074,-90.742714,4.293186,0.4898092,0.055,0.11,7.15531,30.0,1363.0,,51
2930495,2930501,39.44259,-90.94142,2.7226982,0.59880155,0.06,0.12,4.5378304,13.613491,379.0,,51
2931649,2932225,39.46271,-91.00029,3.5970666,0.5295696,0.06,0.12,5.995111,17.985332,48.0,,51
2931693,2932185,39.418484,-91.000946,2.8467677,0.58714455,0.06,0.12,4.7446127,14.233838,821.0,,51
2929199,2929191,39.3742,-90.99801,3.2973661,0.5502896,0.055,0.11,5.49561,30.0,692.0,,51
2930493,2930501,39.441338,-90.93992,4.0695677,0.501506,0.06,0.12,6.782613,20.34784,42.0,,51
2929323,2929307,39.32873,-90.98919,4.4778886,0.4807909,0.055,0.11,7.4631476,30.0,732.0,,51
2924275,2928857,39.502216,-90.876495,5.907375,0.42547432,0.055,0.11,9.845625,30.0,599.0,,51
2932179,2932183,39.433277,-91.01696,7.436576,0.3843839,0.055,0.11,12.394293,50.0,651.0,,51
2928899,2928913,39.474735,-90.78922,10.878214,0.3250047,0.055,0.11,18.130358,54.39107,1219.0,,51
2932169,2930485,39.479565,-91.004745,3.011112,0.5727847,0.06,0.12,5.01852,15.05556,1539.0,,51
2928869,2928883,39.49132,-90.982574,15.638943,0.27690974,0.05,0.1,26.064905,78.19472,1560.0,,51
2932177,2932183,39.43984,-91.023865,113.66313,0.11542595,0.045,0.09,189.43855,568.3157,2275.0,,51
2924259,2924275,39.504425,-90.863785,2.218288,0.65544987,0.06,0.12,3.6971464,11.091439,1971.0,,52
2924277,2930865,39.50718,-90.88907,1.657588,0.7453608,0.06,0.12,2.7626467,8.28794,2127.0,,52
2927119,2931653,39.50902,-91.057465,1.91185,0.6998801,0.06,0.12,3.1864166,9.55925,2280.0,,52
2931651,2931649,39.462776,-91.01328,1.432381,0.79495966,0.06,0.12,2.3873017,7.161905,2228.0,,52
2931963,2929309,39.33869,-91.00562,1.5426565,0.76936865,0.06,0.12,2.571094,7.7132826,1011.0,,52
2924279,2928827,39.500843,-90.90463,2.3900254,0.6342379,0.06,0.12,3.9833758,11.950127,193.0,,52
2924281,2928833,39.503048,-90.94039,2.916671,0.58089423,0.06,0.12,4.861119,14.583356,879.0,,52
2924283,2928835,39.504665,-90.96464,2.5779243,0.61341125,0.06,0.12,4.2965407,12.889622,1033.0,,52
2928991,2930495,39.45398,-90.945435,2.6954322,0.60146636,0.06,0.12,4.492387,13.477161,2539.0,,52
2929043,2929033,39.429966,-90.732086,3.00058,0.5736708,0.06,0.12,5.0009665,15.0029,1278.0,,52
2929063,2929033,39.42284,-90.73771,3.6347063,0.5271432,0.055,0.11,6.0578437,30.0,1530.0,,52
2929201,2929199,39.371223,-90.99953,2.7024012,0.60078156,0.06,0.12,4.5040016,13.512005,114.0,,52
2929351,2929323,39.323082,-90.99667,2.600437,0.6110627,0.06,0.12,4.3340616,13.002185,1131.0,,52
2930773,2931693,39.41504,-90.99986,2.6641212,0.6045748,0.06,0.12,4.440202,13.320606,57.0,,52
2932145,2931649,39.470585,-91.017456,3.5124524,0.5351604,0.06,0.12,5.8540874,17.562262,3793.0,,52
2928993,2930493,39.445282,-90.93874,4.0680895,0.5015863,0.06,0.12,6.7801495,20.340448,899.0,,52
2929209,2929199,39.367954,-90.99882,2.3785536,0.6355856,0.06,0.12,3.964256,11.892768,869.0,,52
2929327,2929323,39.326237,-90.9936,4.053808,0.5023652,0.055,0.11,6.756347,30.0,214.0,,52
2928821,2928869,39.49783,-90.98417,4.1304345,0.498232,0.06,0.12,6.884057,20.652172,703.0,,52
2928875,2928899,39.481354,-90.791016,4.459714,0.48165435,0.06,0.12,7.432856,22.298569,923.0,,52
2924257,2924275,39.50711,-90.87404,5.7766347,0.42969608,0.055,0.11,9.627725,30.0,1062.0,,52
2932181,2932179,39.43112,-91.019745,7.3954353,0.38532582,0.055,0.11,12.325726,50.0,6.0,,52
2932175,2932177,39.446323,-91.036964,7.0246606,0.39416975,0.055,0.11,11.7077675,35.123302,534.0,,52
2928873,2928899,39.480976,-90.78252,10.589598,0.32888326,0.055,0.11,17.64933,52.947987,1503.0,,52
2931635,2932169,39.488785,-91.01089,2.8312855,0.58855885,0.06,0.12,4.718809,14.156427,2412.0,,52
2928823,2928869,39.498135,-90.98737,15.527527,0.2777846,0.05,0.1,25.879211,77.637634,432.0,,52
2932173,2932177,39.456142,-91.0466,113.65192,0.11543097,0.045,0.09,189.41986,568.2596,3127.0,,52
2924223,2924257,39.51245,-90.8611,1.6920882,0.73861754,0.06,0.12,2.820147,8.460441,2183.0,,53
2924241,2924283,39.51791,-90.964165,2.118189,0.66893893,0.06,0.12,3.5303152,10.590945,2068.0,,53
2924253,2924281,39.51533,-90.9271,2.622144,0.6088258,0.06,0.12,4.37024,13.110721,3287.0,,53
2924271,2924279,39.51042,-90.90409,1.7731549,0.7235246,0.06,0.12,2.9552581,8.865774,2206.0,,53
2924273,2924279,39.50865,-90.91372,1.9211456,0.6983841,0.06,0.12,3.2019093,9.605727,2660.0,,53
2928853,2928875,39.491394,-90.7978,1.5426565,0.76936865,0.06,0.12,2.571094,7.7132826,1949.0,,53
2929329,2929327,39.327732,-90.99839,1.3668873,0.81154454,0.06,0.12,2.2781456,6.834437,912.0,,53
2931639,2932145,39.48342,-91.04015,1.5673625,0.7639946,0.06,0.12,2.6122708,7.8368125,1764.0,,53
2929041,2929043,39.427013,-90.72533,1.522573,0.7738295,0.06,0.12,2.5376217,7.612865,231.0,,53
2929059,2929043,39.422688,-90.71982,2.5819511,0.612989,0.06,0.12,4.3032517,12.909756,1419.0,,53
2929079,2929063,39.412556,-90.726974,2.9825654,0.5751969,0.06,0.12,4.970942,14.912827,1770.0,,53
2929081,2929063,39.41176,-90.73936,2.3371701,0.6405263,0.06,0.12,3.8952835,11.68585,1536.0,,53
2930491,2928991,39.449787,-90.95785,2.4749508,0.6245427,0.06,0.12,4.124918,12.374754,546.0,,53
2930775,2930773,39.414486,-90.99982,1.5373777,0.770533,0.06,0.12,2.5622962,7.6868887,94.0,,53
2929087,2930773,39.411587,-90.993744,2.470254,0.62506634,0.06,0.12,4.1170897,12.351269,1335.0,,53
2931843,2929201,39.3705,-91.002205,2.6983058,0.60118365,0.06,0.12,4.4971766,13.491529,375.0,,53
2932143,2932145,39.488724,-91.037315,2.6955693,0.6014529,0.06,0.12,4.492615,13.477846,1984.0,,53
2938497,2929351,39.319588,-91.00014,2.3664446,0.6370184,0.06,0.12,3.9440742,11.832223,60.0,,53
2930489,2928993,39.45304,-90.9398,4.0301633,0.50366336,0.06,0.12,6.716939,20.150818,1180.0,,53
2932229,2929209,39.364216,-91.00014,2.2628043,0.64972943,0.06,0.12,3.7713406,11.314022,55.0,,53
2929337,2929327,39.325512,-90.99747,3.9930654,0.5057224,0.055,0.11,6.655109,30.0,471.0,,53
2924285,2928821,39.50513,-90.98324,4.0863705,0.50059515,0.06,0.12,6.8106174,20.431852,1164.0,,53
2928855,2928875,39.483692,-90.800476,4.3632727,0.48632243,0.06,0.12,7.272121,21.816362,832.0,,53
2924225,2924257,39.51171,-90.87589,5.700873,0.43220612,0.055,0.11,9.501454,30.0,748.0,,53
2928845,2928873,39.49059,-90.779884,7.0184884,0.39432263,0.055,0.11,11.697481,35.09244,750.0,,53
2931679,2932181,39.423805,-91.02135,7.3954353,0.38532582,0.055,0.11,12.325726,50.0,1949.0,,53
2931657,2932175,39.444077,-91.045906,7.0182962,0.3943274,0.055,0.11,11.69716,35.09148,1250.0,,53
2930371,2928873,39.48601,-90.77468,9.351365,0.34742996,0.055,0.11,15.585608,50.0,986.0,,53
2931621,2931635,39.493603,-91.017715,2.6080525,0.61027485,0.06,0.12,4.346754,13.040262,87.0,,53
2931623,2931635,39.49315,-91.016556,0.5235973,1.2392707,0.06,0.12,0.8726622,2.6179864,261.0,,53
2924287,2928823,39.502285,-90.98806,15.526168,0.2777953,0.05,0.1,25.876945,77.63084,525.0,,53
2932171,2932173,39.470394,-91.059586,112.84496,0.11579441,0.045,0.09,188.07495,564.22485,780.0,,53
4872015,2932173,39.467087,-91.06065,30.423452,0.20646088,0.05,0.1,50.705753,152.11726,465.0,,53
2924219,2924225,39.51846,-90.86475,1.8580947,0.7087418,0.06,0.12,3.0968246,9.290474,2705.0,,54
2924243,2924285,39.509144,-90.98805,0.4287506,1.3534963,0.06,0.12,0.71458435,2.143753,118.0,,54
2928851,2928855,39.48914,-90.80762,1.2161993,0.85446125,0.06,0.12,2.0269988,6.080996,1665.0,,54
2928971,2930491,39.46264,-90.96103,1.8847958,0.70429456,0.06,0.12,3.1413262,9.423979,2506.0,,54
2929039,2929041,39.43022,-90.717674,1.5002548,0.7788873,0.06,0.12,2.5004246,7.5012736,1447.0,,54
2929057,2929059,39.423588,-90.70702,1.465293,0.7870321,0.06,0.12,2.4421551,7.326465,1623.0,,54
2929073,2929059,39.415627,-90.70568,2.0851033,0.6736012,0.06,0.12,3.4751723,10.425517,1620.0,,54
2929107,2929081,39.402042,-90.745125,1.3327998,0.82063705,0.06,0.12,2.221333,6.6639986,1105.0,,54
2929125,2929081,39.39772,-90.73938,1.6234691,0.7522315,0.06,0.12,2.7057817,8.117346,1705.0,,54
2929133,2929079,39.39912,-90.71621,2.147536,0.6648905,0.06,0.12,3.5792267,10.73768,2477.0,,54
2929149,2929079,39.395313,-90.73008,2.1107278,0.6699812,0.06,0.12,3.5178795,10.553638,2951.0,,54
2930367,2930371,39.490334,-90.75655,2.047234,0.67907023,0.06,0.12,3.4120567,10.236171,2709.0,,54
2931727,2930775,39.40968,-91.00358,1.5316533,0.7718022,0.06,0.12,2.5527556,7.6582665,1422.0,,54
2931845,2931843,39.37643,-91.00817,1.5767261,0.7619896,0.06,0.12,2.627877,7.8836308,1710.0,,54
2929131,2929087,39.39899,-90.99179,2.1368375,0.6663571,0.06,0.12,3.561396,10.684188,1847.0,,54
2931617,2932143,39.497425,-91.04514,1.6120288,0.754582,0.06,0.12,2.686715,8.060144,591.0,,54
2931665,2931657,39.435833,-91.050766,1.5345207,0.7711656,0.06,0.12,2.5575345,7.6726036,1090.0,,54
2931685,2931679,39.41872,-91.02438,2.0338306,0.68104094,0.06,0.12,3.3897178,10.169153,77.0,,54
2931857,2931843,39.368362,-91.005844,2.4687927,0.62522954,0.06,0.12,4.1146545,12.343963,527.0,,54
2932007,2938497,39.318874,-91.001076,2.359192,0.6378816,0.06,0.12,3.9319863,11.795959,291.0,,54
2932141,2932143,39.495987,-91.04937,1.4684172,0.786293,0.06,0.12,2.447362,7.3420854,976.0,,54
2928959,2930489,39.458237,-90.9458,3.8327549,0.5149477,0.06,0.12,6.3879247,19.163774,471.0,,54
2931879,2932229,39.36359,-91.00138,2.261457,0.6499002,0.06,0.12,3.7690947,11.307284,257.0,,54
2928819,2928845,39.49605,-90.78493,3.9648933,0.5073046,0.06,0.12,6.6081557,19.824467,919.0,,54
2931985,2929337,39.32396,-91.003494,3.983525,0.5062564,0.055,0.11,6.6392083,30.0,667.0,,54
937110061,2924285,39.50906,-90.98954,3.8624804,0.5131955,0.06,0.12,6.4374676,19.312403,346.0,,54
2928863,2928855,39.482548,-90.806885,4.2679014,0.4910873,0.06,0.12,7.113169,21.339508,319.0,,54
2924221,2924225,39.518276,-90.876724,5.6160293,0.43507475,0.055,0.11,9.360048,30.0,1406.0,,54
2928817,2928845,39.495773,-90.78151,6.5269637,0.40715808,0.055,0.11,10.878272,32.63482,511.0,,54
2931699,2931679,39.415237,-91.02226,7.3156414,0.3871744,0.055,0.11,12.192736,50.0,1080.0,,54
2931661,2931657,39.438343,-91.05604,6.8472958,0.39864203,0.055,0.11,11.412159,34.236477,1209.0,,54
2928877,2930371,39.48124,-90.76423,9.302319,0.34823692,0.055,0.11,15.503863,50.0,1306.0,,54
2931619,2931621,39.497875,-91.01794,2.6061528,0.61047107,0.06,0.12,4.343588,13.030764,964.0,,54
2924371,2924287,39.506393,-90.99159,15.524456,0.27780885,0.05,0.1,25.874092,77.62228,597.0,,54
2932209,2932171,39.475998,-91.06209,112.84486,0.115794465,0.045,0.09,188.07475,564.2243,603.0,,54
2938517,2932171,39.473404,-91.06372,1.0790881,0.900763,0.06,0.12,1.7984803,5.3954406,317.0,,54
4869809,4872015,39.469547,-91.06649,30.423098,0.20646194,0.05,0.1,50.705162,152.1155,759.0,,54
2924195,2924221,39.522907,-90.896065,1.9394791,0.69546384,0.06,0.12,3.2324653,9.697395,3094.0,,55
2927115,2931617,39.505665,-91.046234,1.5028137,0.77830184,0.06,0.12,2.5046895,7.5140686,1205.0,,55
2927117,2932141,39.502987,-91.05198,0.93265927,0.9606207,0.06,0.12,1.5544322,4.663296,741.0,,55
2928907,2928863,39.46906,-90.81946,2.5289292,0.6186261,0.06,0.12,4.214882,12.644647,3852.0,,55
2930369,2928877,39.489986,-90.74784,2.3259153,0.64189184,0.06,0.12,3.8765254,11.629576,3694.0,,55
2931681,2931661,39.427433,-91.06262,1.7138009,0.73447436,0.06,0.12,2.856335,8.569004,1930.0,,55
2931687,2931685,39.422245,-91.03184,1.6494528,0.74698037,0.06,0.12,2.749088,8.247264,1903.0,,55
2931695,2931685,39.41467,-91.03429,1.5606637,0.7654396,0.06,0.12,2.6011062,7.803318,2574.0,,55
2931733,2931699,39.40759,-91.01719,1.5924771,0.7586553,0.06,0.12,2.6541286,7.9623857,1348.0,,55
2931787,2929131,39.394302,-91.007744,1.6448201,0.7479079,0.06,0.12,2.7413669,8.2241,1554.0,,55
2931859,2931857,39.37114,-91.015175,1.3103968,0.82679737,0.06,0.12,2.1839945,6.551984,1670.0,,55
2931885,2931879,39.362076,-91.00106,0.73598915,1.0664184,0.06,0.12,1.2266486,3.679946,215.0,,55
2931923,2931857,39.360596,-91.01768,2.2883043,0.6465252,0.06,0.12,3.8138404,11.441522,2431.0,,55
2932027,2932007,39.312134,-91.004234,1.6914115,0.7387479,0.06,0.12,2.819019,8.457058,1740.0,,55
2932037,2932007,39.308563,-91.01413,1.9781712,0.6894294,0.06,0.12,3.296952,9.890857,3344.0,,55
2932189,2931665,39.430546,-91.04955,1.1604619,0.87233,0.06,0.12,1.9341033,5.8023095,203.0,,55
937110060,937110061,39.510574,-90.99456,1.2667823,0.8392373,0.06,0.12,2.1113038,6.3339114,569.0,,55
2931981,2931985,39.32515,-91.00743,2.682495,0.60274434,0.06,0.12,4.470825,13.412476,131.0,,55
2928805,2928817,39.498688,-90.77772,1.402815,0.8023084,0.06,0.12,2.3380249,7.014075,921.0,,55
2928951,2928959,39.464203,-90.949875,1.9161103,0.6991932,0.06,0.12,3.193517,9.580551,1438.0,,55
2928953,2928959,39.46104,-90.938896,3.620777,0.5280369,0.06,0.12,6.034628,18.103884,1191.0,,55
2931901,2931879,39.36073,-91.00243,2.1835713,0.66002715,0.06,0.12,3.6392856,10.917857,459.0,,55
2924263,2928819,39.5078,-90.794685,3.9394777,0.5087459,0.06,0.12,6.565796,19.697388,2605.0,,55
2931999,2931985,39.322426,-91.00949,3.456108,0.5389921,0.06,0.12,5.76018,17.28054,1029.0,,55
937110044,937110061,39.513306,-90.98626,3.8049614,0.51660377,0.06,0.12,6.3416023,19.024807,1477.0,,55
2928861,2928863,39.4866,-90.81263,3.9222891,0.5097283,0.06,0.12,6.5371485,19.611446,1126.0,,55
2924181,2924221,39.524124,-90.879745,5.455054,0.4406929,0.055,0.11,9.091756,30.0,116.0,,55
2928807,2928817,39.498882,-90.78213,6.4996095,0.40791318,0.055,0.11,10.832683,32.498047,253.0,,55
2931713,2931699,39.40906,-91.02357,7.2680097,0.3882918,0.055,0.11,12.113349,50.0,471.0,,55
2931667,2931661,39.430943,-91.06483,6.751643,0.40112385,0.055,0.11,11.252739,33.758217,1067.0,,55
2930373,2928877,39.47257,-90.750046,9.230136,0.34943578,0.055,0.11,15.38356,50.0,1974.0,,55
2927113,2931619,39.506195,-91.02454,2.501827,0.62157387,0.06,0.12,4.1697116,12.509134,1863.0,,55
2924247,2924371,39.509727,-90.99709,15.521772,0.27783,0.05,0.1,25.869621,77.608864,624.0,,55
4869883,4869809,39.475132,-91.07815,30.401201,0.20652753,0.05,0.1,50.66867,152.00601,1749.0,,55
2932165,2932209,39.479534,-91.06202,112.84483,0.11579447,0.045,0.09,188.07472,564.2241,196.0,,55
2932211,2938517,39.476444,-91.065994,0.95163107,0.9521242,0.06,0.12,1.5860517,4.7581553,565.0,,55
2932223,4869809,39.472317,-91.06964,3.6832218,0.5240685,0.055,0.11,6.1387033,30.0,70.0,,55
2924175,2924181,39.531494,-90.86392,2.2832105,0.6471611,0.06,0.12,3.805351,11.416053,3564.0,,56
2928837,2928861,39.489162,-90.82946,1.6798263,0.7409913,0.06,0.12,2.7997105,8.399132,2270.0,,56
2928895,2930373,39.473812,-90.73401,1.4177476,0.79856926,0.06,0.12,2.3629127,7.088738,1901.0,,56
2928931,2928953,39.477886,-90.941795,2.695295,0.6014798,0.06,0.12,4.492159,13.476476,2701.0,,56
2931751,2931713,39.40249,-91.02262,1.2843428,0.83415544,0.06,0.12,2.1405714,6.421714,1383.0,,56
2931907,2931901,39.358032,-91.00168,1.0887233,0.8972373,0.06,0.12,1.814539,5.443617,413.0,,56
2931979,2931981,39.333546,-91.0205,2.2869859,0.6466896,0.06,0.12,3.811643,11.434929,3078.0,,56
2931987,2931981,39.325714,-91.022865,1.9150469,0.6993644,0.06,0.12,3.1917448,9.575234,2839.0,,56
2932005,2931999,39.320232,-91.02725,1.6859789,0.7397971,0.06,0.12,2.809965,8.429894,2531.0,,56
2924207,2924263,39.518784,-90.80861,2.134039,0.6667425,0.06,0.12,3.5567315,10.670195,1170.0,,56
2927105,2927113,39.51199,-91.04069,1.7990386,0.71891344,0.06,0.12,2.9983976,8.995193,1482.0,,56
2928929,2928953,39.46679,-90.930664,2.894648,0.5828399,0.06,0.12,4.8244133,14.47324,1289.0,,56
2930487,2928951,39.465286,-90.9582,1.4890665,0.78146374,0.06,0.12,2.4817774,7.4453325,176.0,,56
2930863,2928805,39.500057,-90.77237,1.0273083,0.9205181,0.06,0.12,1.7121805,5.1365414,153.0,,56
2931669,2931667,39.433037,-91.07765,2.4135027,0.6315086,0.06,0.12,4.0225043,12.067513,1972.0,,56
2931911,2931901,39.357277,-91.00462,2.0018706,0.6858166,0.06,0.12,3.3364513,10.009354,460.0,,56
2924205,2924263,39.525467,-90.80333,3.2974586,0.5502828,0.06,0.12,5.4957643,16.487293,2356.0,,56
2932013,2931999,39.316532,-91.016266,3.2610383,0.5529857,0.06,0.12,5.435064,16.305191,1030.0,,56
4869793,4869883,39.481285,-91.08466,2.766477,0.59460235,0.06,0.12,4.610795,13.832385,74.0,,56
2924209,937110044,39.525257,-90.97912,3.7618358,0.51920825,0.06,0.12,6.2697263,18.80918,1741.0,,56
2928831,2928861,39.494137,-90.821625,3.7300174,0.5211576,0.06,0.12,6.216696,18.650087,1325.0,,56
2924177,2924181,39.52987,-90.88437,5.307035,0.44607392,0.055,0.11,8.845058,30.0,1618.0,,56
2924261,2928807,39.504047,-90.78057,6.497624,0.40796816,0.055,0.11,10.829373,32.488117,933.0,,56
2931721,2931713,39.407413,-91.02617,0.26140678,1.6836839,0.06,0.12,0.43567798,1.3070339,151.0,,56
2931717,2931713,39.40879,-91.02685,7.249669,0.38872486,0.055,0.11,12.082782,50.0,374.0,,56
2931671,2931667,39.42763,-91.06957,6.6098814,0.40489677,0.055,0.11,11.016469,33.049404,111.0,,56
2928911,2930373,39.468067,-90.73758,9.14825,0.35081226,0.055,0.11,15.247082,50.0,659.0,,56
2927103,2927113,39.515373,-91.03251,1.0926896,0.895799,0.06,0.12,1.8211493,5.463448,1156.0,,56
2927101,2924247,39.512318,-91.01195,15.518022,0.27785966,0.05,0.1,25.863369,77.59011,2091.0,,56
4869791,4869883,39.48227,-91.08798,30.390913,0.20655838,0.05,0.1,50.65152,151.95456,672.0,,56
2932231,2932165,39.48366,-91.0622,112.84481,0.11579449,0.045,0.09,188.07468,564.22406,729.0,,56
2932163,2932165,39.480614,-91.06453,0.7221187,1.0754074,0.06,0.12,1.203531,3.6105933,458.0,,56
2931647,2932211,39.4796,-91.0664,0.57739973,1.1869308,0.06,0.12,0.9623329,2.8869987,140.0,,56
2932221,2932223,39.47462,-91.070465,3.6822503,0.5241295,0.055,0.11,6.1370835,30.0,473.0,,56
2924139,2924205,39.536236,-90.80153,1.6469615,0.7474787,0.06,0.12,2.7449358,8.234807,158.0,,57
2924151,2924177,39.535603,-90.90503,2.3708458,0.63649637,0.06,0.12,3.9514096,11.854229,2490.0,,57
2924169,2924209,39.53458,-90.97137,1.4868962,0.78196675,0.06,0.12,2.4781601,7.4344807,1877.0,,57
2924185,2924207,39.52308,-90.82045,1.841021,0.71163416,0.06,0.12,3.0683682,9.205105,1391.0,,57
2924229,2924261,39.51646,-90.785576,1.9290442,0.697121,0.06,0.12,3.2150738,9.645221,2827.0,,57
2927091,2927105,39.518414,-91.041145,1.4508443,0.7904805,0.06,0.12,2.418074,7.2542214,1249.0,,57
2928803,2930863,39.499672,-90.77046,0.8731516,0.9889727,0.06,0.12,1.4552526,4.365758,199.0,,57
2928909,2928911,39.473988,-90.72331,1.8751464,0.7058912,0.06,0.12,3.125244,9.375732,2780.0,,57
2928925,2928929,39.480667,-90.9217,2.0021148,0.6857797,0.06,0.12,3.3368578,10.010573,3114.0,,57
2928927,2928929,39.467197,-90.91229,1.6715541,0.7426069,0.06,0.12,2.7859235,8.357771,2084.0,,57
2928933,2930487,39.46816,-90.96325,1.4453533,0.791804,0.06,0.12,2.4089222,7.2267666,1114.0,,57
2931659,2931669,39.44288,-91.089424,1.4081489,0.8009662,0.06,0.12,2.3469148,7.0407443,1755.0,,57
2931663,2931669,39.435783,-91.096756,1.9387003,0.6955871,0.06,0.12,3.231167,9.693501,2099.0,,57
2931673,2931671,39.429493,-91.078896,1.3301067,0.82136965,0.06,0.12,2.2168446,6.6505337,1798.0,,57
2931725,2931717,39.409214,-91.033485,1.2991935,0.8299353,0.06,0.12,2.1653225,6.4959674,1838.0,,57
2931925,2931911,39.3548,-91.00174,0.89695054,0.977309,0.06,0.12,1.4949175,4.4847527,579.0,,57
2931941,2931911,39.34963,-91.01076,1.8148187,0.71614885,0.06,0.12,3.024698,9.074094,1847.0,,57
2932017,2932013,39.315155,-91.03109,1.5566969,0.7662995,0.06,0.12,2.5944948,7.7834845,2015.0,,57
2924141,2924205,39.53804,-90.808624,2.758248,0.5953843,0.06,0.12,4.59708,13.791241,1516.0,,57
2932023,2932013,39.309532,-91.02547,3.0602696,0.56870717,0.06,0.12,5.100449,15.301348,1358.0,,57
4868809,4869793,39.4576,-91.092155,2.7656953,0.5946765,0.06,0.12,4.6094923,13.828477,5922.0,,57
2924173,2924209,39.530693,-90.96409,3.529091,0.5340458,0.06,0.12,5.8818183,17.645454,1955.0,,57
2927093,2927101,39.517395,-91.01736,3.2894742,0.5508717,0.06,0.12,5.4824567,16.44737,1122.0,,57
2924265,2928831,39.500816,-90.824265,3.5707488,0.531288,0.06,0.12,5.951248,17.853745,319.0,,57
2924149,2924177,39.53884,-90.89089,5.031958,0.45667222,0.055,0.11,8.386598,30.0,1126.0,,57
2924231,2924261,39.508247,-90.77202,6.419761,0.4101438,0.055,0.11,10.699601,32.098804,1160.0,,57
2932219,2932221,39.48077,-91.07496,3.597927,0.5295138,0.055,0.11,5.996545,30.0,1214.0,,57
4869787,4869791,39.482224,-91.09222,5.928003,0.42482048,0.055,0.11,9.880004,30.0,86.0,,57
2931723,2931717,39.40736,-91.02696,7.23142,0.38915735,0.055,0.11,12.052366,50.0,117.0,,57
2931675,2931671,39.42367,-91.07226,6.5889487,0.40546376,0.055,0.11,10.981581,32.944744,948.0,,57
2928917,2928911,39.46549,-90.731346,9.10678,0.35151613,0.055,0.11,15.177966,50.0,711.0,,57
2927095,2927101,39.517227,-91.025505,15.45435,0.27836412,0.05,0.1,25.75725,77.27175,555.0,,57
4869785,4869791,39.48459,-91.096924,30.305925,0.20681372,0.05,0.1,50.509876,151.52963,1039.0,,57
2932159,2932231,39.49072,-91.063644,112.84477,0.1157945,0.045,0.09,188.07462,564.2239,889.0,,57
2932237,2932163,39.483463,-91.0667,0.57739973,1.1869308,0.06,0.12,0.9623329,2.8869987,364.0,,57
2932167,2931647,39.47966,-91.06406,0.49581674,1.2694383,0.06,0.12,0.82636124,2.4790838,370.0,,57
2932217,2932221,39.478046,-91.06988,1.389553,0.80567765,0.06,0.12,2.3159218,6.947765,311.0,,57
2924127,2924141,39.548645,-90.82648,2.2062273,0.65702826,0.06,0.12,3.6770453,11.0311365,3178.0,,58
2924165,2924173,39.541122,-90.95532,1.5740062,0.7625702,0.06,0.12,2.6233437,7.8700314,2054.0,,58
2924213,2924231,39.523815,-90.7716,2.2930012,0.6459406,0.06,0.12,3.8216684,11.465005,3575.0,,58
2927075,2927093,39.534317,-91.01297,2.208448,0.65673673,0.06,0.12,3.6807466,11.042239,3139.0,,58
2931677,2931675,39.423286,-91.08937,1.8323677,0.71311486,0.06,0.12,3.053946,9.161838,2625.0,,58
2932033,2932023,39.301853,-91.043655,2.1543293,0.66396475,0.06,0.12,3.5905488,10.7716465,2591.0,,58
2932057,2932023,39.29005,-91.03868,2.4372113,0.628791,0.06,0.12,4.062019,12.186056,4160.0,,58
4869885,4868809,39.44031,-91.11226,1.0273083,0.9205181,0.06,0.12,1.7121805,5.1365414,185.0,,58
2924123,2924149,39.54987,-90.888306,2.9485376,0.57811606,0.06,0.12,4.9142294,14.742687,1524.0,,58
2928945,2928917,39.460625,-90.7267,2.6841536,0.6025801,0.06,0.12,4.473589,13.420767,756.0,,58
4869781,4869785,39.488457,-91.10004,1.1972947,0.86038727,0.06,0.12,1.9954913,5.9864736,60.0,,58
2924163,2924173,39.53329,-90.953094,3.144917,0.5619025,0.06,0.12,5.241528,15.724585,350.0,,58
2924267,2924265,39.50073,-90.83213,2.01207,0.6842807,0.06,0.12,3.35345,10.06035,1251.0,,58
2927073,2927093,39.52389,-91.010216,2.6029315,0.61080426,0.06,0.12,4.338219,13.014657,2049.0,,58
2924255,2924265,39.505318,-90.82879,3.2653863,0.55266076,0.06,0.12,5.442311,16.326931,960.0,,58
2924121,2924149,39.54474,-90.886894,4.6042414,0.47492465,0.06,0.12,7.6737356,23.021208,579.0,,58
2924215,2924231,39.512806,-90.76184,6.2797613,0.41415292,0.055,0.11,10.466269,31.398806,1179.0,,58
2931637,2932219,39.485992,-91.07701,3.5217693,0.53453535,0.055,0.11,5.869615,30.0,94.0,,58
4869789,4869787,39.481808,-91.09227,5.927736,0.42482895,0.055,0.11,9.8795595,30.0,13.0,,58
2931729,2931723,39.40543,-91.02785,7.2289786,0.38921532,0.055,0.11,12.048298,50.0,385.0,,58
2931731,2931723,39.40445,-91.026596,0.6627467,1.1168933,0.06,0.12,1.1045779,3.3137338,579.0,,58
2931697,2931675,39.415638,-91.08546,6.51172,0.4075783,0.055,0.11,10.852867,32.5586,2004.0,,58
2928923,2928917,39.46351,-90.72588,9.010381,0.35317037,0.055,0.11,15.017302,50.0,392.0,,58
2927089,2927095,39.52008,-91.03022,15.452531,0.27837858,0.05,0.1,25.754217,77.26265,506.0,,58
4869783,4869785,39.493248,-91.105644,30.30427,0.20681871,0.05,0.1,50.50712,151.52135,1547.0,,58
2932155,2932159,39.497303,-91.06475,112.84433,0.1157947,0.045,0.09,188.07388,564.2216,632.0,,58
2932157,2932159,39.497128,-91.068695,2.2575984,0.65039,0.06,0.12,3.7626638,11.287992,878.0,,58
2932213,2932217,39.48045,-91.06898,1.3311852,0.821076,0.06,0.12,2.218642,6.655926,260.0,,58
2932215,2932217,39.47974,-91.06847,0.484577,1.2823453,0.06,0.12,0.80762833,2.422885,153.0,,58
2924091,2924123,39.564472,-90.90018,2.478664,0.6241298,0.06,0.12,4.1311064,12.393319,3273.0,,59
2924101,2924123,39.552612,-90.90423,1.6205318,0.7528327,0.06,0.12,2.7008862,8.102659,2433.0,,59
2924119,2924121,39.54619,-90.87597,1.4807861,0.7833886,0.06,0.12,2.4679768,7.4039307,1793.0,,59
2924167,2924163,39.530315,-90.93729,1.8395842,0.7118793,0.06,0.12,3.0659738,9.197921,2799.0,,59
2924235,2924255,39.508858,-90.84194,1.6666918,0.74356186,0.06,0.12,2.7778196,8.333459,1804.0,,59
2924353,2924215,39.50851,-90.75102,1.3274031,0.8221073,0.06,0.12,2.2123384,6.6370153,1739.0,,59
2928973,2928945,39.451637,-90.72791,1.6846154,0.7400612,0.06,0.12,2.8076923,8.423077,1436.0,,59
2929025,2928945,39.44476,-90.7159,2.313817,0.6433704,0.06,0.12,3.8563616,11.569085,3715.0,,59
4869857,4869781,39.489258,-91.09903,1.1926438,0.86186594,0.06,0.12,1.9877397,5.9632187,197.0,,59
2924161,2924163,39.540207,-90.94374,2.8960788,0.5827128,0.06,0.12,4.826798,14.480393,2254.0,,59
2924183,2927073,39.529934,-90.99382,2.4526072,0.6270465,0.06,0.12,4.0876784,12.263036,1550.0,,59
2928955,2928923,39.45996,-90.71402,3.0390344,0.5704569,0.06,0.12,5.0650573,15.195171,2031.0,,59
2938495,2924267,39.50006,-90.83952,1.6763892,0.7416612,0.06,0.12,2.793982,8.381946,101.0,,59
2924233,2924255,39.515396,-90.83246,2.9832404,0.57513946,0.06,0.12,4.9720674,14.916203,1527.0,,59
2927077,2927089,39.527687,-91.02371,3.1176775,0.5640632,0.06,0.12,5.1961293,15.5883875,1880.0,,59
2924113,2924121,39.549698,-90.882385,4.5154257,0.47902346,0.06,0.12,7.5257096,22.57713,819.0,,59
2924211,2924215,39.51456,-90.754234,6.176449,0.417195,0.055,0.11,10.294082,30.882244,260.0,,59
2932207,2931637,39.487682,-91.077934,3.520546,0.53461725,0.055,0.11,5.8675766,30.0,332.0,,59
4868429,4869789,39.47986,-91.09238,5.9274387,0.4248383,0.055,0.11,9.879065,30.0,394.0,,59
2931737,2931729,39.40309,-91.03046,7.2276664,0.3892465,0.055,0.11,12.046111,50.0,323.0,,59
2931701,2931697,39.412502,-91.09566,0.8185971,1.0175267,0.06,0.12,1.3643285,4.092985,500.0,,59
2931703,2931697,39.41333,-91.097496,6.423825,0.4100293,0.055,0.11,10.706374,32.11912,313.0,,59
2928915,2928923,39.46758,-90.72058,8.881506,0.35542214,0.055,0.11,14.80251,50.0,1240.0,,59
2927079,2927089,39.521255,-91.048454,15.404055,0.27876472,0.05,0.1,25.673424,77.02027,3469.0,,59
4867731,4869783,39.502377,-91.10908,30.30089,0.20682889,0.05,0.1,50.501484,151.50446,754.0,,59
2927615,2932155,39.503685,-91.06621,112.8443,0.11579472,0.045,0.09,188.07384,564.2215,849.0,,59
2927617,2932157,39.50107,-91.07313,2.1417718,0.6656794,0.06,0.12,3.5696197,10.708859,280.0,,59
2931641,2932213,39.48292,-91.06746,1.2638092,0.8401077,0.06,0.12,2.1063488,6.319046,382.0,,59
2931643,2932215,39.48116,-91.067375,0.37978524,1.4278821,0.06,0.12,0.6329754,1.8989263,217.0,,59
2924095,2924113,39.57103,-90.8855,2.4506311,0.6272695,0.06,0.12,4.084385,12.253156,5240.0,,60
2924115,2924161,39.553883,-90.927925,2.161712,0.6629634,0.06,0.12,3.602853,10.808559,2322.0,,60
2924145,2924183,39.543495,-90.979774,1.9567174,0.6927541,0.06,0.12,3.2611957,9.783587,2726.0,,60
2924147,2924183,39.54364,-90.99266,1.6049385,0.75605094,0.06,0.12,2.6748974,8.024693,1875.0,,60
2924189,2924233,39.524433,-90.84382,1.8634385,0.70784444,0.06,0.12,3.1057308,9.317192,1905.0,,60
2924269,2938495,39.50227,-90.84357,1.4608076,0.7880974,0.06,0.12,2.4346793,7.304038,950.0,,60
2927067,2927079,39.538395,-91.06615,2.2353559,0.6532372,0.06,0.12,3.7255933,11.17678,2209.0,,60
2927071,2927077,39.527065,-91.03297,2.138771,0.66609126,0.06,0.12,3.5646183,10.693855,2630.0,,60
2928889,2928915,39.472527,-90.704666,1.6947898,0.73809785,0.06,0.12,2.8246496,8.4739485,2053.0,,60
2929037,2928955,39.44309,-90.69472,2.495956,0.62221843,0.06,0.12,4.1599264,12.479779,3652.0,,60
2931847,2931737,39.38584,-91.03043,2.5571494,0.6156049,0.06,0.12,4.2619157,12.785747,3858.0,,60
2924187,2924233,39.526443,-90.83335,2.4343765,0.6291139,0.06,0.12,4.0572944,12.171883,1335.0,,60
2924351,2924211,39.514313,-90.750694,2.5141168,0.6202315,0.06,0.12,4.1901946,12.570583,494.0,,60
4868431,4868429,39.479153,-91.09564,1.4746268,0.7848305,0.06,0.12,2.4577112,7.373134,245.0,,60
2927063,2927077,39.53448,-91.0211,2.6116984,0.60989887,0.06,0.12,4.352831,13.058493,97.0,,60
2932205,2932207,39.489307,-91.07815,1.7330573,0.73086274,0.06,0.12,2.8884287,10.0,29.0,,60
2924093,2924113,39.55301,-90.87812,4.223041,0.49338198,0.06,0.12,7.0384016,21.115206,332.0,,60
2924349,2924211,39.518806,-90.751305,6.021639,0.42189336,0.055,0.11,10.036064,30.108194,827.0,,60
2932201,2932207,39.48926,-91.07831,3.3533146,0.54621994,0.06,0.12,5.588858,16.766573,34.0,,60
4868435,4868429,39.481045,-91.09804,5.88856,0.42607352,0.055,0.11,9.814266,30.0,782.0,,60
2931739,2931737,39.401752,-91.03254,7.1072326,0.39214277,0.055,0.11,11.845387,50.0,160.0,,60
2931705,2931703,39.412025,-91.09855,6.414827,0.41028294,0.055,0.11,10.691379,32.074135,50.0,,60
2928887,2928915,39.47593,-90.70895,8.846672,0.35603887,0.055,0.11,14.744454,50.0,2040.0,,60
2927065,2927079,39.534836,-91.055275,15.372665,0.2790157,0.05,0.1,25.621109,76.86333,365.0,,60
4869765,4867731,39.497627,-91.11757,30.300436,0.20683026,0.05,0.1,50.500725,151.50218,1163.0,,60
2927643,2927617,39.513634,-91.083046,1.8869879,0.7039335,0.06,0.12,3.14498,9.434939,3098.0,,60
2927645,2927615,39.510937,-91.067696,112.84406,0.11579482,0.045,0.09,188.07344,564.22034,816.0,,60
2927657,2927615,39.508327,-91.06965,1.7737724,0.7234134,0.06,0.12,2.9562871,8.868862,494.0,,60
2927649,2927617,39.502975,-91.07317,1.3570946,0.8141229,0.06,0.12,2.2618244,6.785473,251.0,,60
2932161,2931641,39.484787,-91.06706,0.99420637,0.93391585,0.06,0.12,1.6570106,4.9710317,64.0,,60
2932233,2931643,39.481876,-91.06655,1.464,0.78733873,0.06,0.12,2.44,7.32,25.0,,60
2924097,2924093,39.552383,-90.86104,2.2300246,0.6539257,0.06,0.12,3.7167077,11.150124,3090.0,,61
2924159,2924187,39.54211,-90.83787,2.2082462,0.6567632,0.06,0.12,3.6804104,11.041231,3330.0,,61
2924179,2924349,39.529736,-90.7422,2.3561718,0.6382422,0.06,0.12,3.9269533,11.78086,2440.0,,61
2924217,2924351,39.514156,-90.734505,2.2068334,0.6569487,0.06,0.12,3.6780555,11.034166,2635.0,,61
2924251,2924351,39.506035,-90.74239,1.6340313,0.75008243,0.06,0.12,2.7233856,8.1701565,2033.0,,61
2927055,2927065,39.542213,-91.044945,0.8755884,0.9877575,0.06,0.12,1.459314,4.377942,2126.0,,61
2927059,2927063,39.544678,-91.021515,2.1271193,0.6676985,0.06,0.12,3.5451987,10.635596,2578.0,,61
2928885,2928887,39.479042,-90.69386,1.6333071,0.7502291,0.06,0.12,2.7221787,8.166535,1746.0,,61
2931741,2931739,39.41176,-91.04341,2.0328836,0.6811809,0.06,0.12,3.3881395,10.164418,3343.0,,61
4868563,4868431,39.474106,-91.09139,1.4617069,0.78788346,0.06,0.12,2.436178,7.308534,2008.0,,61
2927061,2927063,39.53839,-91.024536,1.9910765,0.6874544,0.06,0.12,3.3184607,10.0,1102.0,,61
2932203,2932205,39.489502,-91.07801,1.0974125,0.89409614,0.06,0.12,1.8290207,5.4870625,31.0,,61
4868433,4868435,39.478985,-91.0972,1.464,0.78733873,0.06,0.12,2.44,7.32,25.0,,61
2932199,2932205,39.49052,-91.07815,1.563823,0.764757,0.06,0.12,2.6063716,7.819115,238.0,,61
2924085,2924093,39.55529,-90.87633,3.9793494,0.5064907,0.06,0.12,6.632249,19.896746,251.0,,61
2931707,2931705,39.413998,-91.10841,4.1420674,0.4976142,0.06,0.12,6.9034457,20.710339,1853.0,,61
4869871,4869765,39.4978,-91.124176,2.7018557,0.6008351,0.06,0.12,4.503093,13.509278,38.0,,61
2924347,2924349,39.52663,-90.74973,5.8644824,0.4268444,0.055,0.11,9.7741375,30.0,1188.0,,61
2931631,2932201,39.48967,-91.07897,3.3528664,0.5462522,0.06,0.12,5.588111,16.764332,113.0,,61
4868437,4868435,39.478905,-91.09828,5.8823028,0.42627344,0.055,0.11,9.803838,30.0,160.0,,61
2931743,2931739,39.401283,-91.03399,7.045342,0.39365885,0.055,0.11,11.742237,50.0,118.0,,61
2931735,2931705,39.40692,-91.10073,5.7466636,0.43068337,0.055,0.11,9.577772,30.0,1168.0,,61
2928865,2928887,39.482063,-90.700516,8.794027,0.35697764,0.055,0.11,14.656713,50.0,490.0,,61
2927057,2927065,39.537968,-91.05308,15.370854,0.2790302,0.05,0.1,25.618092,76.85427,468.0,,61
4869867,4869765,39.498016,-91.124466,30.291162,0.20685819,0.05,0.1,50.48527,151.45581,63.0,,61
2927651,2927643,39.53047,-91.09304,1.2103935,0.856267,0.06,0.12,2.0173225,6.0519676,1041.0,,61
2927647,2927645,39.522472,-91.06984,112.84403,0.11579484,0.045,0.09,188.07338,564.22015,1784.0,,61
2927661,2927657,39.510597,-91.07198,1.7239707,0.73255974,0.06,0.12,2.8732846,8.619853,224.0,,61
2927111,2927649,39.50709,-91.07318,1.3126153,0.8261806,0.06,0.12,2.1876922,6.563076,718.0,,61
2932235,2932161,39.48822,-91.0661,0.98365325,0.9383231,0.06,0.12,1.639422,4.9182663,751.0,,61
2924081,2924085,39.561703,-90.86243,2.0432544,0.6796534,0.06,0.12,3.405424,10.216272,2949.0,,62
2924345,2924347,39.54693,-90.7425,2.8234198,0.5892817,0.06,0.12,4.7056994,14.117099,4488.0,,62
2927037,2927061,39.544273,-91.02671,0.9628726,0.94720393,0.06,0.12,1.6047877,4.814363,668.0,,62
2927039,2927061,39.54167,-91.02611,1.464,0.78733873,0.06,0.12,2.44,7.32,116.0,,62
2931629,2932203,39.495037,-91.07817,1.0974125,0.89409614,0.06,0.12,1.8290207,5.4870625,1315.0,,62
2931689,2931707,39.426662,-91.11705,1.6325823,0.75037605,0.06,0.12,2.7209706,8.162911,1974.0,,62
2931801,2931743,39.393547,-91.03763,1.415838,0.79904425,0.06,0.12,2.35973,7.07919,1968.0,,62
4868439,4868437,39.48011,-91.10471,2.6289194,0.608133,0.06,0.12,4.381532,13.144597,982.0,,62
2928849,2928865,39.483772,-90.69478,1.8861665,0.7040687,0.06,0.12,3.1436107,9.430832,863.0,,62
2931625,2932199,39.495617,-91.0808,1.55311,0.7670798,0.06,0.12,2.5885167,7.76555,1071.0,,62
2924341,2924085,39.56297,-90.8771,3.7739904,0.51846987,0.06,0.12,6.2899837,18.869951,1761.0,,62
2931691,2931707,39.42008,-91.123474,3.846403,0.5141408,0.06,0.12,6.4106717,19.232016,1268.0,,62
4868339,4869871,39.49576,-91.12575,2.7018557,0.6008351,0.06,0.12,4.503093,13.509278,539.0,,62
4869869,4869867,39.497845,-91.12483,0.60599643,1.1618861,0.06,0.12,1.009994,3.0299823,42.0,,62
2924157,2924347,39.537487,-90.75611,5.577654,0.4363928,0.055,0.11,9.29609,30.0,1571.0,,62
2932197,2931631,39.490425,-91.0805,3.35179,0.54632956,0.06,0.12,5.5863166,16.75895,226.0,,62
4868541,4868437,39.473934,-91.09964,5.6885257,0.43261975,0.055,0.11,9.480876,30.0,2028.0,,62
2927047,2927057,39.540207,-91.05267,6.8481927,0.398619,0.055,0.11,11.413654,50.0,130.0,,62
2931755,2931743,39.400333,-91.03564,7.023252,0.39420462,0.055,0.11,11.70542,50.0,236.0,,62
2931745,2931735,39.402695,-91.10455,0.484577,1.2823453,0.06,0.12,0.80762833,2.422885,222.0,,62
2931747,2931735,39.403004,-91.10583,5.69876,0.43227682,0.055,0.11,9.497933,30.0,324.0,,62
2928847,2928865,39.48528,-90.69965,8.752544,0.3577231,0.055,0.11,14.587575,50.0,282.0,,62
2927049,2927057,39.548485,-91.05797,14.868452,0.28315118,0.05,0.1,24.780754,74.34226,1974.0,,62
4869865,4869867,39.498035,-91.12494,30.291046,0.20685853,0.05,0.1,50.485077,151.45523,19.0,,62
2927653,2927647,39.533577,-91.07524,2.0803576,0.67427874,0.06,0.12,3.4672627,10.401789,948.0,,62
2927667,2927647,39.53365,-91.08439,112.8436,0.11579503,0.045,0.09,188.07266,564.218,2122.0,,62
2927665,2927661,39.513103,-91.07,0.6367306,1.1368014,0.06,0.12,1.0612178,3.183653,480.0,,62
2927663,2927661,39.51335,-91.07232,1.6725925,0.74240345,0.06,0.12,2.7876542,8.362963,401.0,,62
2927659,2927111,39.5096,-91.07219,1.464,0.78733873,0.06,0.12,2.44,7.32,39.0,,62
2924343,2924157,39.556435,-90.75577,2.1320972,0.6670103,0.06,0.12,3.5534952,10.660485,4006.0,,63
2927009,2927049,39.557804,-91.05132,2.3195148,0.64267266,0.06,0.12,3.8658578,11.597574,2983.0,,63
2927121,2931625,39.509842,-91.08553,1.4724149,0.78535044,0.06,0.12,2.4540248,7.3620744,2231.0,,63
2928843,2928849,39.488766,-90.684975,1.7746978,0.723247,0.06,0.12,2.9578297,8.873489,1281.0,,63
2931683,2931691,39.422325,-91.1368,1.8433152,0.7112433,0.06,0.12,3.0721922,9.216577,1838.0,,63
2931757,2931755,39.400665,-91.04499,1.4388956,0.79336977,0.06,0.12,2.3981593,7.1944776,1747.0,,63
4868651,4868541,39.461857,-91.10297,1.5184106,0.77476466,0.06,0.12,2.5306842,7.592053,1444.0,,63
2928841,2928847,39.49068,-90.70399,2.178198,0.66074497,0.06,0.12,3.6303303,10.890991,1181.0,,63
2924379,2924341,39.579773,-90.87716,2.9527898,0.57774866,0.06,0.12,4.921316,14.763948,2847.0,,63
2924383,2924341,39.570496,-90.87531,2.8295412,0.5887189,0.06,0.12,4.715902,14.147706,85.0,,63
4869863,4869865,39.498173,-91.12509,3.113127,0.5644268,0.06,0.12,5.1885448,15.565635,30.0,,63
2931715,2931691,39.414368,-91.13942,3.5263283,0.53423035,0.06,0.12,5.877214,17.631641,2308.0,,63
4868349,4868339,39.492897,-91.12614,2.6851199,0.60248435,0.06,0.12,4.4751997,13.425599,85.0,,63
4868341,4869869,39.495663,-91.12612,0.6035041,1.1640005,0.06,0.12,1.0058402,3.0175207,535.0,,63
2924117,2924157,39.54433,-90.7664,5.416158,0.44208634,0.055,0.11,9.026931,30.0,1135.0,,63
2927041,2927047,39.55709,-91.03943,5.052267,0.45586145,0.055,0.11,8.420445,30.0,4643.0,,63
2931627,2932197,39.493317,-91.08259,3.325022,0.5482656,0.06,0.12,5.541703,16.62511,501.0,,63
4868557,4868541,39.467003,-91.10675,5.616655,0.43505335,0.055,0.11,9.361092,30.0,136.0,,63
2927045,2927047,39.554558,-91.03619,5.727189,0.43132883,0.055,0.11,9.545316,30.0,4242.0,,63
2931763,2931755,39.39914,-91.04109,6.999522,0.39479366,0.055,0.11,11.665871,50.0,807.0,,63
2931769,2931747,39.399628,-91.105316,5.6857285,0.43271363,0.055,0.11,9.476214,30.0,487.0,,63
2928839,2928847,39.489964,-90.69628,8.701152,0.3586537,0.055,0.11,14.50192,50.0,965.0,,63
2927677,2927653,39.537327,-91.07827,1.2980628,0.83025414,0.06,0.12,2.1634378,6.490314,166.0,,63
2927013,2927049,39.554516,-91.06616,14.843688,0.2833595,0.05,0.1,24.73948,74.21844,148.0,,63
4869861,4869865,39.498394,-91.12814,30.278257,0.20689708,0.05,0.1,50.463764,151.3913,544.0,,63
2927607,2927653,39.537952,-91.08123,1.743649,0.72890073,0.06,0.12,2.9060817,8.7182455,528.0,,63
2927613,2927667,39.53512,-91.09631,112.84348,0.11579508,0.045,0.09,188.07246,564.2174,132.0,,63
2927099,2927663,39.52221,-91.07727,1.5551047,0.76664555,0.06,0.12,2.5918412,7.7755237,2079.0,,63
2926993,2927045,39.56574,-91.01892,1.8723717,0.70635253,0.06,0.12,3.1206195,9.361858,1591.0,,64
2928809,2928839,39.497932,-90.68622,1.504515,0.77791345,0.06,0.12,2.507525,7.5225754,2018.0,,64
2928813,2928841,39.49551,-90.71432,1.3875673,0.80618614,0.06,0.12,2.312612,6.937836,1075.0,,64
2928815,2928841,39.494198,-90.71715,1.7881647,0.72083884,0.06,0.12,2.9802747,8.940824,1522.0,,64
2931765,2931715,39.403408,-91.15565,1.4234468,0.79715705,0.06,0.12,2.3724113,7.117234,1877.0,,64
2931817,2931769,39.38898,-91.10742,1.6787965,0.7411918,0.06,0.12,2.7979944,8.393983,2339.0,,64
4868561,4868557,39.467693,-91.11797,1.2499549,0.8442031,0.06,0.12,2.0832584,6.249775,1975.0,,64
2926941,2927041,39.589397,-91.03792,2.9006002,0.5823119,0.06,0.12,4.8343334,14.503001,2881.0,,64
2923943,2924379,39.593132,-90.87429,2.4019055,0.63285196,0.06,0.12,4.0031757,12.009527,648.0,,64
2924027,2924383,39.57274,-90.86939,2.828793,0.5887876,0.06,0.12,4.714655,14.143965,1177.0,,64
2924105,2924117,39.553333,-90.769196,2.937217,0.57909805,0.06,0.12,4.895362,14.686086,1273.0,,64
2931771,2931763,39.396347,-91.04571,2.5108194,0.62059075,0.06,0.12,4.184699,12.554097,432.0,,64
4868309,4869863,39.4991,-91.12565,3.113127,0.5644268,0.06,0.12,5.1885448,15.565635,208.0,,64
2931719,2931715,39.409523,-91.15422,2.9402287,0.57883626,0.06,0.12,4.900381,14.701143,858.0,,64
4869761,4869861,39.49929,-91.13133,0.80019754,1.0277834,0.06,0.12,1.3336625,4.0009875,51.0,,64
2927403,2927013,39.567017,-91.06627,4.414214,0.48383838,0.055,0.11,7.3570237,30.0,3260.0,,64
4872013,4868349,39.491913,-91.12945,2.677647,0.6032256,0.06,0.12,4.462745,13.388236,574.0,,64
2924107,2924117,39.554016,-90.78161,4.9875817,0.45846036,0.055,0.11,8.312635,30.0,2346.0,,64
2926939,2927041,39.579144,-91.02992,4.5069065,0.47942272,0.055,0.11,7.511511,30.0,1156.0,,64
4868573,4868557,39.465153,-91.10884,5.592308,0.43588793,0.055,0.11,9.320514,30.0,403.0,,64
4869879,2931627,39.495243,-91.084854,3.2935638,0.5505698,0.06,0.12,5.489273,16.46782,115.0,,64
2926991,2927045,39.559544,-91.014984,5.581291,0.43626732,0.055,0.11,9.302152,30.0,272.0,,64
2931777,2931763,39.39496,-91.044334,6.8755713,0.39791796,0.055,0.11,11.459286,50.0,548.0,,64
2931775,2931769,39.397488,-91.111275,5.581191,0.43627077,0.055,0.11,9.301985,30.0,800.0,,64
2928811,2928839,39.497158,-90.693405,8.665562,0.35930282,0.055,0.11,14.442603,50.0,729.0,,64
2927051,2927677,39.544586,-91.079445,1.2726882,0.8375169,0.06,0.12,2.121147,6.3634405,1655.0,,64
2927015,2927013,39.554462,-91.0676,14.699671,0.28458095,0.05,0.1,24.49945,73.49835,99.0,,64
2927669,2927607,39.540936,-91.08518,1.5279514,0.77262664,0.06,0.12,2.5465856,7.6397567,409.0,,64
4869763,4869861,39.498695,-91.13497,30.27775,0.20689861,0.05,0.1,50.462917,151.38875,674.0,,64
2927609,2927613,39.53893,-91.09763,2.8534057,0.58654153,0.06,0.12,4.7556763,14.267029,842.0,,64
2927683,2927607,39.54141,-91.090294,1.0091789,0.92777747,0.06,0.12,1.6819648,5.045894,1203.0,,64
2927611,2927613,39.53827,-91.1001,112.842705,0.11579544,0.045,0.09,188.07117,564.2135,801.0,,64
2927655,2927099,39.526333,-91.08827,0.58011395,1.1844776,0.06,0.12,0.96685654,2.9005697,248.0,,64
2924067,2924105,39.565853,-90.76599,1.72885,0.7316469,0.06,0.12,2.8814166,8.64425,2172.0,,65
2926875,2926941,39.6084,-91.02758,2.091847,0.67264235,0.06,0.12,3.4864113,10.459234,2988.0,,65
2927023,2926991,39.555748,-91.01011,1.3689317,0.81100965,0.06,0.12,2.2815528,6.8446584,1582.0,,65
2931773,2931771,39.39636,-91.05455,1.176424,0.8670883,0.06,0.12,1.9607067,5.88212,1513.0,,65
2931833,2931775,39.38575,-91.11716,1.7028447,0.73655546,0.06,0.12,2.8380744,8.514223,2516.0,,65
4868791,4868573,39.454224,-91.11619,2.140058,0.66591454,0.06,0.12,3.5667634,10.700291,3013.0,,65
2923927,2923943,39.59717,-90.875404,2.3165774,0.6430321,0.06,0.12,3.8609624,11.582887,307.0,,65
2924005,2924027,39.57573,-90.86364,2.5958762,0.6115361,0.06,0.12,4.3264604,12.979382,101.0,,65
2924063,2924107,39.572956,-90.78926,2.9436963,0.5785354,0.06,0.12,4.9061604,14.718481,3812.0,,65
2924069,2924105,39.561195,-90.75882,2.6185262,0.6091967,0.06,0.12,4.3642106,13.092631,1780.0,,65
2931761,2931771,39.400196,-91.050606,2.4031043,0.63271266,0.06,0.12,4.0051737,12.015521,799.0,,65
4867287,4868309,39.505733,-91.127106,3.1065888,0.5649505,0.06,0.12,5.177648,15.532945,1233.0,,65
2926925,2927403,39.58225,-91.065315,3.0599482,0.5687335,0.06,0.12,5.0999136,15.299742,543.0,,65
2927401,2927015,39.557495,-91.0685,2.612863,0.60977894,0.06,0.12,4.3547716,13.064316,670.0,,65
2927685,2927669,39.546307,-91.09468,1.1264476,0.8838545,0.06,0.12,1.8774127,5.632238,1642.0,,65
2931709,2931719,39.41094,-91.15983,2.8249211,0.58914346,0.06,0.12,4.708202,14.124606,248.0,,65
4868301,4869761,39.499775,-91.13145,0.79436773,1.0311042,0.06,0.12,1.3239462,3.9718387,68.0,,65
2926927,2927403,39.587177,-91.07223,3.635243,0.52710885,0.06,0.12,6.058738,18.176214,2458.0,,65
2926929,2926939,39.57918,-91.01427,2.6452138,0.6064775,0.06,0.12,4.40869,13.226069,2248.0,,65
4869779,4872013,39.49272,-91.13347,1.165365,0.87070894,0.06,0.12,1.9422749,5.826825,178.0,,65
4869887,4872013,39.492744,-91.13248,2.5474024,0.61664295,0.06,0.12,4.245671,12.737012,21.0,,65
2927821,2927611,39.53704,-91.10455,2.279613,0.6476115,0.06,0.12,3.7993548,11.398065,435.0,,65
2924065,2924107,39.559547,-90.79803,4.339538,0.4874941,0.055,0.11,7.2325635,30.0,1008.0,,65
2926915,2926939,39.583572,-91.02468,4.098976,0.4999154,0.06,0.12,6.831627,20.49488,400.0,,65
4868575,4868573,39.464783,-91.11561,5.4742665,0.44000986,0.055,0.11,9.123777,30.0,820.0,,65
4869873,4869879,39.49596,-91.08504,3.2792063,0.551632,0.06,0.12,5.465344,16.39603,42.0,,65
2931783,2931777,39.393993,-91.05125,4.6527753,0.47273263,0.055,0.11,7.754626,30.0,804.0,,65
2926981,2926991,39.561348,-91.00617,5.539335,0.4377221,0.055,0.11,9.232224,30.0,1359.0,,65
2931791,2931777,39.3916,-91.04837,6.0300875,0.42163247,0.055,0.11,10.050146,30.150438,651.0,,65
2931779,2931775,39.39515,-91.11518,5.510322,0.43873733,0.055,0.11,9.18387,30.0,127.0,,65
2924249,2928811,39.502773,-90.693565,8.644316,0.35969213,0.055,0.11,14.407193,50.0,615.0,,65
2927679,2927051,39.548225,-91.08704,1.464,0.78733873,0.06,0.12,2.44,7.32,44.0,,65
2927011,2927015,39.555813,-91.07736,14.668168,0.28485042,0.05,0.1,24.446947,73.34084,1598.0,,65
2927693,2927669,39.542114,-91.08717,1.21427,0.8550599,0.06,0.12,2.0237832,6.07135,46.0,,65
4867735,4869763,39.50673,-91.14515,30.277243,0.20690015,0.05,0.1,50.46207,151.38622,2049.0,,65
2927671,2927609,39.544415,-91.09988,2.8068,0.5908185,0.06,0.12,4.6779995,14.0339985,623.0,,65
2927819,2927611,39.540184,-91.11005,112.84227,0.115795635,0.045,0.09,188.07045,564.21136,994.0,,65
2923923,2923927,39.606388,-90.876656,2.0250378,0.682344,0.06,0.12,3.3750627,10.125189,1867.0,,66
2923963,2924063,39.58827,-90.77649,1.4384321,0.79348254,0.06,0.12,2.3973868,7.1921606,1381.0,,66
2923965,2924063,39.588726,-90.78755,2.1014395,0.671286,0.06,0.12,3.5023992,10.507197,2275.0,,66
2924001,2924005,39.581165,-90.855,1.8464608,0.71070844,0.06,0.12,3.0774348,9.232305,2079.0,,66
2924003,2924005,39.589954,-90.8595,2.2174878,0.65555423,0.06,0.12,3.695813,11.087439,3664.0,,66
2924033,2924069,39.579395,-90.76347,2.4170625,0.6310981,0.06,0.12,4.0284376,12.085312,3278.0,,66
2924237,2924249,39.506058,-90.68482,1.6961374,0.73783904,0.06,0.12,2.8268957,8.480687,2015.0,,66
2926893,2926927,39.60322,-91.08606,2.4037888,0.6326332,0.06,0.12,4.0063148,12.018944,2968.0,,66
2926909,2926915,39.59206,-91.024956,1.504515,0.77791345,0.06,0.12,2.507525,7.5225754,1731.0,,66
2926917,2926925,39.583435,-91.054405,1.7933156,0.7199247,0.06,0.12,2.9888594,8.966578,1558.0,,66
2926921,2926929,39.582863,-91.00457,1.0626479,0.9068847,0.06,0.12,1.7710799,5.31324,635.0,,66
2926983,2927401,39.569393,-91.07072,1.3203231,0.82404923,0.06,0.12,2.2005386,6.601616,2941.0,,66
2931711,2931709,39.413456,-91.16809,1.2872245,0.83333105,0.06,0.12,2.1453743,6.436123,1574.0,,66
2931749,2931761,39.405373,-91.06772,2.2422304,0.65235287,0.06,0.12,3.7370505,11.211152,3417.0,,66
2931753,2931761,39.401726,-91.06226,1.1879574,0.8633643,0.06,0.12,1.979929,5.939787,1350.0,,66
2931781,2931779,39.40004,-91.12178,1.5138062,0.7758034,0.06,0.12,2.5230105,7.5690312,1628.0,,66
2931831,2931791,39.3824,-91.044655,1.4599073,0.7883118,0.06,0.12,2.433179,7.299536,1787.0,,66
4867443,4867287,39.51314,-91.14236,3.0375142,0.57058287,0.06,0.12,5.062524,15.187571,3043.0,,66
4868565,4868575,39.467392,-91.13294,1.7477875,0.7281388,0.06,0.12,2.9129791,8.738937,2453.0,,66
2926913,2926925,39.60027,-91.065125,2.7816346,0.59317076,0.06,0.12,4.6360574,13.908173,3831.0,,66
2926989,2927401,39.560894,-91.07572,2.4527717,0.627028,0.06,0.12,4.0879526,12.263858,1366.0,,66
2931759,2931709,39.403946,-91.16709,2.525203,0.6190287,0.06,0.12,4.2086716,12.626016,1943.0,,66
2931789,2931783,39.391636,-91.06286,2.7516832,0.59601057,0.06,0.12,4.5861387,13.758416,1474.0,,66
4867289,4868301,39.50241,-91.13135,0.78994024,1.0336499,0.06,0.12,1.3165671,3.9497013,544.0,,66
4869877,4869873,39.497032,-91.08416,0.95779455,0.9494162,0.06,0.12,1.5963242,4.788973,278.0,,66
2926891,2926927,39.59899,-91.076904,2.8659847,0.5854044,0.06,0.12,4.7766414,14.329924,1022.0,,66
2926919,2926929,39.580936,-91.00141,2.053524,0.6781518,0.06,0.12,3.42254,10.26762,355.0,,66
2927673,2927671,39.5472,-91.103065,1.8853443,0.70420414,0.06,0.12,3.1422405,9.426722,410.0,,66
4868373,4869887,39.49026,-91.13365,2.546179,0.61677366,0.06,0.12,4.243632,12.730895,696.0,,66
4868375,4869779,39.49145,-91.13742,1.0790881,0.900763,0.06,0.12,1.7984803,5.3954406,606.0,,66
2924057,2924065,39.56325,-90.80503,3.5453372,0.53296477,0.06,0.12,5.9088955,17.726686,646.0,,66
2927069,2927821,39.534428,-91.1047,2.2308161,0.6538234,0.06,0.12,3.7180266,11.15408,151.0,,66
2924047,2924065,39.57115,-90.80188,3.137895,0.5624569,0.06,0.12,5.229825,15.689475,1929.0,,66
2926907,2926915,39.592335,-91.02151,4.0154924,0.50447434,0.06,0.12,6.6924872,20.077463,1802.0,,66
4868591,4868575,39.46452,-91.12358,5.4005256,0.44265047,0.055,0.11,9.000875,30.0,686.0,,66
4869875,4869873,39.49619,-91.085175,3.2482126,0.553948,0.06,0.12,5.4136877,16.241062,22.0,,66
2931835,2931783,39.384995,-91.06543,4.272892,0.49083415,0.055,0.11,7.121487,30.0,2904.0,,66
2924089,2926981,39.55904,-90.99027,5.458503,0.44057003,0.055,0.11,9.097505,30.0,1923.0,,66
2931837,2931791,39.380592,-91.05237,5.98132,0.42314565,0.055,0.11,9.968866,30.0,1936.0,,66
2931793,2931779,39.391552,-91.12342,5.4676805,0.44024363,0.055,0.11,9.112801,30.0,1625.0,,66
2924239,2924249,39.509872,-90.69505,8.605247,0.3604117,0.055,0.11,14.342077,50.0,1568.0,,66
937110032,2927011,39.557316,-91.08725,14.659992,0.28492048,0.05,0.1,24.433321,73.299965,127.0,,66
2938533,2927693,39.542286,-91.08736,1.2129805,0.8554608,0.06,0.12,2.021634,6.0649023,5.0,,66
4869773,4867735,39.4955,-91.14767,30.27407,0.2069097,0.05,0.1,50.456783,151.37036,974.0,,66
2927687,2927671,39.545902,-91.11248,2.4253292,0.6301482,0.06,0.12,4.0422153,12.126646,1631.0,,66
2927695,2927819,39.54358,-91.1187,0.7542702,1.0549374,0.06,0.12,1.2571169,3.7713509,701.0,,66
2927691,2927819,39.541542,-91.116714,112.842186,0.11579567,0.045,0.09,188.0703,564.21094,185.0,,66
2923977,2924047,39.58538,-90.814476,1.743968,0.7288419,0.06,0.12,2.9066133,8.71984,2833.0,,67
2924051,2924057,39.57496,-90.813225,2.018814,0.6832712,0.06,0.12,3.3646903,10.09407,2893.0,,67
2924099,2924089,39.55524,-90.95424,2.5324903,0.6182422,0.06,0.12,4.220817,12.662452,5812.0,,67
2924227,2924239,39.512688,-90.70828,1.5406303,0.7698149,0.06,0.12,2.5677173,7.7031517,2417.0,,67
2926855,2926913,39.614456,-91.0431,1.9293064,0.69707924,0.06,0.12,3.2155108,9.646532,2072.0,,67
2926865,2926891,39.605064,-91.066345,1.5011086,0.77869177,0.06,0.12,2.5018477,7.505543,2054.0,,67
2926967,2926989,39.5702,-91.07688,1.3365523,0.8196198,0.06,0.12,2.2275872,6.6827617,2228.0,,67
2926969,2926989,39.57814,-91.08286,2.0604692,0.6771424,0.06,0.12,3.4341154,10.302346,2795.0,,67
2931767,2931759,39.400124,-91.182144,1.5474982,0.7683058,0.06,0.12,2.5791638,7.737491,1384.0,,67
2931785,2931759,39.395718,-91.18334,1.8011382,0.7185436,0.06,0.12,3.0018969,9.005691,1904.0,,67
2931807,2931789,39.394066,-91.08669,2.2658784,0.6493404,0.06,0.12,3.7764642,11.329392,3386.0,,67
2931811,2931789,39.385616,-91.07961,1.7663348,0.7247557,0.06,0.12,2.9438913,8.831674,2530.0,,67
2931877,2931793,39.37811,-91.13289,1.8343939,0.71276724,0.06,0.12,3.057323,9.171969,2970.0,,67
2931881,2931837,39.36892,-91.04238,1.6296768,0.750966,0.06,0.12,2.716128,8.148384,2214.0,,67
2931895,2931835,39.367332,-91.0713,1.3689317,0.81100965,0.06,0.12,2.2815528,6.8446584,1806.0,,67
4868317,4869877,39.49836,-91.082695,0.4994555,1.2653497,0.06,0.12,0.83242583,2.4972775,379.0,,67
2926867,2926891,39.610146,-91.07737,2.6046894,0.61062235,0.06,0.12,4.341149,13.023447,1422.0,,67
2927675,2927673,39.549133,-91.110825,1.8589405,0.7085995,0.06,0.12,3.0982342,9.294703,1332.0,,67
2938493,2926919,39.581863,-91.00014,1.9436227,0.6948093,0.06,0.12,3.2393713,9.718114,83.0,,67
4868381,4868373,39.488174,-91.14375,2.4929307,0.62255144,0.06,0.12,4.1548843,12.464653,1166.0,,67
4868753,4868591,39.453827,-91.13449,3.0168467,0.57230407,0.06,0.12,5.028078,15.084234,2494.0,,67
2924059,2924057,39.56171,-90.81884,3.2640643,0.55275947,0.06,0.12,5.440107,16.320322,2331.0,,67
2926887,2926907,39.5944,-91.00792,3.262552,0.55287254,0.06,0.12,5.437587,16.31276,1485.0,,67
2927081,2927069,39.528072,-91.10504,1.9224664,0.6981724,0.06,0.12,3.2041106,9.612331,1328.0,,67
2927083,2927069,39.524273,-91.09294,1.5622449,0.76509774,0.06,0.12,2.6037414,7.8112245,2865.0,,67
4869777,4869773,39.493713,-91.152054,2.1069777,0.67050695,0.06,0.12,3.5116296,10.534889,33.0,,67
2923975,2924047,39.59505,-90.81017,2.791011,0.59229076,0.06,0.12,4.651685,13.955055,4124.0,,67
2926885,2926907,39.598896,-91.01477,2.9170237,0.58086324,0.06,0.12,4.8617063,14.585118,677.0,,67
4868597,4868591,39.463226,-91.13024,5.029674,0.4567637,0.055,0.11,8.38279,30.0,590.0,,67
25897675,4869875,39.49816,-91.087364,3.2482126,0.553948,0.06,0.12,5.4136877,16.241062,563.0,,67
2931839,2931835,39.3751,-91.073524,4.0872865,0.5005456,0.055,0.11,6.812144,30.0,778.0,,67
2924087,2924089,39.55708,-90.97985,5.1188965,0.45323408,0.055,0.11,8.531494,30.0,514.0,,67
2931855,2931837,39.370644,-91.05464,5.862907,0.426895,0.055,0.11,9.771511,30.0,627.0,,67
2931797,2931793,39.386738,-91.13039,5.2894745,0.44672668,0.055,0.11,8.81579,30.0,90.0,,67
2924203,2924239,39.51668,-90.69707,8.558607,0.36127687,0.055,0.11,14.264346,50.0,41.0,,67
937110031,937110032,39.557224,-91.0884,14.659992,0.28492048,0.05,0.1,24.433321,73.299965,70.0,,67
2927605,2938533,39.54533,-91.08715,1.2116884,0.85586315,0.06,0.12,2.0194807,6.0584416,673.0,,67
4869775,4869773,39.49714,-91.15323,30.269129,0.2069246,0.05,0.1,50.448547,151.34564,859.0,,67
2927689,2927691,39.544155,-91.13615,112.842,0.115795754,0.045,0.09,188.07,564.21,3234.0,,67
2927709,2927687,39.55158,-91.137,2.277335,0.6478972,0.06,0.12,3.7955582,11.386675,2976.0,,67
2927705,2927691,39.53883,-91.126785,1.7324113,0.73098296,0.06,0.12,2.887352,8.662056,1635.0,,67
2923985,2938493,39.585606,-90.98998,1.9433643,0.6948501,0.06,0.12,3.2389405,9.716822,2290.0,,68
2924077,2924087,39.566017,-90.98313,1.5852157,0.76018655,0.06,0.12,2.642026,7.9260783,2229.0,,68
2924199,2924203,39.523342,-90.688065,1.8938067,0.70281416,0.06,0.12,3.1563444,9.469033,2383.0,,68
2926833,2926867,39.620205,-91.06233,2.1547525,0.6639072,0.06,0.12,3.591254,10.773762,2368.0,,68
2926835,2926867,39.622288,-91.07387,1.474185,0.7849343,0.06,0.12,2.456975,7.3709245,1819.0,,68
2926871,2926885,39.608585,-91.01431,1.6551203,0.74585086,0.06,0.12,2.7585337,8.275601,1793.0,,68
2927027,2927675,39.557438,-91.13274,1.7025106,0.73661923,0.06,0.12,2.8375175,8.512553,3004.0,,68
2931799,2931797,39.391895,-91.13771,1.5610592,0.76535404,0.06,0.12,2.6017654,7.8052964,2131.0,,68
2931893,2931839,39.367535,-91.07843,1.2974967,0.83041394,0.06,0.12,2.1624944,6.4874835,1364.0,,68
2931947,2931855,39.357212,-91.07327,2.1511502,0.6643975,0.06,0.12,3.5852501,10.755751,4570.0,,68
4868477,4868381,39.480705,-91.16083,1.8558358,0.70912224,0.06,0.12,3.0930598,9.27918,3012.0,,68
4868481,4868381,39.480175,-91.15302,1.8535715,0.7095043,0.06,0.12,3.0892859,9.267858,1865.0,,68
4868599,4868597,39.46389,-91.144485,1.5882809,0.75953895,0.06,0.12,2.647135,7.941405,1921.0,,68
4868823,4868753,39.44282,-91.130455,1.6632018,0.7442498,0.06,0.12,2.772003,8.316009,2099.0,,68
4868929,4868753,39.43305,-91.14752,2.435211,0.6290188,0.06,0.12,4.058685,12.176055,3230.0,,68
2923939,2926887,39.59514,-90.993576,3.0518959,0.56939507,0.06,0.12,5.086493,15.2594795,1173.0,,68
2924049,2924059,39.565426,-90.83144,2.7986724,0.59157485,0.06,0.12,4.664454,13.993362,403.0,,68
2927085,2927081,39.522064,-91.10686,1.6408802,0.7486996,0.06,0.12,2.7348003,8.204401,322.0,,68
4868345,4869777,39.493412,-91.152596,2.1069777,0.67050695,0.06,0.12,3.5116296,10.534889,88.0,,68
2923913,2923975,39.600872,-90.834236,1.4942505,0.78026646,0.06,0.12,2.4904175,7.4712524,1140.0,,68
2926869,2926885,39.60426,-91.010445,2.650036,0.60599035,0.06,0.12,4.4167266,13.25018,784.0,,68
4868615,4868597,39.461113,-91.1385,4.9631977,0.4594527,0.055,0.11,8.2719965,30.0,967.0,,68
25897673,25897675,39.504276,-91.094055,3.1397297,0.5623119,0.06,0.12,5.232883,15.698649,1227.0,,68
2931849,2931839,39.371925,-91.0811,3.977548,0.5065919,0.055,0.11,6.629246,30.0,818.0,,68
2924075,2924087,39.5589,-90.97737,5.0490284,0.45599043,0.055,0.11,8.415047,30.0,109.0,,68
2931863,2931855,39.36746,-91.05568,5.7299156,0.43123826,0.055,0.11,9.54986,30.0,115.0,,68
2931803,2931797,39.385544,-91.13419,5.238629,0.4486344,0.055,0.11,8.731048,30.0,652.0,,68
937110076,937110031,39.565647,-91.090904,8.190874,0.36834487,0.055,0.11,13.651457,50.0,1932.0,,68
2924201,2924203,39.517426,-90.69869,8.523991,0.3619234,0.055,0.11,14.206652,50.0,307.0,,68
937110030,937110031,39.557114,-91.089226,13.700665,0.2935559,0.05,0.1,22.834442,70.0,74.0,,68
937110077,2927605,39.552765,-91.087875,0.92616594,0.9635862,0.06,0.12,1.5436099,4.63083,1023.0,,68
4867737,4869775,39.500954,-91.15938,30.268602,0.2069262,0.05,0.1,50.44767,151.343,651.0,,68
2927723,2927709,39.56379,-91.15557,1.0766531,0.90166116,0.06,0.12,1.7944218,5.3832655,1173.0,,68
2927697,2927689,39.54992,-91.15591,112.8418,0.11579585,0.045,0.09,188.06966,564.209,507.0,,68
2927715,2927709,39.55991,-91.15278,1.5515107,0.7674285,0.06,0.12,2.5858512,7.7575536,303.0,,68
2927703,2927705,39.53785,-91.140305,1.2843428,0.83415544,0.06,0.12,2.1405714,6.421714,751.0,,68
2927823,2927705,39.53762,-91.1363,0.963882,0.9467662,0.06,0.12,1.60647,4.81941,77.0,,68
2923933,2923939,39.605923,-90.96894,2.9144363,0.5810907,0.06,0.12,4.8573937,14.572182,4377.0,,69
2924039,2924049,39.58103,-90.83131,2.4177394,0.6310201,0.06,0.12,4.0295653,12.0886965,4015.0,,69
2924041,2924049,39.570465,-90.83962,1.8456041,0.710854,0.06,0.12,3.0760067,9.22802,1706.0,,69
2924193,2924201,39.521965,-90.711,2.069888,0.67578125,0.06,0.12,3.4498136,10.349441,2537.0,,69
2927087,2927085,39.52889,-91.11571,1.6030625,0.7564411,0.06,0.12,2.6717708,8.015312,2001.0,,69
2931805,2931803,39.38865,-91.14512,1.6197958,0.75298357,0.06,0.12,2.6996596,8.098979,2126.0,,69
2931951,2931849,39.354774,-91.090416,2.132529,0.6669507,0.06,0.12,3.554215,10.662644,4266.0,,69
4868347,4868345,39.49341,-91.16119,1.3984214,0.8034195,0.06,0.12,2.3307023,6.992107,1384.0,,69
4868421,4868345,39.486824,-91.16232,1.8623159,0.7080326,0.06,0.12,3.10386,9.31158,2863.0,,69
2924363,2923913,39.60195,-90.84107,0.91178536,0.9702617,0.06,0.12,1.5196422,4.558927,162.0,,69
2926857,2926869,39.608166,-91.007614,2.088705,0.67308855,0.06,0.12,3.4811752,10.443525,270.0,,69
2926859,2926869,39.60643,-91.00389,1.9806657,0.6890462,0.06,0.12,3.3011096,9.903329,712.0,,69
2931891,2931863,39.364826,-91.05249,2.199539,0.6579089,0.06,0.12,3.6658983,10.997695,805.0,,69
4867247,25897673,39.51553,-91.10298,2.5409665,0.6173315,0.06,0.12,4.2349443,12.704832,1798.0,,69
2924071,2924075,39.56329,-90.974525,1.9222023,0.69821465,0.06,0.12,3.2036705,9.6110115,1113.0,,69
4868617,4868615,39.461197,-91.14802,3.2665188,0.5525762,0.06,0.12,5.444198,16.332594,810.0,,69
4867251,25897673,39.507538,-91.1003,2.233187,0.65351707,0.06,0.12,3.7219782,11.165935,565.0,,69
4868779,4868615,39.45146,-91.15164,4.386067,0.48520577,0.055,0.11,7.3101115,30.0,2619.0,,69
2927603,2927697,39.55191,-91.15929,2.7379298,0.5973296,0.06,0.12,4.563216,13.689649,291.0,,69
2931853,2931849,39.369,-91.087776,3.7232244,0.5215769,0.055,0.11,6.205374,30.0,782.0,,69
2924073,2924075,39.562088,-90.96876,4.9455895,0.4601737,0.055,0.11,8.242649,30.0,1660.0,,69
2931909,2931863,39.36224,-91.05793,5.6104226,0.4352665,0.055,0.11,9.350704,30.0,1278.0,,69
2931809,2931803,39.383194,-91.13791,5.172389,0.4511601,0.055,0.11,8.620648,30.0,184.0,,69
2926957,937110076,39.606506,-91.09556,8.183266,0.36849594,0.055,0.11,13.638776,50.0,7309.0,,69
2924191,2924201,39.524803,-90.69692,8.477826,0.36279157,0.055,0.11,14.12971,50.0,1552.0,,69
937110034,937110030,39.55694,-91.0903,13.700665,0.2935559,0.05,0.1,22.834442,70.0,115.0,,69
4869767,4867737,39.49878,-91.16553,30.268208,0.20692739,0.05,0.1,50.44701,151.34103,533.0,,69
2927601,2927697,39.555542,-91.16103,112.84108,0.11579617,0.045,0.09,188.06847,564.2054,1059.0,,69
2927717,2927715,39.560745,-91.1591,0.9567726,0.9498635,0.06,0.12,1.5946211,4.783863,795.0,,69
2927719,2927715,39.56071,-91.154755,1.372495,0.81008005,0.06,0.12,2.2874918,6.8624754,133.0,,69
2927701,2927703,39.54262,-91.1502,1.1309012,0.8823172,0.06,0.12,1.8848354,5.654506,1326.0,,69
2927053,2927823,39.539356,-91.1395,0.95472246,0.9507628,0.06,0.12,1.591204,4.7736125,596.0,,69
2923907,2926859,39.609867,-90.9908,1.8743148,0.70602936,0.06,0.12,3.123858,9.371574,2009.0,,70
2923915,2924363,39.601192,-90.84384,0.78093785,1.03889,0.06,0.12,1.301563,3.9046893,356.0,,70
2924045,2924073,39.57735,-90.964485,1.9676273,0.69105685,0.06,0.12,3.279379,9.838137,2609.0,,70
2926783,2926957,39.634457,-91.07795,1.7588359,0.7261174,0.06,0.12,2.9313931,8.794179,2377.0,,70
2926845,2926857,39.616,-91.00823,2.0278976,0.6819193,0.06,0.12,3.3798294,10.139488,1775.0,,70
2931883,2931809,39.373173,-91.142426,1.6572359,0.74543065,0.06,0.12,2.7620597,8.28618,2563.0,,70
2931899,2931891,39.361217,-91.043755,1.2523859,0.8434798,0.06,0.12,2.0873098,6.261929,1294.0,,70
2931919,2931853,39.36386,-91.09653,1.3994001,0.8031716,0.06,0.12,2.3323336,6.997,1722.0,,70
2931929,2931909,39.354805,-91.06621,1.285497,0.83382493,0.06,0.12,2.142495,6.427485,1663.0,,70
2931931,2931891,39.352867,-91.04449,1.9521152,0.6934742,0.06,0.12,3.2535255,9.760576,2458.0,,70
4868667,4868617,39.456543,-91.16234,1.5175755,0.7749527,0.06,0.12,2.5292923,7.5878773,2018.0,,70
2924381,2924071,39.56973,-90.973076,1.8139327,0.71630317,0.06,0.12,3.023221,9.069663,571.0,,70
4868613,4868617,39.46141,-91.1549,3.1207728,0.5638163,0.06,0.12,5.2012877,15.603864,471.0,,70
4868789,4868779,39.443058,-91.16688,3.1876104,0.5585698,0.06,0.12,5.3126836,15.938051,783.0,,70
2924155,2924191,39.530575,-90.70277,2.2266552,0.65436214,0.06,0.12,3.711092,11.133276,598.0,,70
4867813,4867251,39.506645,-91.10356,2.1742551,0.6612733,0.06,0.12,3.6237588,10.871276,72.0,,70
4868813,4868779,39.442398,-91.162506,3.4743617,0.53774095,0.06,0.12,5.7906027,17.371809,292.0,,70
937110075,937110034,39.557663,-91.09116,1.5665773,0.7641635,0.06,0.12,2.6109622,10.0,192.0,,70
2927033,2927603,39.551197,-91.164795,2.7288642,0.59820426,0.06,0.12,4.5481067,13.6443205,669.0,,70
2931851,2931853,39.37046,-91.09361,3.5864744,0.5302591,0.055,0.11,5.977457,30.0,395.0,,70
2924043,2924073,39.569668,-90.95595,4.7651973,0.46777946,0.055,0.11,7.941995,30.0,1263.0,,70
2931917,2931909,39.356365,-91.05737,5.5577517,0.43708158,0.055,0.11,9.262919,30.0,44.0,,70
2931813,2931809,39.383446,-91.14287,5.1082253,0.45365155,0.055,0.11,8.513708,30.0,743.0,,70
2926763,2926957,39.63837,-91.0893,8.108529,0.36999053,0.055,0.11,13.5142145,50.0,253.0,,70
2924153,2924191,39.535896,-90.69912,8.396609,0.36433554,0.055,0.11,13.994349,50.0,1427.0,,70
937110074,937110034,39.557945,-91.09476,13.692749,0.29363075,0.05,0.1,22.821249,70.0,804.0,,70
4869769,4869767,39.499207,-91.1695,30.204924,0.20711854,0.05,0.1,50.341537,151.02461,242.0,,70
4869771,4869767,39.498314,-91.16871,5.337025,0.44496632,0.055,0.11,8.895041,30.0,46.0,,70
2927699,2927601,39.56211,-91.16629,112.84101,0.1157962,0.045,0.09,188.06834,564.2051,688.0,,70
2926995,2927719,39.562916,-91.15824,1.3591677,0.8135749,0.06,0.12,2.2652793,6.7958384,781.0,,70
2927707,2927053,39.539623,-91.14355,1.464,0.78733873,0.06,0.12,2.44,7.32,134.0,,70
2924025,2924043,39.58457,-90.95257,1.9574825,0.69263464,0.06,0.12,3.2624707,9.787412,3156.0,,71
2924031,2924381,39.57762,-90.973854,1.7048469,0.73617375,0.06,0.12,2.8414116,8.524235,1661.0,,71
2926755,2926763,39.64847,-91.09754,1.8369926,0.71232224,0.06,0.12,3.0616543,9.184963,2953.0,,71
2927001,937110075,39.56855,-91.09387,1.1709199,0.86888415,0.06,0.12,1.9515331,5.8545995,2307.0,,71
2927405,2927033,39.544197,-91.17364,1.8935349,0.7028586,0.06,0.12,3.1558914,9.467674,2774.0,,71
2931815,2931813,39.387806,-91.15749,1.6832498,0.74032605,0.06,0.12,2.8054163,8.416249,2600.0,,71
2931841,2931851,39.37645,-91.09857,1.2756212,0.83666676,0.06,0.12,2.1260352,6.378106,1281.0,,71
4868605,4868613,39.467815,-91.16256,1.5539085,0.76690584,0.06,0.12,2.5898476,7.7695427,1594.0,,71
4868865,4868789,39.440105,-91.178825,1.3424082,0.81804043,0.06,0.12,2.2373471,6.712041,1574.0,,71
4868921,4868813,39.432095,-91.16342,1.6886995,0.73927104,0.06,0.12,2.8144991,8.443497,2186.0,,71
4868937,4868789,39.43865,-91.197945,3.0413117,0.57026845,0.06,0.12,5.068853,15.206558,5348.0,,71
4869681,4868613,39.46077,-91.18413,2.9606879,0.57706815,0.06,0.12,4.9344797,14.803439,5253.0,,71
2924369,2924155,39.533188,-90.70681,2.042081,0.67982566,0.06,0.12,3.4034684,10.210405,354.0,,71
2927003,937110075,39.559734,-91.09527,1.2877994,0.8331669,0.06,0.12,2.1463323,6.438997,772.0,,71
4867811,4867813,39.50345,-91.102066,1.3795686,0.80824494,0.06,0.12,2.299281,6.897843,773.0,,71
4867815,4867813,39.50738,-91.108604,1.9590106,0.6923962,0.06,0.12,3.2650177,9.7950535,929.0,,71
4869001,4868813,39.427856,-91.1792,3.3038378,0.54981375,0.06,0.12,5.5063963,16.51919,4851.0,,71
2927031,2927033,39.551132,-91.16888,2.332826,0.64105225,0.06,0.12,3.888043,11.664129,40.0,,71
2924135,2924153,39.53835,-90.68802,3.177489,0.55935407,0.06,0.12,5.295815,15.887445,1365.0,,71
2931867,2931851,39.3711,-91.0995,3.499212,0.5360528,0.055,0.11,5.8320203,30.0,980.0,,71
2931933,2931917,39.35115,-91.060715,3.854971,0.51363635,0.06,0.12,6.4249516,19.274855,1259.0,,71
2924023,2924043,39.577286,-90.94452,4.5212054,0.4787532,0.055,0.11,7.535342,30.0,1392.0,,71
2927599,2927699,39.57219,-91.18146,4.1150045,0.49905536,0.055,0.11,6.858341,30.0,2988.0,,71
2931949,2931917,39.349567,-91.05586,4.822806,0.465306,0.055,0.11,8.03801,30.0,1629.0,,71
2926987,937110074,39.560898,-91.09843,3.6158266,0.5283557,0.06,0.12,6.0263777,18.079132,106.0,,71
2931823,2931813,39.37985,-91.14665,5.0221124,0.45706698,0.055,0.11,8.370188,30.0,398.0,,71
2926753,2926763,39.639877,-91.08899,8.0721445,0.37072533,0.055,0.11,13.453574,50.0,99.0,,71
2924125,2924153,39.541428,-90.68988,8.211775,0.36793098,0.055,0.11,13.686291,50.0,1245.0,,71
2926985,937110074,39.56286,-91.10013,13.592914,0.29458025,0.05,0.1,22.654856,70.0,580.0,,71
4867739,4869769,39.508926,-91.160545,30.2048,0.20711891,0.05,0.1,50.34133,151.024,3125.0,,71
4868325,4869771,39.496883,-91.1745,5.3363705,0.4449904,0.055,0.11,8.89395,30.0,1059.0,,71
2927597,2927699,39.56956,-91.17021,112.8387,0.11579725,0.045,0.09,188.0645,564.1935,1179.0,,71
2927721,2926995,39.566223,-91.16085,1.2912382,0.8321873,0.06,0.12,2.1520636,6.4561906,140.0,,71
2924109,2924125,39.55425,-90.67789,2.0532918,0.67818564,0.06,0.12,3.4221528,10.2664585,3070.0,,72
2924143,2924369,39.535816,-90.71746,1.8625966,0.7079855,0.06,0.12,3.1043277,9.3129835,1923.0,,72
2924197,2924135,39.52552,-90.67835,1.5559012,0.7664724,0.06,0.12,2.5931687,7.779506,2212.0,,72
2926971,2926985,39.580223,-91.10148,1.834683,0.7127177,0.06,0.12,3.0578048,9.173414,3534.0,,72
2926977,2927003,39.567352,-91.09809,1.1777923,0.8666437,0.06,0.12,1.9629872,5.888962,1095.0,,72
2927035,2927031,39.546898,-91.174,1.3354822,0.8199094,0.06,0.12,2.2258039,6.677411,1617.0,,72
2931897,2931823,39.369762,-91.14768,1.4781525,0.7840041,0.06,0.12,2.4635875,7.390763,1981.0,,72
2931953,2931933,39.347816,-91.07474,1.4365755,0.7939348,0.06,0.12,2.3942926,7.1828775,1928.0,,72
2931971,2931949,39.340847,-91.04715,1.7905923,0.72040755,0.06,0.12,2.9843204,8.952961,1853.0,,72
4867285,4867815,39.502213,-91.10581,0.7558899,1.0539395,0.06,0.12,1.2598165,3.7794497,734.0,,72
4868329,4867811,39.497368,-91.099945,0.9778031,0.94079566,0.06,0.12,1.6296719,4.8890157,670.0,,72
4868999,4869001,39.416847,-91.20293,1.9915695,0.6873793,0.06,0.12,3.3192825,9.957848,1715.0,,72
4869083,4869001,39.407513,-91.20004,2.018574,0.68330705,0.06,0.12,3.36429,10.092871,1959.0,,72
2926741,2926753,39.64956,-91.08881,2.6773696,0.6032532,0.06,0.12,4.4622827,13.3868475,2564.0,,72
2927029,2927031,39.552982,-91.17209,2.1680012,0.6621142,0.06,0.12,3.6133354,10.840006,677.0,,72
2931905,2931867,39.36372,-91.10218,2.7040358,0.60062134,0.06,0.12,4.5067263,13.520179,1131.0,,72
4867701,4867739,39.516,-91.17271,2.1492383,0.6646581,0.06,0.12,3.582064,10.746191,25.0,,72
2924137,2924135,39.534298,-90.67257,2.9440424,0.57850534,0.06,0.12,4.906738,14.720213,1725.0,,72
2931871,2931867,39.367413,-91.10812,2.6349454,0.6075191,0.06,0.12,4.391576,13.174727,1219.0,,72
2923979,2924023,39.582016,-90.93515,2.3720753,0.6363508,0.06,0.12,3.9534588,11.860376,654.0,,72
2927593,2927599,39.582226,-91.192116,3.540906,0.5332589,0.055,0.11,5.9015102,30.0,173.0,,72
2931973,2931933,39.34063,-91.06792,3.7412136,0.52046895,0.06,0.12,6.235356,18.706068,2098.0,,72
2923973,2924023,39.582962,-90.93773,4.1193385,0.49882364,0.055,0.11,6.8655643,30.0,348.0,,72
2927591,2927599,39.588192,-91.195465,2.6565332,0.60533607,0.06,0.12,4.4275556,13.282666,1512.0,,72
2931969,2931949,39.340195,-91.05584,4.6472144,0.47298214,0.055,0.11,7.7453575,30.0,623.0,,72
2926997,2926987,39.565163,-91.1103,3.4152255,0.54182917,0.06,0.12,5.6920424,17.076128,2299.0,,72
2927005,2926987,39.558357,-91.109436,1.9129168,0.6997079,0.06,0.12,3.1881945,9.564584,1980.0,,72
2931825,2931823,39.37804,-91.149155,4.9682603,0.4592461,0.055,0.11,8.280434,30.0,274.0,,72
4868313,4868325,39.499466,-91.18094,5.240514,0.4485632,0.055,0.11,8.73419,30.0,258.0,,72
2926739,2926753,39.641533,-91.083725,7.963395,0.37295043,0.055,0.11,13.2723255,50.0,1009.0,,72
2924111,2924125,39.548687,-90.691345,8.117967,0.36980072,0.055,0.11,13.529943,50.0,814.0,,72
2926973,2926985,39.568546,-91.11625,13.579523,0.29470837,0.05,0.1,22.632538,70.0,2807.0,,72
4867705,4867739,39.51623,-91.17643,30.19741,0.20714128,0.05,0.1,50.329018,150.98706,921.0,,72
4868311,4868325,39.499638,-91.17984,1.5665773,0.7641635,0.06,0.12,2.6109622,7.832886,120.0,,72
2927711,2927597,39.576,-91.17055,112.838615,0.11579729,0.045,0.09,188.06436,564.19305,266.0,,72
2927725,2927721,39.571262,-91.16514,1.2744495,0.83700603,0.06,0.12,2.1240826,6.3722477,1257.0,,72
2923969,2923973,39.591248,-90.94565,1.7314414,0.73116356,0.06,0.12,2.8857358,8.6572075,2658.0,,73
2923987,2923979,39.582363,-90.91905,1.8575305,0.7088368,0.06,0.12,3.095884,9.287653,2453.0,,73
2924103,2924111,39.551285,-90.70459,1.7154491,0.7341629,0.06,0.12,2.8590817,8.577246,2464.0,,73
2924133,2924137,39.543324,-90.663246,1.7512743,0.7274988,0.06,0.12,2.9187906,8.756372,1895.0,,73
2926623,2926741,39.67005,-91.08448,2.0062542,0.6851551,0.06,0.12,3.343757,10.031271,2313.0,,73
2926625,2926741,39.66704,-91.09519,1.6618018,0.7445264,0.06,0.12,2.7696695,8.309009,1896.0,,73
2926769,2926739,39.640385,-91.07098,1.2940903,0.8313776,0.06,0.12,2.156817,6.4704514,1617.0,,73
2926933,2926973,39.582092,-91.11704,3.211572,0.55672735,0.06,0.12,5.35262,16.05786,2371.0,,73
2927017,2927029,39.56308,-91.17571,1.2257575,0.8515153,0.06,0.12,2.0429292,6.1287875,1663.0,,73
2927019,2927029,39.56365,-91.18031,1.888902,0.70361865,0.06,0.12,3.14817,9.4445095,1977.0,,73
2931965,2931905,39.348934,-91.10892,1.828011,0.71386415,0.06,0.12,3.046685,9.140055,2747.0,,73
2931967,2931905,39.34973,-91.11923,2.284722,0.6469722,0.06,0.12,3.8078701,11.423611,3921.0,,73
2931975,2931973,39.33697,-91.09593,2.020733,0.6829849,0.06,0.12,3.3678885,10.103665,3683.0,,73
2931827,2931825,39.379627,-91.154816,2.6547003,0.6055204,0.06,0.12,4.4245005,13.273501,859.0,,73
2931869,2931871,39.36762,-91.114975,0.8102057,1.0221628,0.06,0.12,1.3503429,4.0510287,166.0,,73
4867695,4867701,39.516117,-91.172615,2.1492383,0.6646581,0.06,0.12,3.582064,10.746191,9.0,,73
2924131,2924137,39.535797,-90.66053,2.4770508,0.62430906,0.06,0.12,4.128418,12.385254,490.0,,73
2931875,2931871,39.366264,-91.11764,2.3846505,0.63486814,0.06,0.12,3.9744174,11.923252,585.0,,73
2932003,2931969,39.328754,-91.06775,2.8165178,0.5899183,0.06,0.12,4.694196,14.082589,3342.0,,73
2924021,2923979,39.576057,-90.92806,1.782985,0.721762,0.06,0.12,2.9716418,8.914926,1390.0,,73
2926951,2927593,39.579586,-91.19519,3.5377574,0.5334682,0.055,0.11,5.8962626,30.0,600.0,,73
2931989,2931973,39.329433,-91.09172,3.356897,0.5459627,0.06,0.12,5.5948286,16.784487,3597.0,,73
2923967,2923973,39.58671,-90.9363,4.0010347,0.50527775,0.055,0.11,6.668391,30.0,530.0,,73
2927739,2927591,39.59819,-91.20047,1.0101004,0.9274039,0.06,0.12,1.6835006,5.050502,886.0,,73
2927733,2927591,39.59523,-91.20021,2.3755813,0.6359363,0.06,0.12,3.9593022,11.877907,282.0,,73
2931983,2931969,39.33155,-91.05059,4.238571,0.49258363,0.06,0.12,7.0642858,21.192856,1818.0,,73
2926999,2926997,39.560146,-91.13385,3.3276632,0.5480736,0.06,0.12,5.546105,16.638315,2462.0,,73
2931829,2931825,39.37759,-91.15096,4.6815147,0.47145012,0.055,0.11,7.8025246,30.0,88.0,,73
4867295,4868313,39.50331,-91.19167,5.216172,0.44948548,0.055,0.11,8.693621,30.0,1902.0,,73
2926731,2926739,39.643044,-91.07818,7.9347086,0.37354466,0.055,0.11,13.224515,50.0,164.0,,73
2924083,2924111,39.554928,-90.69224,8.082721,0.37051126,0.055,0.11,13.471202,50.0,656.0,,73
2926935,2926973,39.580235,-91.128235,13.4941025,0.29552996,0.05,0.1,22.490171,70.0,470.0,,73
4867703,4867705,39.520683,-91.179726,30.196995,0.20714253,0.05,0.1,50.328323,150.98497,1624.0,,73
4867291,4868311,39.506718,-91.18138,1.5426565,0.76936865,0.06,0.12,2.571094,7.7132826,1551.0,,73
2927713,2927711,39.58867,-91.173904,112.83826,0.11579745,0.045,0.09,188.06377,564.1913,2593.0,,73
2927729,2927711,39.577404,-91.17243,2.1526349,0.66419524,0.06,0.12,3.5877247,10.763174,265.0,,73
2924079,2924083,39.55817,-90.70502,1.5817534,0.7609202,0.06,0.12,2.6362555,7.9087667,2183.0,,74
2924171,2924131,39.528954,-90.6651,1.8430288,0.711292,0.06,0.12,3.0717146,9.215144,2331.0,,74
2926725,2926731,39.659508,-91.06988,2.489099,0.62297404,0.06,0.12,4.1484985,12.445495,4276.0,,74
2926949,2926935,39.57867,-91.1416,1.9272069,0.6974142,0.06,0.12,3.2120113,9.636034,2579.0,,74
2931819,2931827,39.3848,-91.16785,1.8162938,0.71589226,0.06,0.12,3.0271564,9.081469,1953.0,,74
2931821,2931827,39.38157,-91.17892,2.233187,0.65351707,0.06,0.12,3.7219782,11.165935,3626.0,,74
2931945,2931875,39.357826,-91.13115,2.2060251,0.65705484,0.06,0.12,3.6767085,11.030126,3277.0,,74
2931991,2931989,39.3288,-91.11246,1.3439966,0.8176138,0.06,0.12,2.2399945,6.7199836,1486.0,,74
2932019,2931983,39.31804,-91.05232,1.7327343,0.7309228,0.06,0.12,2.8878906,8.6636715,1888.0,,74
2932031,2932003,39.31291,-91.087975,1.769131,0.72425014,0.06,0.12,2.9485517,8.8456545,2133.0,,74
2932191,2931869,39.36748,-91.11655,0.7021581,1.0887891,0.06,0.12,1.1702635,3.5107906,214.0,,74
4867217,4867695,39.526737,-91.167915,2.1492383,0.6646581,0.06,0.12,3.582064,10.746191,2677.0,,74
2924129,2924131,39.535835,-90.65684,2.0089238,0.68475324,0.06,0.12,3.3482063,10.044619,190.0,,74
2926959,2926951,39.575844,-91.20008,2.8261714,0.5890285,0.06,0.12,4.7102857,14.1308565,701.0,,74
2927735,2927733,39.59604,-91.20164,1.5287755,0.7724428,0.06,0.12,2.547959,7.6438775,38.0,,74
2931873,2931875,39.366074,-91.11971,1.3142743,0.8257203,0.06,0.12,2.1904573,6.5713716,229.0,,74
2932011,2932003,39.32002,-91.08646,2.0481682,0.67893356,0.06,0.12,3.4136138,10.240842,747.0,,74
4867689,4867703,39.522346,-91.18795,1.8035319,0.71812266,0.06,0.12,3.0058866,9.017659,42.0,,74
2923955,2923967,39.59157,-90.93553,3.1205666,0.56383276,0.06,0.12,5.2009444,15.602833,574.0,,74
2924365,2924021,39.572647,-90.922035,1.5720578,0.7629871,0.06,0.12,2.6200964,7.860289,331.0,,74
2926953,2926951,39.57873,-91.19846,2.7167747,0.59937716,0.06,0.12,4.527958,13.583874,87.0,,74
2931993,2931989,39.324112,-91.10859,2.8558567,0.5863194,0.06,0.12,4.7597613,14.279284,110.0,,74
2923957,2923967,39.589256,-90.932175,3.1464393,0.5617826,0.06,0.12,5.2440658,15.732197,614.0,,74
2931887,2931829,39.370888,-91.16479,3.7549381,0.5196288,0.055,0.11,6.25823,30.0,2781.0,,74
2927743,2927733,39.59856,-91.2028,2.1105075,0.670012,0.06,0.12,3.5175126,10.552537,641.0,,74
2932001,2931983,39.32317,-91.0605,3.9637272,0.5073704,0.06,0.12,6.606212,19.818636,878.0,,74
2927595,2926999,39.567616,-91.14518,3.127356,0.5632924,0.06,0.12,5.2122602,15.636781,959.0,,74
2931921,2931829,39.368656,-91.15324,3.639454,0.5268397,0.06,0.12,6.0657563,18.19727,2569.0,,74
4868303,4867295,39.499924,-91.2014,5.166623,0.45138216,0.055,0.11,8.611038,30.0,64.0,,74
2926727,2926731,39.64577,-91.06591,7.8436475,0.37545174,0.055,0.11,13.072745,50.0,2235.0,,74
2924061,2924083,39.55957,-90.693886,8.04729,0.37123007,0.055,0.11,13.412149,50.0,446.0,,74
2926923,2926935,39.592537,-91.130135,13.478185,0.2956839,0.05,0.1,22.463642,70.0,2285.0,,74
4867715,4867703,39.51617,-91.19032,30.191416,0.20715943,0.05,0.1,50.319023,150.95708,1716.0,,74
4867709,4867291,39.51309,-91.17895,1.464,0.78733873,0.06,0.12,2.44,7.32,54.0,,74
2927727,2927713,39.600304,-91.18014,112.83812,0.11579751,0.045,0.09,188.06354,564.1906,321.0,,74
2926955,2927729,39.586308,-91.17789,2.1329606,0.66689116,0.06,0.12,3.5549343,10.664803,2187.0,,74
2923937,2923955,39.604313,-90.93947,2.0967653,0.6719458,0.06,0.12,3.4946089,10.483827,3070.0,,75
2924055,2924061,39.562477,-90.706985,1.9121168,0.699837,0.06,0.12,3.1868613,9.560584,2592.0,,75
2926709,2926727,39.659122,-91.053696,2.0556123,0.67784774,0.06,0.12,3.4260206,10.278062,3063.0,,75
2926879,2926923,39.609924,-91.13464,2.5178747,0.6198229,0.06,0.12,4.196458,12.589374,1891.0,,75
2926897,2927735,39.596733,-91.21161,1.5287755,0.7724428,0.06,0.12,2.547959,7.6438775,1728.0,,75
2926945,2926953,39.5833,-91.20585,1.3810751,0.80785584,0.06,0.12,2.301792,6.905376,1728.0,,75
2926965,2926959,39.57171,-91.21883,2.1186264,0.668878,0.06,0.12,3.531044,10.593132,3088.0,,75
2926979,2926959,39.56579,-91.20395,2.2612643,0.64992464,0.06,0.12,3.7687738,11.306321,2811.0,,75
2931937,2931921,39.352516,-91.146805,1.6164759,0.75366545,0.06,0.12,2.6941266,8.08238,1583.0,,75
2932015,2932011,39.319523,-91.09803,1.2808679,0.83515304,0.06,0.12,2.13478,6.40434,1580.0,,75
2932021,2931993,39.317413,-91.11447,1.749057,0.7279056,0.06,0.12,2.915095,8.745285,2029.0,,75
2932025,2932011,39.31148,-91.09812,1.6201639,0.7529081,0.06,0.12,2.700273,8.10082,2160.0,,75
2932029,2932001,39.312378,-91.06224,1.5832939,0.7605935,0.06,0.12,2.6388233,7.9164696,1919.0,,75
2932193,2931873,39.36724,-91.12241,1.2872245,0.83333105,0.06,0.12,2.1453743,6.436123,304.0,,75
3597518,2924129,39.53448,-90.642624,1.991323,0.68741685,0.06,0.12,3.3188717,9.956615,2486.0,,75
4867199,4867689,39.5307,-91.188675,1.802635,0.7182803,0.06,0.12,3.0043917,9.013175,1728.0,,75
2923935,2923955,39.59666,-90.930786,2.7083855,0.6001955,0.06,0.12,4.5139756,13.541927,1103.0,,75
2924367,2924365,39.57152,-90.92062,1.052542,0.91071594,0.06,0.12,1.7542367,5.26271,5.0,,75
2926947,2926953,39.581444,-91.21018,2.582398,0.6129422,0.06,0.12,4.3039966,12.911989,2254.0,,75
2931889,2931887,39.363747,-91.187874,2.4751124,0.6245247,0.06,0.12,4.1251874,12.375563,1837.0,,75
2931995,2931993,39.322994,-91.11107,2.6026382,0.61083466,0.06,0.12,4.3377304,13.013191,402.0,,75
2924377,2923957,39.58897,-90.92555,3.100024,0.565478,0.06,0.12,5.1667066,15.50012,591.0,,75
2931903,2931887,39.36284,-91.17888,2.8563464,0.58627504,0.06,0.12,4.760577,14.281732,350.0,,75
2927741,2927743,39.605045,-91.20513,2.0570023,0.6776456,0.06,0.12,3.428337,10.285011,831.0,,75
2932035,2932001,39.311306,-91.071625,3.826381,0.51532596,0.06,0.12,6.3773017,19.131905,2593.0,,75
2926963,2927595,39.575127,-91.14442,3.0136511,0.57257175,0.06,0.12,5.022752,15.068255,1205.0,,75
2931927,2931921,39.35482,-91.15275,3.2129364,0.55662304,0.06,0.12,5.3548937,16.064682,485.0,,75
4867711,4867715,39.513515,-91.19594,2.5895243,0.61219746,0.06,0.12,4.315874,12.947621,39.0,,75
4868305,4868303,39.49994,-91.201805,2.7436326,0.5967815,0.06,0.12,4.572721,13.718163,30.0,,75
4868327,4868303,39.498512,-91.20224,4.8771596,0.4630111,0.055,0.11,8.128599,30.0,333.0,,75
2926713,2926727,39.64615,-91.055466,7.7286882,0.37790537,0.055,0.11,12.881147,50.0,301.0,,75
2924053,2924061,39.564014,-90.69471,7.9900217,0.3724016,0.055,0.11,13.316703,50.0,655.0,,75
2927587,2927727,39.60307,-91.18083,1.2679677,0.838891,0.06,0.12,2.1132796,6.3398385,319.0,,75
2926881,2926923,39.605213,-91.14276,13.433637,0.29611608,0.05,0.1,22.389395,70.0,1694.0,,75
4867707,4867715,39.522774,-91.2039,30.182497,0.20718642,0.05,0.1,50.30416,150.91249,2430.0,,75
2927589,2927727,39.606743,-91.192314,112.838036,0.11579755,0.045,0.09,188.06339,564.1902,2274.0,,75
2927731,2926955,39.597515,-91.179886,0.64121014,1.1332908,0.06,0.12,1.0686836,3.2060509,370.0,,75
2923917,2923935,39.60834,-90.91772,2.084878,0.6736334,0.06,0.12,3.4747965,10.424389,2710.0,,76
2923919,2923935,39.611305,-90.92806,2.046299,0.6792071,0.06,0.12,3.4104984,10.231495,2640.0,,76
2923971,2924377,39.58615,-90.91261,1.5657912,0.7643327,0.06,0.12,2.6096523,7.8289566,1964.0,,76
2924035,2924053,39.569096,-90.68206,1.8886287,0.7036636,0.06,0.12,3.1477146,9.443144,2393.0,,76
2924037,2924367,39.570568,-90.91823,1.0343891,0.9177328,0.06,0.12,1.7239819,5.1719456,457.0,,76
2926791,2926713,39.635006,-91.04933,2.0969884,0.6719143,0.06,0.12,3.4949806,10.4849415,2879.0,,76
2926931,2926947,39.58233,-91.23238,2.0689728,0.6759131,0.06,0.12,3.4482882,10.344865,2140.0,,76
2931861,2931889,39.373955,-91.20151,1.8020365,0.7183855,0.06,0.12,3.0033944,9.010182,1484.0,,76
2931865,2931889,39.36933,-91.20605,1.565398,0.7644174,0.06,0.12,2.6089966,7.82699,1890.0,,76
2931961,2931903,39.35061,-91.187996,2.2473106,0.65170187,0.06,0.12,3.7455177,11.236553,3047.0,,76
2931997,2931995,39.321987,-91.1236,1.802934,0.71822774,0.06,0.12,3.0048902,9.01467,2289.0,,76
2932009,2931995,39.319614,-91.13022,2.239878,0.65265507,0.06,0.12,3.73313,11.19939,3367.0,,76
2932059,2932035,39.28576,-91.067566,2.3549263,0.6383911,0.06,0.12,3.9248772,11.7746315,3581.0,,76
2923953,2924377,39.594887,-90.912,2.86562,0.5854373,0.06,0.12,4.7760334,14.328099,2828.0,,76
2931913,2931903,39.360195,-91.18536,2.2353559,0.6532372,0.06,0.12,3.7255933,11.17678,981.0,,76
2926943,2926963,39.578415,-91.15202,1.7200478,0.73329633,0.06,0.12,2.8667464,8.600239,559.0,,76
2927583,2927741,39.607014,-91.20874,1.9235218,0.69800335,0.06,0.12,3.2058697,10.0,78.0,,76
2931955,2931927,39.348007,-91.15257,2.4932494,0.62251633,0.06,0.12,4.1554155,12.466248,1122.0,,76
2932039,2932035,39.296417,-91.07496,3.024095,0.5716985,0.06,0.12,5.0401587,15.120476,817.0,,76
2926937,2926963,39.58273,-91.15349,2.5027764,0.6214698,0.06,0.12,4.171294,12.513882,1189.0,,76
2927737,2927589,39.61061,-91.20748,0.8828209,0.9841792,0.06,0.12,1.4713681,4.4141045,731.0,,76
2931935,2931927,39.35119,-91.15597,2.51678,0.6199419,0.06,0.12,4.194633,12.5838995,676.0,,76
4867713,4867711,39.513367,-91.196144,2.5893762,0.6122129,0.06,0.12,4.315627,12.946881,16.0,,76
2926841,2926881,39.617393,-91.146194,4.822983,0.46529847,0.055,0.11,8.038304,30.0,1378.0,,76
4867297,4868305,39.500984,-91.20553,2.7433677,0.59680694,0.06,0.12,4.5722795,13.716839,794.0,,76
4867685,4867707,39.53014,-91.21353,3.742518,0.5203889,0.06,0.12,6.23753,18.71259,38.0,,76
4868367,4868327,39.493774,-91.20665,4.8726063,0.4632019,0.055,0.11,8.121011,30.0,1089.0,,76
2926711,2926713,39.646812,-91.04819,7.6701856,0.37917432,0.055,0.11,12.783643,50.0,1299.0,,76
2924029,2924053,39.568146,-90.69466,7.942383,0.3733854,0.055,0.11,13.237305,50.0,731.0,,76
2927585,2927587,39.610992,-91.175316,1.1946414,0.86122984,0.06,0.12,1.991069,5.9732065,1800.0,,76
2926843,2926881,39.614334,-91.151024,13.184152,0.29857522,0.05,0.1,21.973587,70.0,734.0,,76
4867683,4867707,39.529976,-91.20566,30.157774,0.20726134,0.05,0.1,50.262955,150.78886,1671.0,,76
2927581,2927589,39.61591,-91.21963,112.83778,0.11579766,0.045,0.09,188.06297,564.1889,3007.0,,76
2923921,2923953,39.60927,-90.89592,2.047234,0.67907023,0.06,0.12,3.4120567,10.236171,3041.0,,77
2923925,2923953,39.599262,-90.895706,1.7933156,0.7199247,0.06,0.12,2.9888594,8.966578,1607.0,,77
2926701,2926711,39.669445,-91.038,2.7901146,0.5923747,0.06,0.12,4.6501913,13.950573,4904.0,,77
2931915,2931913,39.360966,-91.19988,1.3795686,0.80824494,0.06,0.12,2.299281,6.897843,1782.0,,77
2931939,2931913,39.351677,-91.19499,1.9572275,0.69267446,0.06,0.12,3.2620459,9.786138,1740.0,,77
2931943,2931935,39.346855,-91.16595,1.466187,0.7868204,0.06,0.12,2.443645,7.330935,1570.0,,77
2932041,2932039,39.295143,-91.0921,1.8047265,0.717913,0.06,0.12,3.0078773,9.023632,3008.0,,77
4868491,4868367,39.481964,-91.20447,1.7506415,0.7276149,0.06,0.12,2.9177356,8.753207,2259.0,,77
2926807,2926841,39.62756,-91.14837,2.2629967,0.64970505,0.06,0.12,3.7716613,11.314983,1062.0,,77
2926829,2926843,39.61755,-91.153435,1.6201639,0.7529081,0.06,0.12,2.700273,10.0,131.0,,77
2926873,2927583,39.60521,-91.21146,1.9155787,0.6992788,0.06,0.12,3.1926312,10.0,534.0,,77
2927817,2926943,39.582394,-91.15839,1.6426734,0.74833894,0.06,0.12,2.737789,8.2133665,1018.0,,77
2931959,2931955,39.343582,-91.15127,2.40857,0.6320788,0.06,0.12,4.0142837,12.0428505,499.0,,77
2932043,2932039,39.291164,-91.08004,2.6978958,0.601224,0.06,0.12,4.496493,13.489479,722.0,,77
2926905,2926937,39.590168,-91.155495,2.3818672,0.6351954,0.06,0.12,3.9697785,11.909336,783.0,,77
2931957,2931935,39.34623,-91.15985,2.2492588,0.6514528,0.06,0.12,3.7487645,11.246294,818.0,,77
4867233,4867713,39.513275,-91.19644,2.5893762,0.6122129,0.06,0.12,4.315627,12.946881,64.0,,77
4867665,4867683,39.536976,-91.201996,2.072401,0.67541957,0.06,0.12,3.454002,10.362005,28.0,,77
2926805,2926841,39.628418,-91.1434,4.441498,0.48252487,0.055,0.11,7.4024963,30.0,1517.0,,77
2927573,2927581,39.624157,-91.236046,3.1467438,0.5617586,0.06,0.12,5.2445726,15.733719,402.0,,77
4868315,4867297,39.49939,-91.21233,2.6998088,0.601036,0.06,0.12,4.4996815,13.499044,450.0,,77
4867161,4867685,39.530323,-91.213974,3.7416484,0.52044225,0.06,0.12,6.2360806,18.708242,51.0,,77
4868415,4868367,39.486416,-91.21418,4.722171,0.46965507,0.055,0.11,7.8702846,30.0,1316.0,,77
2926703,2926711,39.648098,-91.039474,7.499163,0.38296527,0.055,0.11,12.498605,50.0,355.0,,77
2924017,2924029,39.570415,-90.69742,0.57739973,1.1869308,0.06,0.12,0.9623329,2.8869987,281.0,,77
2924019,2924029,39.569523,-90.69817,7.9198246,0.37385422,0.055,0.11,13.199708,50.0,143.0,,77
2926831,2926843,39.617527,-91.161644,13.172727,0.29868945,0.05,0.1,21.954544,70.0,1429.0,,77
4867667,4867683,39.539326,-91.2042,30.152454,0.20727748,0.05,0.1,50.254093,150.76227,695.0,,77
2927571,2927581,39.625687,-91.23599,112.83613,0.115798414,0.045,0.09,188.06021,564.18066,501.0,,77
2926785,2926807,39.64884,-91.15565,1.8094894,0.7170786,0.06,0.12,3.0158157,9.047447,4949.0,,78
2926789,2926703,39.637745,-91.02894,2.258757,0.65024275,0.06,0.12,3.7645953,11.293786,3201.0,,78
2926825,2926829,39.624233,-91.15727,1.2957957,0.8308947,0.06,0.12,2.1596594,6.478978,1657.0,,78
2926827,2926829,39.624233,-91.15829,1.2462914,0.84529704,0.06,0.12,2.0771523,6.231457,1644.0,,78
2926877,2926873,39.60517,-91.22247,1.4042736,0.8019406,0.06,0.12,2.340456,7.021368,1510.0,,78
2926889,2926873,39.599968,-91.22133,1.4894998,0.7813634,0.06,0.12,2.4824998,7.4474993,1697.0,,78
2926899,2926905,39.59841,-91.166145,1.9531398,0.69331366,0.06,0.12,3.2552328,9.765698,2237.0,,78
2926911,2927817,39.591274,-91.166016,1.3632953,0.8124872,0.06,0.12,2.2721589,6.816477,1441.0,,78
2927387,2926807,39.639668,-91.14955,1.6441051,0.74805135,0.06,0.12,2.7401752,8.220526,1827.0,,78
2932045,2932043,39.291637,-91.09617,2.1952622,0.6584741,0.06,0.12,3.6587703,10.976311,3008.0,,78
2932063,2932043,39.280468,-91.08023,1.9691403,0.69082254,0.06,0.12,3.2819004,9.845701,1967.0,,78
2932195,2931959,39.337757,-91.15178,2.2162867,0.65571094,0.06,0.12,3.693811,11.081433,910.0,,78
4867159,4867161,39.535835,-91.22976,1.8130457,0.7164578,0.06,0.12,3.0217428,9.065228,3103.0,,78
4867265,4867233,39.50829,-91.20821,1.925366,0.6977083,0.06,0.12,3.2089434,9.62683,2907.0,,78
2926781,2926805,39.634285,-91.132164,3.0019143,0.5735583,0.06,0.12,5.0031905,15.009571,1262.0,,78
2926901,2926905,39.597233,-91.148186,1.6347549,0.7499359,0.06,0.12,2.7245915,8.173775,1910.0,,78
2927569,2927571,39.627155,-91.24031,1.8552703,0.7092176,0.06,0.12,3.092117,9.276351,373.0,,78
2932187,2931957,39.341015,-91.16197,2.18254,0.6601647,0.06,0.12,3.6375668,10.912701,423.0,,78
4867235,4867233,39.51515,-91.20155,2.1517868,0.66431075,0.06,0.12,3.586311,10.758933,1064.0,,78
4867637,4867667,39.54257,-91.20528,2.2388964,0.65278125,0.06,0.12,3.7314942,11.194483,59.0,,78
4867663,4867665,39.537136,-91.20185,2.071031,0.6756167,0.06,0.12,3.4517186,10.355156,14.0,,78
2926777,2926805,39.642635,-91.13647,3.808956,0.5163647,0.06,0.12,6.34826,19.04478,2055.0,,78
4868695,4868415,39.468754,-91.22256,3.225842,0.5556395,0.06,0.12,5.3764033,16.12921,3628.0,,78
2926851,2927573,39.617115,-91.242195,3.1315594,0.56295866,0.06,0.12,5.219266,15.657798,1782.0,,78
4867299,4868315,39.500782,-91.216705,2.6549823,0.60549206,0.06,0.12,4.4249706,13.274912,453.0,,78
4867193,4867161,39.528603,-91.21901,3.5841122,0.5304132,0.06,0.12,5.9735203,17.92056,995.0,,78
4868447,4868415,39.482536,-91.22963,3.9986153,0.50541264,0.055,0.11,6.664359,30.0,1740.0,,78
2926693,2926703,39.64877,-91.0333,7.421454,0.38472924,0.055,0.11,12.36909,50.0,816.0,,78
2924013,2924019,39.570488,-90.69945,7.9128537,0.3739995,0.055,0.11,13.188089,50.0,168.0,,78
2924015,2924019,39.569992,-90.700264,0.8295322,1.0115871,0.06,0.12,1.3825537,4.147661,286.0,,78
937110102,2926831,39.618298,-91.17047,13.162638,0.29879043,0.05,0.1,21.937729,70.0,117.0,,78
4867635,4867667,39.55262,-91.210335,30.147102,0.2072937,0.05,0.1,50.24517,150.7355,3239.0,,78
2927567,2927571,39.63213,-91.243004,112.83588,0.115798526,0.045,0.09,188.0598,564.1794,1404.0,,78
2926687,2926777,39.660336,-91.12696,1.9930475,0.68715435,0.06,0.12,3.3217459,9.965238,2923.0,,79
2926735,2926693,39.64708,-91.02139,1.522573,0.7738295,0.06,0.12,2.5376217,7.612865,1872.0,,79
2926757,2926781,39.647427,-91.11378,2.2894332,0.6463845,0.06,0.12,3.815722,11.4471655,4675.0,,79
2927383,2926781,39.6392,-91.11475,2.2108655,0.65641975,0.06,0.12,3.6847758,11.054328,2456.0,,79
2927391,2927569,39.62267,-91.25074,1.7465161,0.72837263,0.06,0.12,2.9108603,8.73258,1942.0,,79
2927393,2926851,39.609734,-91.25494,1.7811499,0.72208995,0.06,0.12,2.968583,8.905749,1745.0,,79
2927637,2926901,39.591778,-91.140465,0.71318,1.0813332,0.06,0.12,1.1886333,3.5659,216.0,,79
2931977,2932187,39.335167,-91.1688,1.8748692,0.7059372,0.06,0.12,3.124782,9.374347,1485.0,,79
4867125,4867637,39.550472,-91.22178,2.234962,0.653288,0.06,0.12,3.7249365,11.174809,3833.0,,79
4867137,4867663,39.545498,-91.19535,2.071031,0.6756167,0.06,0.12,3.4517186,10.355156,2670.0,,79
4867227,4867235,39.51898,-91.21398,1.4790314,0.7837985,0.06,0.12,2.4650524,7.395157,1866.0,,79
4867239,4867235,39.517323,-91.21859,1.7569515,0.7264609,0.06,0.12,2.9282525,8.784757,2417.0,,79
4867435,4867193,39.530777,-91.23596,1.9551857,0.6929935,0.06,0.12,3.258643,9.7759285,3300.0,,79
4868757,4868695,39.44937,-91.22155,1.8162938,0.71589226,0.06,0.12,3.0271564,9.081469,1882.0,,79
4869661,4868447,39.48427,-91.25656,2.221682,0.65500796,0.06,0.12,3.7028034,11.10841,3685.0,,79
2926689,2926777,39.651093,-91.13365,3.4078553,0.5423458,0.06,0.12,5.679759,17.039276,22.0,,79
4867593,4867635,39.55988,-91.22506,1.941035,0.69521785,0.06,0.12,3.2350583,9.705175,46.0,,79
4868715,4868695,39.452232,-91.22846,2.1027713,0.6710984,0.06,0.12,3.504619,10.513856,424.0,,79
2926861,2926851,39.608894,-91.24704,2.7328708,0.5978172,0.06,0.12,4.554785,13.664354,548.0,,79
4868321,4867299,39.498985,-91.22081,2.5850747,0.61266214,0.06,0.12,4.308458,12.925374,546.0,,79
4867205,4867193,39.522655,-91.227165,3.3239279,0.5483452,0.06,0.12,5.53988,16.61964,1068.0,,79
4868475,4868447,39.47785,-91.24047,3.4663093,0.5382917,0.055,0.11,5.777182,30.0,469.0,,79
2926675,2926693,39.65273,-91.02272,7.378423,0.3857175,0.055,0.11,12.297372,50.0,1328.0,,79
2924009,2924013,39.571682,-90.69951,1.464,0.78733873,0.06,0.12,2.44,7.32,154.0,,79
2924011,2924013,39.57134,-90.7002,7.911668,0.3740242,0.055,0.11,13.186113,50.0,60.0,,79
2927579,937110102,39.62562,-91.16756,1.0054762,0.9292832,0.06,0.12,1.6757936,5.027381,1791.0,,79
2927577,937110102,39.618725,-91.1703,10.509285,0.32998973,0.055,0.11,17.515474,52.54642,174.0,,79
937110101,937110102,39.618744,-91.171814,10.282555,0.33318028,0.055,0.11,17.13759,51.412773,149.0,,79
4867595,4867635,39.55679,-91.22774,30.140572,0.20731352,0.05,0.1,50.234283,150.70285,814.0,,79
2927561,2927567,39.64186,-91.25014,112.83569,0.11579861,0.045,0.09,188.0595,564.17847,1081.0,,79
2926641,2926675,39.6677,-91.019005,2.019534,0.68316376,0.06,0.12,3.3658903,10.097671,2965.0,,80
2926683,2926689,39.675907,-91.13083,2.9203105,0.58057475,0.06,0.12,4.867184,14.601552,6954.0,,80
2926685,2926689,39.667763,-91.14525,2.419092,0.63086444,0.06,0.12,4.03182,12.09546,4570.0,,80
4867039,4867593,39.560917,-91.23863,1.9405167,0.69529974,0.06,0.12,3.2341945,9.702583,2561.0,,80
4867437,4867205,39.526028,-91.24125,1.5728377,0.7628201,0.06,0.12,2.6213963,7.8641887,2249.0,,80
4868851,4868715,39.443684,-91.22927,1.6197958,0.75298357,0.06,0.12,2.6996596,8.098979,1768.0,,80
4868875,4868715,39.444855,-91.23423,1.6561787,0.7456405,0.06,0.12,2.7602978,8.280893,2417.0,,80
4869659,4868321,39.496063,-91.2365,2.0719447,0.67548525,0.06,0.12,3.453241,10.359723,3266.0,,80
2926883,2926861,39.60461,-91.247734,2.5982323,0.6112914,0.06,0.12,4.330387,12.99116,530.0,,80
4868319,4868321,39.499462,-91.2239,1.9472344,0.6942405,0.06,0.12,3.2453907,9.736172,199.0,,80
4867441,4867205,39.519318,-91.24614,2.9788465,0.57551354,0.06,0.12,4.9647446,14.894234,2688.0,,80
4867597,4867595,39.555634,-91.23217,1.9541632,0.69315344,0.06,0.12,3.2569387,9.770816,47.0,,80
4869665,4868475,39.474567,-91.247536,2.5512185,0.61623585,0.06,0.12,4.252031,12.756092,1109.0,,80
4868593,4868475,39.47087,-91.24486,2.885555,0.58364946,0.06,0.12,4.8092585,14.427775,1447.0,,80
2927557,2927561,39.645096,-91.258156,4.3142853,0.48875093,0.06,0.12,7.1904755,21.571426,659.0,,80
2926653,2926675,39.654987,-91.015945,7.29565,0.3876421,0.055,0.11,12.159417,50.0,327.0,,80
2924007,2924011,39.572834,-90.701324,7.9115663,0.37402633,0.055,0.11,13.185944,50.0,339.0,,80
2926817,2927577,39.625477,-91.166,10.509119,0.32999203,0.055,0.11,17.515198,52.545593,1534.0,,80
937110100,937110101,39.619297,-91.17289,10.2822695,0.33318436,0.055,0.11,17.137115,51.411346,75.0,,80
4867607,4867595,39.55425,-91.23908,30.136642,0.20732544,0.05,0.1,50.227737,150.68321,1324.0,,80
2927555,2927561,39.649055,-91.260735,112.83293,0.11579986,0.045,0.09,188.05489,564.1647,1445.0,,80
2926815,937110100,39.63239,-91.167656,1.1418889,0.87856156,0.06,0.12,1.903148,5.709444,3128.0,,81
2926903,2926883,39.597786,-91.24157,1.6179531,0.7533618,0.06,0.12,2.6965885,8.089766,1542.0,,81
2927395,2926883,39.59502,-91.25495,2.2913125,0.6461506,0.06,0.12,3.8188539,11.456562,2133.0,,81
4867301,4868319,39.506107,-91.23615,1.9272069,0.6974142,0.06,0.12,3.2120113,9.636034,2413.0,,81
4868501,4869665,39.47434,-91.26238,1.6522913,0.746414,0.06,0.12,2.7538188,8.2614565,1716.0,,81
4869669,4868593,39.460674,-91.25463,1.4081489,0.8009662,0.06,0.12,2.3469148,7.0407443,1820.0,,81
2927553,2927555,39.655552,-91.26906,2.2884924,0.6465017,0.06,0.12,3.8141541,11.442462,600.0,,81
4867303,4867441,39.50917,-91.26604,2.6539946,0.6055915,0.06,0.12,4.423324,13.269973,2389.0,,81
4867599,4867597,39.55546,-91.23246,1.9531398,0.69331366,0.06,0.12,3.2552328,9.765698,18.0,,81
4868555,4869665,39.4713,-91.25696,2.157077,0.66359144,0.06,0.12,3.5951285,10.785385,769.0,,81
4868681,4868593,39.461117,-91.24959,2.394343,0.63373303,0.06,0.12,3.9905717,11.971715,1165.0,,81
4867609,4867607,39.551643,-91.24633,2.900006,0.58236456,0.06,0.12,4.8333435,14.5000305,66.0,,81
2926743,2926653,39.646854,-91.008446,3.7632697,0.519121,0.06,0.12,6.272116,18.816349,2163.0,,81
2927559,2927557,39.64308,-91.261246,4.289131,0.49001345,0.06,0.12,7.148552,21.445656,14.0,,81
2926651,2926653,39.65715,-91.0116,6.9216967,0.3967459,0.055,0.11,11.536161,50.0,1259.0,,81
2923997,2924007,39.57434,-90.702644,7.905022,0.3741629,0.055,0.11,13.175036,50.0,106.0,,81
2923999,2924007,39.57431,-90.70289,1.464,0.78733873,0.06,0.12,2.44,7.32,116.0,,81
2927565,2926817,39.632427,-91.162796,10.504528,0.33005562,0.055,0.11,17.507547,52.52264,123.0,,81
2926819,937110100,39.61933,-91.17645,10.276654,0.33326468,0.055,0.11,17.127756,51.38327,556.0,,81
4867669,4867607,39.544888,-91.25803,30.125477,0.20735934,0.05,0.1,50.209126,150.62738,2584.0,,81
2927551,2927555,39.6547,-91.266655,112.83237,0.11580012,0.045,0.09,188.05394,564.1618,151.0,,81
2926737,2927553,39.65205,-91.28772,2.256825,0.6504883,0.06,0.12,3.7613752,11.284125,3318.0,,82
2926787,2926743,39.632153,-91.01114,1.802934,0.71822774,0.06,0.12,3.0048902,9.01467,2242.0,,82
2926821,2926819,39.626316,-91.17948,2.65766,0.6052228,0.06,0.12,4.4294333,13.2883005,3766.0,,82
4867429,4867599,39.54154,-91.23702,1.9531398,0.69331366,0.06,0.12,3.2552328,9.765698,4156.0,,82
4868333,4867303,39.497074,-91.27605,1.4724149,0.78535044,0.06,0.12,2.4540248,7.3620744,886.0,,82
4868559,4868555,39.46879,-91.268425,1.5985426,0.757384,0.06,0.12,2.6642375,7.9927125,1518.0,,82
4868629,4868555,39.463837,-91.26166,1.585983,0.76002425,0.06,0.12,2.643305,7.9299154,1523.0,,82
4868827,4868681,39.44803,-91.245,1.7229916,0.7327433,0.06,0.12,2.8716526,8.614958,2199.0,,82
2926635,2926651,39.66394,-91.00411,3.1179874,0.56403846,0.06,0.12,5.1966453,15.589936,1897.0,,82
4868691,4868681,39.455864,-91.249695,1.8478873,0.7104663,0.06,0.12,3.079812,10.0,122.0,,82
2927549,2927551,39.65666,-91.26996,1.4248648,0.796807,0.06,0.12,2.3747745,7.1243234,622.0,,82
4867079,4867609,39.552032,-91.24681,2.899055,0.58244884,0.06,0.12,4.831758,14.495275,57.0,,82
2926751,2926743,39.638504,-91.00199,3.4243734,0.5411901,0.06,0.12,5.707289,17.121868,129.0,,82
2926745,2927559,39.64304,-91.26159,4.289131,0.49001345,0.06,0.12,7.148552,21.445656,54.0,,82
2926639,2926651,39.655937,-91.00422,6.651839,0.40376803,0.055,0.11,11.086398,50.0,725.0,,82
2923995,2923997,39.575443,-90.70271,7.873784,0.3748171,0.055,0.11,13.122973,50.0,141.0,,82
2923993,2923997,39.575024,-90.70207,1.580596,0.761166,0.06,0.12,2.6343267,7.90298,128.0,,82
4867673,4867669,39.537132,-91.26929,8.207612,0.3680133,0.055,0.11,13.679354,50.0,29.0,,82
2927563,2927565,39.649197,-91.15812,10.504274,0.33005917,0.055,0.11,17.507124,52.52137,3882.0,,82
2926823,2926819,39.619972,-91.18277,10.20305,0.3343232,0.055,0.11,17.005083,51.015247,616.0,,82
4867671,4867669,39.539803,-91.272385,29.897333,0.20805594,0.05,0.1,49.828888,149.48666,823.0,,82
2927547,2927551,39.66765,-91.27959,112.83224,0.11580017,0.045,0.09,188.05374,564.1612,3471.0,,82
2923989,2923993,39.57894,-90.694626,1.5704957,0.76332176,0.06,0.12,2.617493,7.852479,1605.0,,83
2926569,2926635,39.684525,-91.0007,2.6112614,0.60994387,0.06,0.12,4.3521023,13.056308,3230.0,,83
2926571,2926635,39.68011,-91.01201,1.9544189,0.69311345,0.06,0.12,3.257365,9.772095,2627.0,,83
2926747,2926745,39.647095,-91.27017,1.4018409,0.8025543,0.06,0.12,2.3364015,7.009205,1857.0,,83
4869679,4868691,39.451458,-91.255196,1.3591677,0.8135749,0.06,0.12,2.2652793,6.7958384,1447.0,,83
4869693,4868691,39.44646,-91.25056,1.5324737,0.7716199,0.06,0.12,2.5541227,7.6623683,1966.0,,83
2926679,2927549,39.654644,-91.27671,1.3025742,0.8289843,0.06,0.12,2.1709569,6.512871,710.0,,83
2926749,2926751,39.63826,-91.00076,1.580596,0.761166,0.06,0.12,2.6343267,7.90298,109.0,,83
2927543,2927547,39.675835,-91.29814,1.6611009,0.74466497,0.06,0.12,2.7685015,8.305505,429.0,,83
4867071,4867079,39.5536,-91.245995,2.8981032,0.58253324,0.06,0.12,4.830172,14.490516,349.0,,83
2926761,2926751,39.637363,-91.00077,3.297644,0.5502691,0.06,0.12,5.4960732,16.48822,212.0,,83
4867661,4867671,39.54299,-91.275,2.8126132,0.59027946,0.06,0.12,4.687689,14.0630665,42.0,,83
2926773,2926745,39.640686,-91.26817,4.233787,0.4928291,0.06,0.12,7.0563116,21.168936,1629.0,,83
2923803,2926639,39.655933,-90.99442,6.642147,0.40402785,0.055,0.11,11.070245,50.0,1088.0,,83
2923983,2923995,39.580193,-90.704926,7.8716288,0.37486234,0.055,0.11,13.119382,50.0,1273.0,,83
2923991,2923993,39.575905,-90.702156,1.464,0.78733873,0.06,0.12,2.44,7.32,96.0,,83
2927815,2927563,39.665985,-91.153244,7.8133364,0.37609366,0.055,0.11,13.022227,39.06668,35.0,,83
2926809,2926823,39.625004,-91.18947,10.014546,0.33708504,0.055,0.11,16.69091,50.07273,965.0,,83
4867675,4867673,39.537006,-91.269485,8.207581,0.36801392,0.055,0.11,13.679301,50.0,16.0,,83
2927813,2927563,39.665962,-91.1531,8.714582,0.35840973,0.055,0.11,14.524303,43.57291,34.0,,83
2926839,2926823,39.614006,-91.192894,3.753426,0.51972115,0.06,0.12,6.25571,18.76713,2804.0,,83
4867659,4867671,39.545803,-91.27659,29.886986,0.20808773,0.05,0.1,49.81164,149.43494,691.0,,83
2927537,2927547,39.67636,-91.296684,112.83158,0.11580047,0.045,0.09,188.05264,564.1579,196.0,,83
2923785,2923803,39.667713,-90.99093,1.5527105,0.76716685,0.06,0.12,2.5878508,7.7635527,1962.0,,84
2923959,2923983,39.590538,-90.70921,1.5349295,0.771075,0.06,0.12,2.5582159,7.6746473,1689.0,,84
2924331,2926749,39.64157,-90.991394,1.5759499,0.7621552,0.06,0.12,2.6265833,7.87975,1758.0,,84
2926665,2926679,39.66015,-91.282684,1.1411626,0.87880814,0.06,0.12,1.9019378,5.7058134,956.0,,84
2926775,2926773,39.64123,-91.284035,1.4458125,0.79169303,0.06,0.12,2.4096873,7.229062,1932.0,,84
2926797,2926809,39.650246,-91.18279,2.9917667,0.57441574,0.06,0.12,4.986278,14.958834,6060.0,,84
4867423,4867071,39.56513,-91.259094,2.2702835,0.6487843,0.06,0.12,3.7838056,11.351418,4313.0,,84
2927545,2927543,39.674576,-91.30004,1.6079314,0.75542974,0.06,0.12,2.6798856,8.039657,16.0,,84
4867057,4867071,39.557472,-91.246376,2.295249,0.6456614,0.06,0.12,3.825415,11.476245,612.0,,84
2923863,2926761,39.634068,-90.993286,3.2941208,0.5505287,0.06,0.12,5.4902015,16.470604,1334.0,,84
4867117,4867661,39.54323,-91.27669,2.8124871,0.59029114,0.06,0.12,4.6874785,14.062435,260.0,,84
2926779,2926773,39.635853,-91.27566,4.0462885,0.5027768,0.06,0.12,6.7438145,20.231443,84.0,,84
4867625,4867659,39.54875,-91.27805,2.0411415,0.6799637,0.06,0.12,3.4019024,10.205708,41.0,,84
2927539,2927537,39.67677,-91.30018,3.819151,0.51575613,0.06,0.12,6.3652515,19.095755,471.0,,84
2923787,2923803,39.65919,-90.98321,6.564432,0.40613115,0.055,0.11,10.94072,50.0,1362.0,,84
2923961,2923983,39.58513,-90.71446,7.8045444,0.3762805,0.055,0.11,13.007574,50.0,952.0,,84
2926605,2927815,39.69225,-91.16379,7.8133364,0.37609366,0.055,0.11,13.022227,39.06668,6072.0,,84
2926799,2926809,39.631413,-91.20014,9.905443,0.33871803,0.055,0.11,16.509071,50.0,1559.0,,84
4867163,4867675,39.534527,-91.27263,8.207581,0.36801392,0.055,0.11,13.679301,50.0,1125.0,,84
2926607,2927813,39.675976,-91.15489,8.714498,0.35841125,0.055,0.11,14.524163,43.57249,2354.0,,84
2926811,2926839,39.623478,-91.20482,3.573366,0.53111637,0.06,0.12,5.95561,17.866829,749.0,,84
4867627,4867659,39.556522,-91.28941,29.882433,0.2081017,0.05,0.1,49.804054,149.41217,2957.0,,84
2927535,2927537,39.687656,-91.31025,112.82976,0.1158013,0.045,0.09,188.04959,564.1488,3273.0,,84
2923861,2923863,39.638172,-90.979195,1.6437474,0.74812317,0.06,0.12,2.739579,8.218737,1984.0,,85
2926341,2926605,39.705055,-91.16755,1.781456,0.7220352,0.06,0.12,2.9690933,8.90728,2593.0,,85
2926461,2926607,39.687138,-91.143105,1.6642503,0.74404293,0.06,0.12,2.7737505,8.321251,1815.0,,85
2926647,2927545,39.66632,-91.30335,1.6064363,0.75573987,0.06,0.12,2.6773937,8.032182,1905.0,,85
2926813,2926779,39.62883,-91.30005,3.036645,0.5706549,0.06,0.12,5.0610747,15.183225,4687.0,,85
2927389,2926811,39.63006,-91.224304,1.5574919,0.76612693,0.06,0.12,2.5958197,7.7874594,3349.0,,85
4867041,4867057,39.568638,-91.2474,1.568147,0.76382595,0.06,0.12,2.6135783,7.840735,1992.0,,85
4867305,4867163,39.514496,-91.27671,2.4325387,0.62932354,0.06,0.12,4.054231,12.162694,4054.0,,85
4867421,4867057,39.57199,-91.2518,1.9472344,0.6942405,0.06,0.12,3.2453907,9.736172,3583.0,,85
4867425,4867117,39.549267,-91.29489,2.0776362,0.6746682,0.06,0.12,3.4627273,10.388182,3540.0,,85
2923887,2923863,39.627216,-90.98105,2.8659847,0.5854044,0.06,0.12,4.7766414,14.329924,1440.0,,85
2923981,2923961,39.581398,-90.723045,2.4894187,0.62293875,0.06,0.12,4.149031,12.447094,1327.0,,85
4867121,4867117,39.54182,-91.28132,2.3422184,0.63991684,0.06,0.12,3.9036975,11.711093,588.0,,85
4867581,4867627,39.565914,-91.29117,1.7147902,0.7342874,0.06,0.12,2.8579836,8.573951,60.0,,85
2926837,2926779,39.62595,-91.27489,3.3419812,0.5470364,0.06,0.12,5.5699687,16.709906,2174.0,,85
2927533,2927535,39.695847,-91.327484,2.7209506,0.5989712,0.06,0.12,4.534918,13.6047535,493.0,,85
4867427,4867625,39.548943,-91.26171,2.0406713,0.6800328,0.06,0.12,3.4011188,10.203357,2848.0,,85
2927541,2927539,39.6751,-91.30206,3.809446,0.51633537,0.06,0.12,6.3490767,19.04723,17.0,,85
2923781,2923787,39.66216,-90.97363,4.9205437,0.46120557,0.055,0.11,8.200907,30.0,734.0,,85
2923797,2923787,39.65898,-90.97254,5.335679,0.44501585,0.055,0.11,8.892798,30.0,931.0,,85
2923951,2923961,39.585896,-90.7215,7.699241,0.37854236,0.055,0.11,12.832068,50.0,377.0,,85
2926237,2926605,39.716038,-91.1734,7.6910715,0.37871972,0.055,0.11,12.818452,38.455357,172.0,,85
2927381,2926799,39.642357,-91.2039,9.892297,0.33891654,0.055,0.11,16.487162,50.0,861.0,,85
4867307,4867163,39.519695,-91.29517,8.092007,0.37032363,0.055,0.11,13.486677,50.0,5773.0,,85
2926463,2926607,39.69414,-91.1492,8.683046,0.35898343,0.055,0.11,14.471744,43.41523,2472.0,,85
2926803,2926811,39.626945,-91.208145,3.4358704,0.54039043,0.06,0.12,5.7264504,17.179352,222.0,,85
4867583,4867627,39.566013,-91.29171,29.874933,0.20812476,0.05,0.1,49.791553,149.37466,106.0,,85
2927531,2927535,39.697258,-91.32622,112.8285,0.11580187,0.045,0.09,188.0475,564.1425,286.0,,85
2923773,2923781,39.679413,-90.97763,2.3905444,0.63417715,0.06,0.12,3.9842405,11.952722,3801.0,,86
2923841,2923797,39.647385,-90.96548,1.9258922,0.69762415,0.06,0.12,3.2098205,9.629461,2526.0,,86
2923895,2923887,39.623226,-90.956184,2.400877,0.6329716,0.06,0.12,4.0014615,12.004385,3289.0,,86
2924339,2923981,39.580643,-90.73751,1.9628211,0.69180286,0.06,0.12,3.2713685,9.814106,2504.0,,86
2926221,2926237,39.723743,-91.17912,1.5650046,0.7645022,0.06,0.12,2.608341,7.8250227,1931.0,,86
2926367,2926463,39.70782,-91.14791,1.841595,0.7115363,0.06,0.12,3.0693252,9.207975,2429.0,,86
2926723,2927381,39.650856,-91.197044,1.8948933,0.7026363,0.06,0.12,3.1581554,9.474466,1828.0,,86
2926849,2926837,39.617237,-91.29108,2.0383174,0.68037915,0.06,0.12,3.3971958,10.191587,2546.0,,86
4867167,4867121,39.544243,-91.2979,1.9064986,0.7007461,0.06,0.12,3.1774976,9.532493,3251.0,,86
4867175,4867121,39.537483,-91.29246,1.7256001,0.73225445,0.06,0.12,2.8760002,8.628,2202.0,,86
4867809,4867581,39.57115,-91.28401,1.7138009,0.73447436,0.06,0.12,2.856335,8.569004,2155.0,,86
2926847,2926837,39.615055,-91.27683,2.5130186,0.6203511,0.06,0.12,4.188364,12.565093,550.0,,86
2926499,2927533,39.689667,-91.33273,2.6840153,0.6025937,0.06,0.12,4.473359,13.420076,1404.0,,86
2926795,2926803,39.640705,-91.21047,3.3545694,0.5461298,0.06,0.12,5.590949,16.772848,3440.0,,86
2926579,2927541,39.67317,-91.30601,3.809446,0.51633537,0.06,0.12,6.3490767,19.04723,841.0,,86
2923771,2923781,39.669518,-90.966415,4.691673,0.4709995,0.055,0.11,7.8194547,30.0,1621.0,,86
4867579,4867583,39.566505,-91.292175,3.230186,0.5553097,0.06,0.12,5.383643,16.15093,32.0,,86
2923805,2923797,39.6569,-90.96095,5.2200484,0.4493382,0.055,0.11,8.700081,30.0,1474.0,,86
2923947,2923951,39.588264,-90.7235,7.692735,0.37868357,0.055,0.11,12.821225,50.0,411.0,,86
2923949,2923951,39.58683,-90.724144,1.464,0.78733873,0.06,0.12,2.44,7.32,127.0,,86
2926219,2926237,39.72252,-91.16686,7.666064,0.37926427,0.055,0.11,12.7767725,38.33032,1764.0,,86
2927379,2927381,39.64985,-91.20417,9.861894,0.33937714,0.055,0.11,16.43649,50.0,906.0,,86
4868331,4867307,39.498714,-91.31083,7.9298882,0.37364483,0.055,0.11,13.21648,50.0,325.0,,86
2926363,2926463,39.70237,-91.1411,8.634206,0.35987788,0.055,0.11,14.390343,43.17103,224.0,,86
2926793,2926803,39.635094,-91.20856,1.3471627,0.8167655,0.06,0.12,2.2452712,6.735814,1501.0,,86
4867591,4867583,39.56441,-91.30324,29.860264,0.20816986,0.05,0.1,49.767105,149.30132,1981.0,,86
2927529,2927531,39.704388,-91.33757,112.82848,0.11580188,0.045,0.09,188.04747,564.1424,2253.0,,86
2923755,2923771,39.687183,-90.96557,2.0819418,0.6740523,0.06,0.12,3.4699032,10.40971,3057.0,,87
2923859,2923805,39.641827,-90.95415,2.0776362,0.6746682,0.06,0.12,3.4627273,10.388182,3308.0,,87
2926145,2926219,39.735577,-91.14435,2.6410873,0.6068954,0.06,0.12,4.401812,13.205437,4289.0,,87
2926353,2926363,39.71001,-91.13754,1.8274286,0.7139645,0.06,0.12,3.0457144,9.137143,1972.0,,87
2926707,2926579,39.65976,-91.31347,2.0219305,0.68280643,0.06,0.12,3.3698843,10.1096525,2681.0,,87
2926895,2926847,39.59886,-91.28057,2.4499717,0.627344,0.06,0.12,4.0832863,12.249859,3072.0,,87
4868413,4868331,39.491673,-91.32157,2.2170875,0.65560645,0.06,0.12,3.6951458,11.085438,2798.0,,87
2926511,2926499,39.6827,-91.337364,2.3556383,0.63830596,0.06,0.12,3.9260638,11.778192,498.0,,87
4867585,4867591,39.56415,-91.31428,2.1686282,0.66202974,0.06,0.12,3.6143804,10.843141,39.0,,87
937110052,2926795,39.653534,-91.21797,2.8500905,0.5868425,0.06,0.12,4.7501507,14.250452,200.0,,87
2926637,2926579,39.66752,-91.31966,3.5465438,0.5328847,0.06,0.12,5.9109063,17.73272,2075.0,,87
2927373,2927379,39.658073,-91.20447,3.102111,0.5653102,0.06,0.12,5.170185,15.510555,997.0,,87
2923753,2923771,39.676636,-90.95759,4.4433155,0.48243776,0.055,0.11,7.4055257,30.0,843.0,,87
4867017,4867579,39.568268,-91.29309,3.230186,0.5553097,0.06,0.12,5.383643,16.15093,379.0,,87
2923807,2923805,39.655247,-90.94994,5.0088577,0.4576002,0.055,0.11,8.348096,30.0,773.0,,87
2923945,2923947,39.587925,-90.7254,7.688547,0.37877455,0.055,0.11,12.814245,50.0,257.0,,87
2926131,2926219,39.732334,-91.164925,7.496192,0.38303223,0.055,0.11,12.493653,37.48096,712.0,,87
2927527,2927529,39.71088,-91.34975,7.7160287,0.3781788,0.055,0.11,12.860048,38.580143,388.0,,87
2926677,2927379,39.654804,-91.20667,9.74437,0.34117684,0.055,0.11,16.240618,50.0,374.0,,87
4868337,4868331,39.497078,-91.30994,7.859001,0.37512797,0.055,0.11,13.098335,50.0,84.0,,87
2926371,2926363,39.70222,-91.134056,8.602842,0.3604561,0.055,0.11,14.338071,43.014214,1399.0,,87
4867611,4867591,39.56665,-91.32722,29.853613,0.20819032,0.05,0.1,49.756023,149.26807,3411.0,,87
2927525,2927529,39.72122,-91.358864,112.813736,0.115808554,0.045,0.09,188.0229,564.06866,3034.0,,87
2923793,2923807,39.670948,-90.938446,2.5134892,0.6202998,0.06,0.12,4.189149,12.567447,3445.0,,88
2924337,2923945,39.59175,-90.74101,2.2023811,0.65753424,0.06,0.12,3.6706355,11.011906,2971.0,,88
2926101,2926131,39.739033,-91.170364,1.6322197,0.7504496,0.06,0.12,2.7203662,8.1610985,1880.0,,88
2926357,2926371,39.715755,-91.1267,2.177991,0.6607727,0.06,0.12,3.6299849,10.889955,3253.0,,88
2926575,2926511,39.67865,-91.347565,1.6282203,0.7512623,0.06,0.12,2.7137005,8.141102,1754.0,,88
2926609,2926511,39.673756,-91.34114,1.6394429,0.7489891,0.06,0.12,2.732405,8.197215,1846.0,,88
2926631,2927373,39.661858,-91.193344,1.7340254,0.7306827,0.06,0.12,2.8900423,8.670127,1670.0,,88
2926649,2926637,39.66063,-91.33471,1.7114882,0.73491204,0.06,0.12,2.8524804,8.557441,1957.0,,88
4867013,4867017,39.577557,-91.30286,1.9868753,0.68809533,0.06,0.12,3.3114588,9.934377,4338.0,,88
4868335,4868337,39.49756,-91.30037,1.4617069,0.78788346,0.06,0.12,2.436178,7.308534,1625.0,,88
937110073,937110052,39.65258,-91.22497,1.8233416,0.7146701,0.06,0.12,3.0389028,9.116709,1327.0,,88
2923749,2923753,39.682117,-90.93971,2.8823113,0.58393914,0.06,0.12,4.803852,14.411556,3279.0,,88
2926661,2926677,39.66245,-91.205696,2.7862663,0.5927355,0.06,0.12,4.643777,13.931332,1555.0,,88
4867031,4867585,39.566925,-91.306435,2.167792,0.6621424,0.06,0.12,3.6129868,10.838961,1718.0,,88
937110072,937110052,39.655582,-91.22612,2.556846,0.6156371,0.06,0.12,4.2614098,12.784229,1388.0,,88
2926629,2927373,39.66957,-91.19801,2.8609905,0.585855,0.06,0.12,4.768317,14.304953,2101.0,,88
2926673,2926637,39.659325,-91.32391,3.172505,0.55974156,0.06,0.12,5.287508,15.862524,777.0,,88
2923747,2923753,39.68472,-90.95205,3.947397,0.50829536,0.055,0.11,6.578995,30.0,1352.0,,88
4867003,4867017,39.571606,-91.29805,2.902144,0.58217525,0.06,0.12,4.8369064,14.510719,863.0,,88
2923813,2923807,39.656544,-90.93989,4.710101,0.47018564,0.055,0.11,7.850168,30.0,1324.0,,88
2923941,2923945,39.591045,-90.72662,7.6201982,0.38026968,0.055,0.11,12.700331,50.0,496.0,,88
2926099,2926131,39.736385,-91.16211,7.4580455,0.38389534,0.055,0.11,12.430076,37.29023,506.0,,88
2926435,2927527,39.701107,-91.360664,7.6400084,0.37983435,0.055,0.11,12.733347,38.200043,2539.0,,88
4868385,4868337,39.491364,-91.30281,7.839735,0.37553442,0.055,0.11,13.066225,50.0,1792.0,,88
937110071,2926677,39.65717,-91.21197,9.658985,0.34250417,0.055,0.11,16.098309,50.0,759.0,,88
2926355,2926371,39.702274,-91.126686,8.51805,0.36203474,0.055,0.11,14.196751,42.590252,40.0,,88
4867613,4867611,39.554752,-91.336624,29.007082,0.21084926,0.05,0.1,48.34514,145.03542,901.0,,88
4867615,4867611,39.552635,-91.333565,12.679193,0.30376408,0.05,0.1,21.131989,70.0,25.0,,88
2927513,2927525,39.73229,-91.37327,6.504989,0.40776432,0.055,0.11,10.841648,50.0,618.0,,88
2927511,2927525,39.734127,-91.37002,112.8046,0.11581269,0.045,0.09,188.00766,564.023,532.0,,88
2923737,2923749,39.696053,-90.915344,1.9405167,0.69529974,0.06,0.12,3.2341945,9.702583,2850.0,,89
2923741,2923749,39.687145,-90.9137,1.9546746,0.69307345,0.06,0.12,3.257791,9.773373,2233.0,,89
2923879,2923813,39.63674,-90.93429,2.3425784,0.6398735,0.06,0.12,3.904297,11.712892,3508.0,,89
2923929,2923941,39.59927,-90.71967,1.8908123,0.70330495,0.06,0.12,3.1513538,9.4540615,2525.0,,89
2926547,2926629,39.686024,-91.18417,1.5414414,0.76963615,0.06,0.12,2.5690691,7.707207,3010.0,,89
2926581,2926661,39.677692,-91.208405,2.1201556,0.6686652,0.06,0.12,3.5335927,10.600778,2063.0,,89
2926583,2926661,39.676384,-91.21351,1.8390089,0.71197754,0.06,0.12,3.0650148,9.1950445,3084.0,,89
2926681,937110072,39.65559,-91.233284,1.38707,0.80631363,0.06,0.12,2.3117833,6.93535,640.0,,89
2926767,2926673,39.647858,-91.32167,2.0891545,0.67302465,0.06,0.12,3.4819243,10.445772,2249.0,,89
2927371,937110072,39.6622,-91.247696,2.298986,0.6451982,0.06,0.12,3.831643,11.494929,3190.0,,89
4866977,4867031,39.580467,-91.30999,1.3103968,0.82679737,0.06,0.12,2.1839945,6.551984,1537.0,,89
4866981,4867031,39.57531,-91.31699,1.717423,0.7337906,0.06,0.12,2.8623714,8.587114,1645.0,,89
4868479,4868385,39.485428,-91.281624,2.2178879,0.655502,0.06,0.12,3.6964798,11.089439,2808.0,,89
2923729,2923747,39.699627,-90.95153,3.028581,0.57132477,0.06,0.12,5.047635,15.142905,2301.0,,89
2926545,2926629,39.677536,-91.18439,2.4930902,0.6225339,0.06,0.12,4.15515,12.46545,1883.0,,89
2926695,2926673,39.654762,-91.32523,2.7619114,0.5950358,0.06,0.12,4.6031857,13.809557,500.0,,89
2927283,2926099,39.74699,-91.16506,2.8083186,0.59067756,0.06,0.12,4.680531,14.041593,2454.0,,89
2923735,2923747,39.692696,-90.93891,3.08597,0.5666128,0.06,0.12,5.1432834,15.429851,3457.0,,89
2926491,2926435,39.691147,-91.37644,3.5696375,0.53136104,0.06,0.12,5.9493957,17.848188,1214.0,,89
4866973,4867003,39.5759,-91.29453,2.8418312,0.5875943,0.06,0.12,4.7363853,14.209156,519.0,,89
2923817,2923813,39.650208,-90.932495,4.4039373,0.48433617,0.055,0.11,7.3398957,30.0,661.0,,89
937110054,937110071,39.655205,-91.21585,0.51352,1.2499416,0.06,0.12,0.85586673,2.5676003,116.0,,89
2923931,2923941,39.597805,-90.731224,7.5584207,0.38163775,0.055,0.11,12.597367,50.0,1330.0,,89
2926081,2926099,39.74185,-91.155525,7.306954,0.3873774,0.055,0.11,12.178257,36.53477,1645.0,,89
2926437,2926435,39.69472,-91.37465,7.2736974,0.3881578,0.055,0.11,12.122829,36.36849,452.0,,89
2927745,2927513,39.734375,-91.3763,6.4575386,0.4090835,0.055,0.11,10.762564,50.0,66.0,,89
4868409,4868385,39.487873,-91.29603,7.7596083,0.3772403,0.055,0.11,12.93268,50.0,423.0,,89
937110070,937110071,39.664104,-91.22308,9.652023,0.34261313,0.055,0.11,16.086704,50.0,2359.0,,89
2927811,2926355,39.70241,-91.126305,8.517859,0.3620383,0.055,0.11,14.196433,42.5893,33.0,,89
4867601,4867613,39.561184,-91.3399,29.006739,0.21085036,0.05,0.1,48.344563,145.03369,745.0,,89
4867083,4867615,39.552387,-91.33345,12.679166,0.30376434,0.05,0.1,21.131943,70.0,36.0,,89
2927509,2927511,39.743652,-91.369934,112.80331,0.11581328,0.045,0.09,188.00551,564.01654,1602.0,,89
2927749,2927513,39.74459,-91.376396,1.4042736,0.8019406,0.06,0.12,2.340456,7.021368,2225.0,,89
2927507,2927511,39.741848,-91.36274,3.3693776,0.5450696,0.06,0.12,5.615629,16.846888,1761.0,,89
2923701,2923729,39.716484,-90.941284,1.7768536,0.72285974,0.06,0.12,2.9614227,8.884268,2415.0,,90
2923703,2923729,39.717064,-90.92892,2.171966,0.6615807,0.06,0.12,3.6199436,10.859831,4444.0,,90
2923713,2923735,39.706284,-90.91479,1.5740062,0.7625702,0.06,0.12,2.6233437,7.8700314,2006.0,,90
2923911,2923931,39.611847,-90.73061,1.8404466,0.71173215,0.06,0.12,3.067411,9.202232,2825.0,,90
2925979,2927283,39.765423,-91.164795,1.6784531,0.7412587,0.06,0.12,2.7974217,8.392265,1933.0,,90
2925981,2927283,39.76185,-91.17561,2.0934143,0.67242014,0.06,0.12,3.4890237,10.467072,2083.0,,90
2926459,2927811,39.695667,-91.11434,2.00674,0.6850819,0.06,0.12,3.3445668,10.0337,3048.0,,90
2926471,2926545,39.68525,-91.167694,1.8438879,0.71114576,0.06,0.12,3.0731466,9.2194395,2089.0,,90
2926473,2926545,39.69196,-91.17668,1.5184106,0.77476466,0.06,0.12,2.5306842,7.592053,2970.0,,90
2926515,2926491,39.68204,-91.36373,1.9582468,0.6925154,0.06,0.12,3.2637446,9.791234,2473.0,,90
2926705,2926695,39.65227,-91.33767,1.9248394,0.6977925,0.06,0.12,3.2080657,9.624197,1935.0,,90
2926801,2926695,39.64179,-91.33356,2.3459911,0.63946265,0.06,0.12,3.909985,11.729956,2955.0,,90
2927279,2926081,39.749928,-91.130684,2.5717862,0.6140567,0.06,0.12,4.28631,12.858931,4078.0,,90
4866965,4866973,39.584175,-91.29603,1.4684172,0.786293,0.06,0.12,2.447362,7.3420854,2233.0,,90
4868455,4868409,39.481827,-91.29136,1.3402846,0.81861204,0.06,0.12,2.2338076,6.7014227,1634.0,,90
2923715,2923735,39.706863,-90.92445,2.2341733,0.65338975,0.06,0.12,3.7236223,11.170867,1072.0,,90
2926427,2926437,39.70658,-91.3886,3.4110672,0.54212046,0.06,0.12,5.6851125,17.055336,3686.0,,90
2926657,2926491,39.67183,-91.37345,3.2140076,0.55654114,0.06,0.12,5.3566794,16.070038,3232.0,,90
4867589,4867601,39.56467,-91.34092,1.7134709,0.73453677,0.06,0.12,2.855785,8.567354,37.0,,90
4866963,4866973,39.576916,-91.288826,2.6583638,0.60515213,0.06,0.12,4.4306064,13.29182,479.0,,90
2923815,2923817,39.652428,-90.92506,2.9771533,0.57565796,0.06,0.12,4.961922,14.885767,911.0,,90
2923823,2923817,39.645832,-90.92475,3.8289468,0.51517355,0.055,0.11,6.381578,30.0,1466.0,,90
937110053,937110054,39.65426,-91.21629,0.484577,1.2823453,0.06,0.12,0.80762833,2.422885,153.0,,90
2927367,937110070,39.673058,-91.243614,4.6870437,0.47120467,0.06,0.12,7.8117394,23.435219,2527.0,,90
2927747,2927507,39.74917,-91.35668,2.6931014,0.60169595,0.06,0.12,4.4885025,13.4655075,242.0,,90
2924335,2923931,39.60994,-90.750046,7.474065,0.3835321,0.055,0.11,12.456775,50.0,4191.0,,90
2926479,2926437,39.69303,-91.383484,6.9944477,0.39492,0.055,0.11,11.657413,34.97224,1607.0,,90
2927281,2926081,39.75364,-91.14996,7.143267,0.39126882,0.055,0.11,11.905446,35.716335,1150.0,,90
2927299,2927745,39.74211,-91.38554,6.457388,0.40908772,0.055,0.11,10.762313,50.0,2358.0,,90
2926589,937110070,39.67478,-91.231766,9.224267,0.34953383,0.055,0.11,15.373778,50.0,1178.0,,90
4868441,4868409,39.48784,-91.306564,7.742262,0.37761295,0.055,0.11,12.9037695,50.0,2204.0,,90
2926351,2927811,39.70407,-91.11962,8.476359,0.36281925,0.055,0.11,14.127266,42.381798,1195.0,,90
4867087,4867083,39.552177,-91.330124,12.555224,0.30508366,0.05,0.1,20.925375,70.0,574.0,,90
4867587,4867601,39.57004,-91.339806,29.003923,0.21085939,0.05,0.1,48.339874,145.01962,1266.0,,90
4867091,4867083,39.55181,-91.33637,3.7810338,0.5180435,0.06,0.12,6.301723,18.905169,543.0,,90
2938535,2927509,39.75444,-91.36735,112.80321,0.11581332,0.045,0.09,188.00534,564.01605,868.0,,90
2927753,2927507,39.750515,-91.35754,2.404473,0.63255376,0.06,0.12,4.007455,12.022365,476.0,,90
2923691,2923715,39.71258,-90.91161,1.7951267,0.7196042,0.06,0.12,2.9918778,8.975634,2441.0,,91
2923693,2923715,39.71774,-90.91918,1.4728578,0.78524625,0.06,0.12,2.454763,7.364289,1823.0,,91
2923905,2924335,39.612896,-90.775665,1.465293,0.7870321,0.06,0.12,2.4421551,7.326465,2000.0,,91
2926255,2926427,39.71998,-91.41257,1.9786706,0.68935263,0.06,0.12,3.2977843,9.893353,2028.0,,91
2926457,2926351,39.69436,-91.1065,1.7990386,0.71891344,0.06,0.12,2.9983976,8.995193,2460.0,,91
2926481,2926479,39.695812,-91.395485,1.9744182,0.69000727,0.06,0.12,3.2906969,9.87209,2533.0,,91
2926585,2927367,39.67093,-91.26882,2.1025493,0.67112964,0.06,0.12,3.504249,10.512747,4846.0,,91
2926659,2926657,39.66549,-91.36106,1.8355497,0.7125692,0.06,0.12,3.0592494,9.177749,2175.0,,91
2926721,2926657,39.65083,-91.36682,2.1094058,0.6701664,0.06,0.12,3.515676,10.547029,2039.0,,91
4866959,4866963,39.58025,-91.2747,1.9751699,0.6898914,0.06,0.12,3.2919497,9.875849,2261.0,,91
4867029,4867589,39.571407,-91.352974,1.7124801,0.7347242,0.06,0.12,2.8541336,8.562401,2953.0,,91
4867133,4867087,39.54586,-91.32745,1.6558261,0.7457106,0.06,0.12,2.75971,8.27913,1778.0,,91
4867149,4867091,39.54427,-91.34898,1.9809148,0.689008,0.06,0.12,3.3015246,9.904574,2599.0,,91
4868531,4868441,39.47234,-91.29442,1.8413081,0.71158516,0.06,0.12,3.0688467,9.20654,2295.0,,91
2923831,2923823,39.641415,-90.913345,2.9448502,0.5784353,0.06,0.12,4.908084,14.724252,1821.0,,91
4866957,4866963,39.577084,-91.28603,2.1784053,0.6607172,0.06,0.12,3.6306756,10.892027,64.0,,91
4867567,4867587,39.575718,-91.34091,1.8088953,0.7171825,0.06,0.12,3.0148256,9.0444765,46.0,,91
2923809,2923815,39.65474,-90.918564,2.658786,0.60510975,0.06,0.12,4.4313097,13.29393,405.0,,91
2923811,2923815,39.662777,-90.91714,1.8038307,0.7180702,0.06,0.12,3.0063844,9.019154,2240.0,,91
2923871,2923823,39.635258,-90.91539,2.9199586,0.58060557,0.06,0.12,4.8665977,14.599793,2625.0,,91
2925959,2927281,39.76679,-91.148315,2.9734216,0.5759766,0.06,0.12,4.955703,14.867108,2089.0,,91
2926043,2927299,39.75512,-91.39827,4.4206724,0.4835264,0.055,0.11,7.3677874,30.0,1463.0,,91
2926523,2926589,39.68111,-91.23031,4.898129,0.46213552,0.055,0.11,8.163548,30.0,821.0,,91
2926531,2927367,39.68195,-91.25554,4.463165,0.48149002,0.06,0.12,7.4386077,22.315823,875.0,,91
2927751,2927747,39.74696,-91.35514,2.6862235,0.60237515,0.06,0.12,4.4770393,13.431118,675.0,,91
2923899,2924335,39.618267,-90.773254,7.3328195,0.38677397,0.055,0.11,12.221366,50.0,1210.0,,91
2925957,2927281,39.75848,-91.14732,6.9304476,0.39652482,0.055,0.11,11.550746,34.652237,146.0,,91
2926041,2927299,39.752598,-91.39443,5.5280437,0.43811628,0.055,0.11,9.213407,30.0,450.0,,91
2926553,2926479,39.683697,-91.39262,6.902276,0.397238,0.055,0.11,11.503794,34.511383,1295.0,,91
2927361,2926589,39.693855,-91.24835,8.692397,0.35881302,0.055,0.11,14.4873295,50.0,4949.0,,91
4868505,4868441,39.479855,-91.30729,7.682472,0.37890667,0.055,0.11,12.80412,50.0,1375.0,,91
2926347,2926351,39.708733,-91.11095,8.425895,0.36377633,0.055,0.11,14.043158,42.129475,1383.0,,91
4867115,4867087,39.547436,-91.32046,12.541871,0.30522692,0.05,0.1,20.903118,70.0,2150.0,,91
4867565,4867587,39.577908,-91.33949,28.999159,0.21087468,0.05,0.1,48.331932,144.99579,577.0,,91
4867081,4867091,39.553024,-91.33988,3.5461416,0.5329114,0.06,0.12,5.9102364,17.73071,155.0,,91
2938415,2938535,39.76784,-91.36606,112.80314,0.11581335,0.045,0.09,188.00523,564.0157,2244.0,,91
2927755,2927753,39.75942,-91.352936,2.3811703,0.63527733,0.06,0.12,3.9686172,11.905851,1756.0,,91
2923829,2923831,39.649593,-90.89335,2.4280167,0.6298404,0.06,0.12,4.0466943,12.140083,3346.0,,92
2923839,2923831,39.637283,-90.8952,1.8690314,0.7069091,0.06,0.12,3.1150525,9.345157,2148.0,,92
2923909,2923899,39.612038,-90.78468,2.301967,0.64482945,0.06,0.12,3.8366115,11.509834,2227.0,,92
2925827,2925959,39.78177,-91.15495,1.549507,0.7678662,0.06,0.12,2.5825117,7.7475348,1779.0,,92
2925947,2925957,39.759808,-91.1366,1.5955154,0.75801766,0.06,0.12,2.6591923,7.977577,1811.0,,92
2926285,2926347,39.72081,-91.112175,1.8453182,0.7109026,0.06,0.12,3.0755303,9.226591,2925.0,,92
2926475,2926523,39.685238,-91.21852,2.1790264,0.6606341,0.06,0.12,3.6317108,10.895132,2480.0,,92
2926487,2926531,39.690002,-91.256546,1.6994975,0.73719513,0.06,0.12,2.8324957,8.497487,3728.0,,92
2926669,2926553,39.66681,-91.39319,2.22228,0.6549302,0.06,0.12,3.7038,11.1114,2773.0,,92
4866953,4866957,39.58707,-91.28012,1.9032737,0.7012697,0.06,0.12,3.172123,9.516369,2449.0,,92
4866955,4866957,39.585808,-91.28946,1.4886329,0.7815641,0.06,0.12,2.4810548,7.443165,2004.0,,92
4866979,4867567,39.57871,-91.357506,1.808301,0.7172865,0.06,0.12,3.013835,9.041505,3139.0,,92
4867195,4867115,39.534893,-91.313866,1.828302,0.713814,0.06,0.12,3.0471702,9.14151,2241.0,,92
2923799,2923809,39.65932,-90.91509,2.1253824,0.6679392,0.06,0.12,3.542304,10.626912,1037.0,,92
2923801,2923809,39.656677,-90.909935,2.0255148,0.6822731,0.06,0.12,3.375858,10.127574,1235.0,,92
2923873,2923871,39.62664,-90.90499,2.1942415,0.6586092,0.06,0.12,3.6570692,10.971208,675.0,,92
2924359,2923811,39.67417,-90.91756,1.3920275,0.8050455,0.06,0.12,2.3200457,6.9601374,365.0,,92
2925829,2925959,39.77537,-91.15675,2.384129,0.6349294,0.06,0.12,3.9735484,11.920646,573.0,,92
2926013,2926041,39.753788,-91.39247,1.498544,0.7792794,0.06,0.12,2.4975734,7.49272,414.0,,92
2927301,2926043,39.749054,-91.4049,2.4335415,0.6292091,0.06,0.12,4.0559025,12.167707,462.0,,92
4867075,4867081,39.558792,-91.344124,3.5268974,0.53419226,0.06,0.12,5.8781624,17.634487,1685.0,,92
2926051,2926043,39.750828,-91.41653,4.085454,0.5006447,0.06,0.12,6.80909,20.42727,2229.0,,92
2926469,2926523,39.68865,-91.23817,4.724015,0.46957415,0.055,0.11,7.8733587,30.0,2078.0,,92
4867561,4867565,39.58056,-91.3385,3.7806077,0.5180693,0.055,0.11,6.301013,30.0,39.0,,92
2927757,2927755,39.76963,-91.351234,1.8524374,0.70969594,0.06,0.12,3.0873957,9.262187,571.0,,92
2926485,2926531,39.686626,-91.262474,4.2889085,0.49002466,0.06,0.12,7.148181,21.444544,843.0,,92
4868519,4868505,39.47264,-91.3097,4.576413,0.4761966,0.055,0.11,7.6273556,30.0,349.0,,92
2926153,2927751,39.738907,-91.348076,2.6360903,0.6074027,0.06,0.12,4.3934836,13.18045,2776.0,,92
2923889,2923899,39.62047,-90.78075,7.222312,0.38937378,0.055,0.11,12.037187,50.0,376.0,,92
2926301,2927361,39.714996,-91.2682,7.166104,0.39071822,0.055,0.11,11.943506,35.830517,1104.0,,92
2925949,2925957,39.763542,-91.139244,6.8980565,0.3973452,0.055,0.11,11.496761,34.490284,1789.0,,92
2926011,2926041,39.756374,-91.39791,5.485049,0.43962806,0.055,0.11,9.141748,30.0,696.0,,92
2926555,2926553,39.679543,-91.39881,6.783552,0.40029034,0.055,0.11,11.305921,33.917763,457.0,,92
2927351,2927361,39.71587,-91.25376,6.4132996,0.41032603,0.055,0.11,10.688832,32.066498,2177.0,,92
4868621,4868505,39.46904,-91.30434,7.0392265,0.39380968,0.055,0.11,11.732044,50.0,1623.0,,92
2926293,2926347,39.709736,-91.10288,8.374821,0.36475343,0.055,0.11,13.958035,41.874107,380.0,,92
4867201,4867115,39.535465,-91.33226,12.51837,0.3054796,0.05,0.1,20.863949,70.0,3610.0,,92
4867563,4867565,39.58458,-91.34398,28.973757,0.21095622,0.05,0.1,48.289593,144.86879,1358.0,,92
4867073,4867081,39.55625,-91.33989,0.8213574,1.0160167,0.06,0.12,1.368929,4.106787,703.0,,92
2927473,2938415,39.785007,-91.36262,112.80291,0.11581346,0.045,0.09,188.00485,564.0145,1749.0,,92
2927487,2927755,39.77505,-91.35771,1.39646,0.8039171,0.06,0.12,2.3274336,6.9823003,2174.0,,92
2923751,2924359,39.677193,-90.91179,1.2685597,0.8387183,0.06,0.12,2.1142662,6.342798,916.0,,93
2923775,2923799,39.66907,-90.905785,1.5939977,0.75833595,0.06,0.12,2.6566627,7.9699883,1974.0,,93
2923777,2923799,39.673195,-90.90776,1.6380032,0.74927944,0.06,0.12,2.7300055,8.190016,2613.0,,93
2923789,2923801,39.66393,-90.897865,1.7045135,0.7362372,0.06,0.12,2.8408558,8.522568,1972.0,,93
2923869,2923873,39.62823,-90.890854,1.6632018,0.7442498,0.06,0.12,2.772003,8.316009,1987.0,,93
2923897,2923873,39.622917,-90.89193,1.5446775,0.7689244,0.06,0.12,2.5744624,7.7233872,1930.0,,93
2925803,2925829,39.78354,-91.16571,1.7632177,0.7253207,0.06,0.12,2.9386961,8.816089,2211.0,,93
2925805,2925829,39.77914,-91.17018,1.9142486,0.69949305,0.06,0.12,3.1904144,9.571243,2080.0,,93
2926125,2927301,39.73738,-91.41072,1.9846442,0.68843645,0.06,0.12,3.3077404,9.923221,2498.0,,93
2926127,2927301,39.739178,-91.40253,1.8080037,0.71733856,0.06,0.12,3.0133393,9.040018,1832.0,,93
2926171,2926153,39.727364,-91.34373,1.7869487,0.72105527,0.06,0.12,2.9782476,8.934743,528.0,,93
2926467,2926485,39.68764,-91.28008,1.6958007,0.7379037,0.06,0.12,2.8263345,8.479004,2311.0,,93
2926539,2926555,39.698055,-91.42365,2.9247594,0.58018494,0.06,0.12,4.874599,14.623797,7000.0,,93
2927631,2926013,39.75381,-91.38701,1.4558425,0.789282,0.06,0.12,2.4264042,7.2792125,524.0,,93
4867051,4867075,39.56224,-91.377396,2.9017878,0.5822068,0.06,0.12,4.836313,14.508939,6408.0,,93
4867243,4867201,39.51573,-91.329834,1.7942216,0.7197643,0.06,0.12,2.9903693,8.9711075,2643.0,,93
4868619,4868519,39.468296,-91.31376,1.1702282,0.86911064,0.06,0.12,1.9503804,5.8511415,1312.0,,93
2923885,2923889,39.641132,-90.787254,2.6415148,0.60685205,0.06,0.12,4.4025245,13.207574,4782.0,,93
2925861,2925949,39.797947,-91.15273,3.421358,0.5414005,0.06,0.12,5.7022634,17.10679,7614.0,,93
2926033,2926051,39.753635,-91.430336,1.3392203,0.818899,0.06,0.12,2.2320337,6.696101,441.0,,93
2926213,2926301,39.720436,-91.26305,2.9365213,0.57915854,0.06,0.12,4.894202,14.682606,1840.0,,93
4867089,4867075,39.552937,-91.3521,2.4950013,0.62232345,0.06,0.12,4.1583357,12.475007,871.0,,93
2926405,2926469,39.698322,-91.231,3.206201,0.55713856,0.06,0.12,5.3436685,16.031006,974.0,,93
4867555,4867563,39.58493,-91.35166,2.209456,0.6566045,0.06,0.12,3.6824265,11.047279,48.0,,93
4868627,4868621,39.462055,-91.30235,3.1535254,0.5612253,0.055,0.11,5.2558756,30.0,257.0,,93
2926037,2926051,39.752052,-91.42867,3.773135,0.5185217,0.06,0.12,6.288558,18.865675,114.0,,93
2926407,2926469,39.70592,-91.2383,4.050207,0.50256217,0.06,0.12,6.750345,20.251036,1967.0,,93
4867559,4867561,39.58072,-91.33829,3.7803946,0.5180822,0.055,0.11,6.3006577,30.0,13.0,,93
2925883,2927757,39.786575,-91.352615,1.807111,0.71749485,0.06,0.12,3.0118515,9.035555,3941.0,,93
2927467,2927473,39.794815,-91.36301,3.056947,0.5689798,0.06,0.12,5.0949116,15.284735,455.0,,93
2926281,2926293,39.71839,-91.10029,5.063732,0.4554058,0.06,0.12,8.439553,25.31866,2229.0,,93
2926465,2926485,39.696323,-91.26709,4.1689677,0.49619508,0.06,0.12,6.94828,20.84484,2150.0,,93
4868509,4868519,39.473835,-91.31235,4.538607,0.4779425,0.055,0.11,7.5643454,30.0,200.0,,93
2926151,2926153,39.731464,-91.329926,1.9651006,0.69144875,0.06,0.12,3.2751677,9.825503,2969.0,,93
2924333,2923889,39.6221,-90.78883,7.0891867,0.39258286,0.055,0.11,11.8153105,50.0,1392.0,05512500,93
2926215,2926301,39.724205,-91.27746,6.9734936,0.39544308,0.055,0.11,11.622489,34.867466,1991.0,,93
2925863,2925949,39.77103,-91.134224,6.553706,0.40642425,0.055,0.11,10.922844,32.76853,613.0,,93
2926541,2926555,39.67994,-91.40251,6.579391,0.4057235,0.055,0.11,10.9656515,32.896954,192.0,,93
2927503,2926011,39.7568,-91.40082,5.4790754,0.43983945,0.055,0.11,9.131792,30.0,45.0,,93
2927521,2927351,39.71463,-91.24005,6.3724327,0.4114849,0.055,0.11,10.620722,31.862164,322.0,,93
4868643,4868621,39.461384,-91.30028,6.7753677,0.4005036,0.055,0.11,11.29228,50.0,263.0,,93
2926305,2926293,39.71145,-91.09722,7.6673603,0.37923595,0.055,0.11,12.778934,38.3368,740.0,,93
4867203,4867201,39.52359,-91.33901,12.467675,0.30602697,0.05,0.1,20.779459,70.0,234.0,,93
4867557,4867563,39.5842,-91.36538,28.967764,0.21097547,0.05,0.1,48.279606,144.83882,2549.0,,93
4867605,4867073,39.55871,-91.33754,0.23314887,1.7708417,0.06,0.12,0.38858145,1.1657444,13.0,,93
2927469,2927473,39.798084,-91.366615,112.80178,0.11581397,0.045,0.09,188.00296,564.0089,1304.0,,93
2923779,2923885,39.66552,-90.79484,1.9123836,0.699794,0.06,0.12,3.187306,9.561917,1287.0,,94
2925377,2925861,39.83099,-91.15154,1.8059195,0.7177037,0.06,0.12,3.0098658,9.029597,1605.0,,94
2926009,2926033,39.76022,-91.43324,1.2626162,0.8404578,0.06,0.12,2.1043603,6.313081,1088.0,,94
2926143,2926281,39.736668,-91.1056,2.074908,0.67505944,0.06,0.12,3.4581802,10.37454,2548.0,,94
2926157,2926213,39.73613,-91.25988,2.432037,0.62938076,0.06,0.12,4.0533953,12.160186,1851.0,,94
2926265,2926407,39.71839,-91.217804,3.0621955,0.56854934,0.06,0.12,5.103659,15.310978,3544.0,,94
2926393,2926465,39.711308,-91.27732,2.2918756,0.64608055,0.06,0.12,3.8197925,11.459377,5391.0,,94
2926401,2926405,39.7043,-91.22241,1.22004,0.85327345,0.06,0.12,2.0334,6.1002,1592.0,,94
2926429,2926305,39.700607,-91.09268,1.6343932,0.7500092,0.06,0.12,2.7239885,8.171966,1993.0,,94
2926699,2926541,39.66723,-91.407845,2.2246685,0.6546199,0.06,0.12,3.7077808,11.1233425,3327.0,,94
2927303,2926037,39.738113,-91.42955,2.4773736,0.6242732,0.06,0.12,4.128956,12.386868,3301.0,,94
2927345,2926213,39.743404,-91.25127,1.606062,0.75581753,0.06,0.12,2.6767702,8.030311,5076.0,,94
4867109,4867089,39.547,-91.368065,2.3780296,0.63564736,0.06,0.12,3.9633827,11.890148,2609.0,,94
4867311,4867203,39.51004,-91.3361,2.560786,0.61521906,0.06,0.12,4.2679768,12.80393,2983.0,,94
2925833,2925863,39.77567,-91.12644,1.7820679,0.72192585,0.06,0.12,2.9701133,8.910339,1128.0,,94
2927357,2926405,39.698322,-91.215645,3.0737028,0.5676093,0.06,0.12,5.122838,15.368514,1667.0,,94
4866923,4867555,39.58533,-91.35182,2.2092543,0.65663093,0.06,0.12,3.6820905,11.046272,54.0,,94
4867541,4867557,39.591682,-91.37698,1.8648397,0.7076097,0.06,0.12,3.1080663,9.324199,33.0,,94
4868497,4868509,39.476093,-91.317474,2.378379,0.63560617,0.06,0.12,3.963965,11.891895,927.0,,94
4868665,4868627,39.460163,-91.30696,2.4945238,0.622376,0.06,0.12,4.15754,12.472619,676.0,,94
4868763,4868627,39.453968,-91.30055,2.4783413,0.6241656,0.06,0.12,4.130569,12.391706,2150.0,,94
2926039,2926037,39.752903,-91.435974,3.3565392,0.5459884,0.06,0.12,5.594232,16.782696,1268.0,,94
2926267,2926407,39.71671,-91.232864,3.0266132,0.5714886,0.06,0.12,5.0443554,15.133066,784.0,,94
2927519,2927521,39.71471,-91.237816,1.5179931,0.77485865,0.06,0.12,2.5299885,7.589966,81.0,,94
4866945,4867559,39.580814,-91.33651,3.7803946,0.5180822,0.055,0.11,6.3006577,30.0,331.0,,94
2925659,2927467,39.798748,-91.35813,3.0395768,0.57041204,0.06,0.12,5.0659614,15.197885,839.0,,94
2926147,2926215,39.73124,-91.278435,4.2381163,0.49260697,0.06,0.12,7.0635266,21.19058,954.0,,94
2926141,2926281,39.733284,-91.090744,4.8377714,0.46467045,0.06,0.12,8.062952,24.188856,2240.0,,94
2926395,2926465,39.7029,-91.28234,3.7563772,0.51954097,0.06,0.12,6.2606287,18.781885,1423.0,,94
2927453,2927469,39.8051,-91.36995,1.4920948,0.7807636,0.06,0.12,2.4868245,7.460474,409.0,,94
4868663,4868509,39.46498,-91.321846,4.2926865,0.48983434,0.055,0.11,7.1544776,30.0,2483.0,,94
2923881,2924333,39.624775,-90.80396,4.6332793,0.4736092,0.055,0.11,7.722132,30.0,1879.0,,94
2927499,2927503,39.75718,-91.40014,3.4152255,0.54182917,0.06,0.12,5.6920424,17.076128,99.0,,94
2923867,2924333,39.629707,-90.79744,6.2871532,0.41393802,0.055,0.11,10.478589,31.435766,1194.0,,94
2926149,2926215,39.729603,-91.28356,6.347355,0.41220134,0.055,0.11,10.578925,31.736774,175.0,,94
2925835,2925863,39.777702,-91.12804,6.4929037,0.40809897,0.055,0.11,10.821506,32.46452,1617.0,,94
2926561,2926541,39.679688,-91.40843,6.483468,0.4083609,0.055,0.11,10.805779,32.41734,1289.0,05502000,94
2927501,2927503,39.75917,-91.40285,4.9706836,0.4591473,0.055,0.11,8.284472,30.0,632.0,,94
2927523,2927521,39.714462,-91.23782,6.330346,0.4126896,0.055,0.11,10.550577,31.65173,74.0,,94
4868641,4868643,39.460777,-91.298775,1.464,0.78733873,0.06,0.12,2.44,7.32,120.0,,94
4868647,4868643,39.460327,-91.29873,6.773216,0.40055972,0.055,0.11,11.288692,50.0,144.0,,94
2926319,2926305,39.709724,-91.09204,7.6243324,0.3801787,0.055,0.11,12.70722,38.121662,684.0,,94
4867221,4867203,39.520103,-91.34726,12.426606,0.30647275,0.05,0.1,20.71101,70.0,1575.0,05508805,94
4867543,4867557,39.59184,-91.37397,28.954472,0.21101819,0.05,0.1,48.257454,144.77237,606.0,,94
4867603,4867605,39.558815,-91.337265,1.464,0.78733873,0.06,0.12,2.44,7.32,45.0,,94
2927455,2927469,39.804756,-91.37219,112.801506,0.11581409,0.045,0.09,188.00252,564.00757,505.0,,94
2923843,2923867,39.640152,-90.79363,1.6030625,0.7564411,0.06,0.12,2.6717708,8.015312,1853.0,,95
2925895,2925835,39.773697,-91.11359,1.3930149,0.8047937,0.06,0.12,2.3216915,6.965074,1739.0,,95
2925921,2925833,39.765057,-91.12004,1.498544,0.7792794,0.06,0.12,2.4975734,7.49272,2017.0,,95
2926109,2926147,39.741005,-91.27155,1.8404466,0.71173215,0.06,0.12,3.067411,9.202232,1948.0,,95
2926207,2926267,39.730152,-91.21829,2.8620882,0.5857559,0.06,0.12,4.770147,14.310441,4531.0,,95
2926389,2927357,39.71219,-91.194984,2.321896,0.6423818,0.06,0.12,3.8698268,11.609481,3776.0,,95
2926391,2927357,39.700127,-91.199,2.2737193,0.64835155,0.06,0.12,3.789532,11.368596,1432.0,,95
2926413,2926395,39.702335,-91.30363,1.9868753,0.68809533,0.06,0.12,3.3114588,9.934377,2428.0,,95
2927277,2926141,39.756508,-91.093285,2.4576976,0.6264732,0.06,0.12,4.096163,12.288487,3508.0,,95
2927291,2926149,39.74604,-91.292595,2.2961843,0.64554536,0.06,0.12,3.8269737,11.480921,6348.0,,95
4866893,4867541,39.59914,-91.3822,1.8648397,0.7076097,0.06,0.12,3.1080663,9.324199,1991.0,,95
4866917,4866923,39.59069,-91.35478,1.9597739,0.69227725,0.06,0.12,3.2662897,9.798869,3625.0,,95
4866919,4866923,39.591194,-91.3606,1.4599073,0.7883118,0.06,0.12,2.433179,7.299536,2317.0,,95
4868517,4868497,39.478306,-91.33666,2.0882556,0.67315245,0.06,0.12,3.480426,10.4412775,3327.0,,95
4868533,4868497,39.474613,-91.329506,1.3370867,0.81947523,0.06,0.12,2.228478,6.685434,1575.0,,95
4868751,4868665,39.45318,-91.31291,1.5267134,0.77290297,0.06,0.12,2.5445223,7.6335673,1706.0,,95
4868869,4868763,39.44134,-91.300186,1.3317238,0.82092947,0.06,0.12,2.2195396,6.658619,1358.0,,95
4868953,4868665,39.44081,-91.31454,2.1684191,0.6620579,0.06,0.12,3.614032,10.842096,4797.0,,95
4869705,4868763,39.431828,-91.30612,2.046065,0.67924136,0.06,0.12,3.4101086,10.230326,3664.0,,95
2926025,2926039,39.753696,-91.44202,3.2490706,0.55388343,0.06,0.12,5.4151177,16.245354,71.0,,95
2926205,2926267,39.720272,-91.23268,1.5204946,0.774296,0.06,0.12,2.5341575,7.602473,23.0,,95
2926249,2927519,39.72162,-91.23847,1.5121251,0.7761838,0.06,0.12,2.5202086,7.560626,1868.0,,95
2926337,2926319,39.7056,-91.08841,2.369615,0.6366422,0.06,0.12,3.9493585,11.848075,535.0,,95
2926597,2926561,39.6769,-91.42196,2.692827,0.601723,0.06,0.12,4.4880447,13.464135,1547.0,,95
2927491,2927501,39.761723,-91.40463,1.3153782,0.82541454,0.06,0.12,2.192297,6.5768905,47.0,,95
2923877,2923881,39.624756,-90.81036,2.3501093,0.63896805,0.06,0.12,3.9168491,11.750547,253.0,,95
4866935,4866945,39.585674,-91.33262,3.2482126,0.553948,0.06,0.12,5.4136877,16.241062,1273.0,,95
4866937,4866945,39.589756,-91.33861,2.6565332,0.60533607,0.06,0.12,4.4275556,13.282666,1882.0,,95
4867225,4867221,39.520775,-91.36841,4.0727053,0.50133544,0.06,0.12,6.7878423,20.363527,2962.0,,95
4867537,4867543,39.592167,-91.37088,3.0355575,0.5707451,0.06,0.12,5.0592628,15.177788,40.0,,95
4868849,4868663,39.44847,-91.33417,3.5950313,0.5297019,0.06,0.12,5.991719,17.975157,2486.0,,95
2925587,2925659,39.802483,-91.35741,2.978621,0.5755328,0.06,0.12,4.9643683,14.893105,70.0,,95
2926107,2926147,39.74011,-91.28231,4.0857596,0.5006282,0.06,0.12,6.8095994,20.428799,1278.0,,95
2926071,2926141,39.74608,-91.084206,4.3822837,0.4853905,0.06,0.12,7.3038063,21.911419,789.0,,95
2926379,2926395,39.707428,-91.29008,3.431332,0.5407056,0.06,0.12,5.718887,17.15666,1072.0,,95
2927445,2927455,39.809273,-91.3732,3.0864966,0.5665701,0.06,0.12,5.144161,15.432484,542.0,,95
2927449,2927453,39.806248,-91.36827,0.4646329,1.3063445,0.06,0.12,0.77438813,2.3231645,14.0,,95
4868687,4868663,39.457703,-91.335464,2.7642612,0.5948126,0.06,0.12,4.607102,13.821306,790.0,,95
2923865,2923881,39.6272,-90.81822,4.134558,0.49801272,0.055,0.11,6.89093,30.0,1529.0,,95
2925995,2927499,39.7586,-91.39919,3.414187,0.5419019,0.06,0.12,5.6903114,17.070934,281.0,,95
2923845,2923867,39.639477,-90.80259,6.2238684,0.41578966,0.055,0.11,10.373115,31.119343,1589.0,,95
2926163,2926149,39.73178,-91.300354,6.2363405,0.41542262,0.055,0.11,10.393901,31.181702,3402.0,,95
2925787,2925835,39.781036,-91.118835,6.4457335,0.40941387,0.055,0.11,10.742889,32.22867,566.0,,95
2926535,2926561,39.682243,-91.41864,6.261327,0.4146904,0.055,0.11,10.435544,31.306633,785.0,,95
2927493,2927501,39.766357,-91.406975,4.923481,0.4610842,0.055,0.11,8.205801,30.0,1156.0,,95
2927285,2927523,39.7386,-91.234695,6.329719,0.41270763,0.055,0.11,10.549532,31.648596,6063.0,,95
4868707,4868647,39.45923,-91.290405,6.7720933,0.40058902,0.055,0.11,11.286822,50.0,1759.0,,95
2926317,2926319,39.709255,-91.0884,7.5268435,0.3823433,0.055,0.11,12.544739,37.634216,445.0,,95
4867269,4867221,39.50959,-91.35731,12.247408,0.30844304,0.05,0.1,20.412346,70.0,1727.0,,95
4867539,4867543,39.601837,-91.37235,28.941164,0.211061,0.05,0.1,48.23527,144.70583,2180.0,,95
2927447,2927455,39.808205,-91.37458,112.8005,0.11581455,0.045,0.09,188.00084,564.0025,344.0,,95
2923891,2923865,39.62325,-90.832954,1.4877651,0.7817652,0.06,0.12,2.4796083,7.438825,1888.0,,96
2925871,2925787,39.776123,-91.11059,1.4370401,0.7938216,0.06,0.12,2.3950667,7.1852,1686.0,,96
2925963,2927491,39.76783,-91.40141,1.3137218,0.82587355,0.06,0.12,2.1895363,6.5686088,1681.0,,96
2925989,2927285,39.767723,-91.23265,2.3676784,0.6368719,0.06,0.12,3.9461308,11.838392,3483.0,,96
2926031,2926025,39.75486,-91.45825,2.5134892,0.6202998,0.06,0.12,4.189149,12.567447,3123.0,,96
2926203,2926205,39.725216,-91.23071,1.5204946,0.774296,0.06,0.12,2.5341575,7.602473,1954.0,,96
2926287,2926317,39.717842,-91.080666,1.67914,0.7411249,0.06,0.12,2.7985666,8.3956995,2113.0,,96
2926387,2926379,39.71128,-91.30621,1.9211456,0.6983841,0.06,0.12,3.2019093,9.605727,3203.0,,96
2926411,2926337,39.700745,-91.078766,1.5716676,0.76307064,0.06,0.12,2.619446,7.858338,1649.0,,96
2926477,2926337,39.693024,-91.08563,2.0563076,0.67774665,0.06,0.12,3.4271793,10.281538,2612.0,,96
2926507,2926535,39.689796,-91.42757,1.585983,0.76002425,0.06,0.12,2.643305,7.9299154,1806.0,,96
2926655,2926597,39.66473,-91.433235,1.6642503,0.74404293,0.06,0.12,2.7737505,8.321251,1759.0,,96
2926729,2926597,39.658768,-91.427505,2.2367342,0.6530596,0.06,0.12,3.7278903,11.18367,2997.0,,96
2927275,2926071,39.760185,-91.08585,1.6708612,0.7427427,0.06,0.12,2.7847686,8.354306,2619.0,,96
2927287,2926107,39.749214,-91.26821,2.115123,0.6693666,0.06,0.12,3.525205,10.575615,2632.0,,96
2927305,2926025,39.747486,-91.44909,2.616206,0.6094351,0.06,0.12,4.360343,13.081029,2421.0,,96
2927635,2926249,39.730976,-91.23868,1.0073308,0.92852795,0.06,0.12,1.6788846,5.036654,273.0,,96
4866857,4866937,39.60959,-91.341286,2.0144837,0.68391883,0.06,0.12,3.3574727,10.072418,3604.0,,96
4866903,4866935,39.606216,-91.33114,2.2620347,0.64982694,0.06,0.12,3.7700577,11.310173,3827.0,,96
4867183,4867225,39.544174,-91.38982,2.6910417,0.6018991,0.06,0.12,4.4850693,13.455208,4131.0,,96
4868749,4868687,39.45367,-91.34342,1.2940903,0.8313776,0.06,0.12,2.156817,6.4704514,1247.0,,96
4868755,4868707,39.451103,-91.27376,1.7193923,0.73341966,0.06,0.12,2.865654,8.596962,1914.0,,96
4868903,4868849,39.437714,-91.33177,1.3591677,0.8135749,0.06,0.12,2.2652793,6.7958384,1503.0,,96
2924361,2923877,39.621933,-90.81454,2.3400574,0.6401775,0.06,0.12,3.9000957,11.700287,723.0,,96
2925985,2925995,39.767242,-91.39906,1.726251,0.7321327,0.06,0.12,2.877085,8.631255,1729.0,,96
2927485,2927493,39.771614,-91.4084,2.454087,0.62687963,0.06,0.12,4.090145,12.270435,55.0,,96
4866859,4866937,39.60124,-91.346664,1.9858843,0.6882468,0.06,0.12,3.3098073,9.929421,1709.0,,96
4866887,4867537,39.60961,-91.37018,3.0355575,0.5707451,0.06,0.12,5.0592628,15.177788,4438.0,,96
4866901,4866935,39.591015,-91.33124,2.6188161,0.609167,0.06,0.12,4.3646936,13.09408,368.0,,96
4867185,4867225,39.528984,-91.393005,3.3003275,0.55007166,0.06,0.12,5.500546,16.501638,2522.0,,96
4868861,4868849,39.438892,-91.33865,3.2062988,0.5571311,0.06,0.12,5.3438315,16.031494,306.0,,96
2923819,2923845,39.664696,-90.813545,3.8689432,0.51281714,0.06,0.12,6.448239,19.344715,5627.0,,96
2927289,2926107,39.74915,-91.28203,3.810006,0.51630193,0.06,0.12,6.35001,19.05003,676.0,,96
2927451,2925587,39.803993,-91.3584,2.9764755,0.5757158,0.06,0.12,4.9607925,14.882378,350.0,,96
4867315,4867269,39.50487,-91.37006,2.897746,0.5825649,0.06,0.12,4.829577,14.48873,1794.0,,96
2925543,2927445,39.81007,-91.369514,3.0675335,0.5681127,0.06,0.12,5.1125555,15.337667,372.0,,96
2925559,2927449,39.807377,-91.36846,0.45616964,1.3169822,0.06,0.12,0.76028275,2.2808483,247.0,,96
2926303,2926379,39.713116,-91.29213,3.0790021,0.56717813,0.06,0.12,5.13167,15.39501,365.0,,96
2927273,2926071,39.75252,-91.070885,4.2504864,0.49197397,0.06,0.12,7.084144,21.252432,2542.0,,96
4868689,4868687,39.456944,-91.340614,2.5612397,0.61517096,0.06,0.12,4.268733,12.806199,189.0,,96
2923857,2923865,39.63157,-90.83157,3.9212968,0.5097852,0.055,0.11,6.535495,30.0,1262.0,,96
2925983,2925995,39.76093,-91.39709,3.2438197,0.5542788,0.06,0.12,5.4063663,16.219099,384.0,,96
4867489,4867539,39.608658,-91.378494,3.6510427,0.5261013,0.06,0.12,6.085071,18.255213,35.0,,96
2923821,2923845,39.649315,-90.818436,5.599607,0.43563718,0.055,0.11,9.332679,30.0,2290.0,,96
2926115,2926163,39.740005,-91.32008,6.1957574,0.41662088,0.055,0.11,10.326262,30.978786,2056.0,,96
2925763,2925787,39.78357,-91.116394,6.4139104,0.41030878,0.055,0.11,10.689851,32.069553,477.0,,96
2926549,2926535,39.679882,-91.42921,6.20166,0.4164459,0.055,0.11,10.336101,31.0083,1382.0,,96
2927483,2927493,39.7738,-91.40822,4.6424036,0.4731983,0.055,0.11,7.7373395,30.0,534.0,,96
2925987,2927285,39.758602,-91.21883,6.0642233,0.42058372,0.055,0.11,10.1070385,30.321115,590.0,,96
4868811,4868707,39.44783,-91.28223,6.649656,0.4038265,0.055,0.11,11.08276,50.0,1237.0,,96
2926295,2926317,39.71104,-91.07907,7.4851913,0.3832805,0.055,0.11,12.475319,37.425957,1555.0,,96
4867259,4867269,39.513577,-91.373604,12.174515,0.3092564,0.05,0.1,20.29086,70.0,1870.0,,96
4867491,4867539,39.612167,-91.379585,28.91683,0.21113934,0.05,0.1,48.194717,144.58415,791.0,,96
2927769,2927447,39.820477,-91.377335,1.8053231,0.71780825,0.06,0.12,3.008872,9.026616,2305.0,,96
2927761,2927447,39.81364,-91.38313,112.80028,0.11581465,0.045,0.09,188.00046,564.0014,1601.0,,96
2923733,2923819,39.69229,-90.8321,2.0338306,0.68104094,0.06,0.12,3.3897178,10.169153,2365.0,,97
2923791,2923821,39.665455,-90.83234,1.9574825,0.69263464,0.06,0.12,3.2624707,9.787412,2599.0,,97
2923903,2924361,39.616257,-90.83409,2.1750865,0.6611618,0.06,0.12,3.6251442,10.875432,3627.0,,97
2925865,2925985,39.78204,-91.395325,1.4544827,0.7896075,0.06,0.12,2.4241378,7.2724133,1781.0,,97
2925915,2927273,39.77262,-91.075356,1.8470317,0.7106115,0.06,0.12,3.078386,9.235158,2589.0,,97
2925923,2927485,39.77369,-91.42605,2.4511254,0.6272137,0.06,0.12,4.085209,12.255627,3465.0,,97
2926599,2926549,39.672382,-91.432915,1.5821388,0.76083845,0.06,0.12,2.636898,7.9106936,1931.0,,97
4866753,4866887,39.633747,-91.35315,2.290561,0.64624405,0.06,0.12,3.8176017,11.4528055,2748.0,,97
4866765,4866887,39.622063,-91.35584,1.5523107,0.767254,0.06,0.12,2.5871847,7.761554,1380.0,,97
4866827,4866859,39.61386,-91.34521,1.76009,0.725889,0.06,0.12,2.9334834,8.80045,1294.0,,97
4866891,4866901,39.602715,-91.3179,2.1297193,0.6673388,0.06,0.12,3.549532,10.648596,3597.0,,97
4866897,4866901,39.592407,-91.3163,1.9539075,0.69319344,0.06,0.12,3.2565124,9.769537,2397.0,,97
4867169,4867185,39.54279,-91.41059,2.2068334,0.6569487,0.06,0.12,3.6780555,11.034166,2946.0,,97
4867173,4867185,39.536964,-91.425644,2.5443416,0.6169701,0.06,0.12,4.2405696,12.721708,4220.0,,97
4867229,4867259,39.521988,-91.38782,1.7157784,0.7341008,0.06,0.12,2.8596306,8.578892,1701.0,,97
4868411,4867315,39.493015,-91.353546,1.9671224,0.6911351,0.06,0.12,3.2785375,9.835612,2887.0,,97
4868673,4868689,39.46215,-91.34333,1.4448938,0.79191506,0.06,0.12,2.4081564,7.224469,1277.0,,97
4868969,4868861,39.43157,-91.35013,2.1911738,0.65901583,0.06,0.12,3.6519566,10.95587,2974.0,,97
2923849,2923857,39.637997,-90.83747,2.2037997,0.65734744,0.06,0.12,3.6729994,11.018998,953.0,,97
2925969,2925987,39.75889,-91.211075,2.0488684,0.67883116,0.06,0.12,3.4147806,10.244342,1058.0,,97
2926003,2925983,39.758335,-91.39466,2.0373745,0.6805181,0.06,0.12,3.3956242,10.1868725,876.0,,97
2926015,2927289,39.75656,-91.26712,2.7646525,0.59477544,0.06,0.12,4.607754,13.823262,3619.0,,97
2926431,2926295,39.701767,-91.064926,3.065187,0.5683045,0.06,0.12,5.108645,15.325935,2745.0,,97
2927297,2926115,39.75121,-91.33513,2.5034091,0.6214005,0.06,0.12,4.1723485,12.517045,7028.0,,97
4867469,4867491,39.614582,-91.382866,2.322079,0.6423595,0.06,0.12,3.8701317,11.610395,59.0,,97
4868847,4868811,39.441254,-91.28064,2.4377108,0.6287341,0.06,0.12,4.0628514,12.188555,489.0,,97
4868997,4868861,39.425755,-91.33706,2.771807,0.5940977,0.06,0.12,4.6196785,13.859035,2746.0,,97
2923731,2923819,39.690834,-90.8218,2.7948468,0.591932,0.06,0.12,4.658078,13.974235,1063.0,,97
2926017,2927289,39.75294,-91.28187,3.191365,0.55827975,0.06,0.12,5.3189416,15.956825,174.0,,97
2927233,2927451,39.816135,-91.35329,2.949458,0.5780365,0.06,0.12,4.9157634,14.74729,2547.0,,97
2927477,2927483,39.77613,-91.40876,2.3351808,0.640767,0.06,0.12,3.891968,11.675904,44.0,,97
4869881,4867315,39.50005,-91.36439,2.2108655,0.65641975,0.06,0.12,3.6847758,11.054328,101.0,,97
2925541,2925543,39.81068,-91.36923,3.0618746,0.5685756,0.06,0.12,5.1031246,15.309374,678.0,,97
2925913,2927273,39.768017,-91.06408,3.826936,0.51529294,0.06,0.12,6.3782268,19.13468,1683.0,,97
2926263,2926303,39.716072,-91.29877,3.0650802,0.56831324,0.06,0.12,5.108467,15.325401,964.0,,97
4868675,4868689,39.458904,-91.34649,2.3811703,0.63527733,0.06,0.12,3.9686172,11.905851,966.0,,97
2923851,2923857,39.634212,-90.839424,3.5633535,0.5317742,0.055,0.11,5.9389224,30.0,589.0,,97
2925965,2925983,39.765175,-91.39169,2.92359,0.58028734,0.06,0.12,4.87265,14.6179495,941.0,,97
2925727,2925763,39.785603,-91.11476,3.716407,0.52199876,0.06,0.12,6.1940117,18.582035,285.0,,97
4867487,4867489,39.60875,-91.378296,3.6507387,0.5261206,0.06,0.12,6.0845647,18.253693,6.0,,97
2923795,2923821,39.658703,-90.83627,5.367303,0.44385716,0.055,0.11,8.945505,30.0,2057.0,,97
2926067,2926115,39.74752,-91.32053,5.991449,0.4228299,0.055,0.11,9.985748,30.0,504.0,,97
2925717,2925763,39.788013,-91.11688,5.923995,0.42494726,0.055,0.11,9.873325,30.0,527.0,,97
2926533,2926549,39.681705,-91.43994,6.1319256,0.4185287,0.055,0.11,10.219875,30.659628,1395.0,,97
2927479,2927483,39.780987,-91.41255,4.4137936,0.4838587,0.055,0.11,7.3563223,30.0,1314.0,,97
2925939,2925987,39.7649,-91.21555,5.9636307,0.42369893,0.055,0.11,9.939384,30.0,1004.0,,97
4868839,4868811,39.441223,-91.2767,6.4845147,0.4083318,0.055,0.11,10.807525,50.0,681.0,,97
2926273,2926295,39.711807,-91.070335,7.271743,0.38820383,0.055,0.11,12.119571,36.358715,441.0,,97
4867271,4867259,39.511948,-91.38747,12.133755,0.30971432,0.05,0.1,20.222923,70.0,1347.0,,97
4867473,4867491,39.61422,-91.38983,28.91038,0.21116012,0.05,0.1,48.183964,144.5519,1453.0,05508000,97
2927763,2927761,39.820213,-91.394066,112.80009,0.11581474,0.045,0.09,188.00014,564.0004,789.0,,97
2927771,2927769,39.82665,-91.3945,1.3735099,0.80981594,0.06,0.12,2.2891831,6.86755,1384.0,,97
2927767,2927761,39.820343,-91.38955,0.8719283,0.9895846,0.06,0.12,1.4532138,4.359641,420.0,,97
2923717,2923731,39.704754,-90.82262,1.6589949,0.74508184,0.06,0.12,2.7649915,8.294974,2271.0,,98
2923765,2923795,39.67383,-90.83888,1.7242968,0.7324986,0.06,0.12,2.873828,8.621484,2274.0,,98
2923825,2923849,39.650772,-90.84633,1.6579399,0.745291,0.06,0.12,2.7632332,8.2897,2435.0,,98
2923827,2923849,39.641983,-90.85012,1.575173,0.762321,0.06,0.12,2.6252882,7.875865,2144.0,,98
2925465,2927233,39.8254,-91.33952,1.4182242,0.7984508,0.06,0.12,2.363707,7.091121,1777.0,,98
2925809,2925913,39.7808,-91.049194,2.0023587,0.68574286,0.06,0.12,3.3372645,10.011793,2757.0,,98
2925813,2925727,39.778545,-91.104324,1.6383634,0.7492068,0.06,0.12,2.7306056,8.191817,2149.0,,98
2925887,2925939,39.773296,-91.221054,1.6245679,0.75200695,0.06,0.12,2.7076132,8.12284,1649.0,,98
2925961,2925969,39.759563,-91.200554,1.7317648,0.7311033,0.06,0.12,2.8862746,8.658824,883.0,,98
2926007,2926003,39.755592,-91.37402,1.9337535,0.69637156,0.06,0.12,3.2229226,9.668767,3519.0,,98
2926019,2926017,39.751984,-91.29158,1.7681998,0.72441834,0.06,0.12,2.9469998,8.841,1828.0,,98
2926227,2926263,39.722843,-91.298584,1.7045135,0.7362372,0.06,0.12,2.8408558,8.522568,1751.0,,98
2926415,2926273,39.7001,-91.04535,2.5974965,0.6113678,0.06,0.12,4.3291607,12.987482,4935.0,,98
2926453,2926431,39.686775,-91.04985,2.244578,0.6520518,0.06,0.12,3.7409632,11.22289,2468.0,,98
2926493,2926431,39.68572,-91.06831,1.9729129,0.6902395,0.06,0.12,3.2881882,9.864565,1595.0,,98
2927249,2926015,39.7808,-91.25658,2.244578,0.6520518,0.06,0.12,3.7409632,11.22289,2331.0,,98
2927633,2927297,39.750774,-91.34338,1.5238174,0.7735506,0.06,0.12,2.5396957,7.619087,265.0,,98
4866905,4867469,39.603848,-91.39722,2.322079,0.6423595,0.06,0.12,3.8701317,11.610395,3765.0,,98
4868669,4868675,39.462357,-91.35542,1.5894275,0.7592972,0.06,0.12,2.6490457,7.9471374,1548.0,,98
4868951,4868847,39.43199,-91.28788,1.5357465,0.770894,0.06,0.12,2.5595775,7.6787324,2346.0,,98
4868981,4868847,39.428238,-91.29528,2.157288,0.6635628,0.06,0.12,3.5954802,10.786441,3974.0,,98
4869037,4868997,39.413906,-91.32694,1.6347549,0.7499359,0.06,0.12,2.7245915,8.173775,1858.0,,98
4869051,4868997,39.410374,-91.32837,1.4794705,0.7836959,0.06,0.12,2.465784,7.397352,1784.0,,98
2923719,2923731,39.699203,-90.8288,2.3178635,0.64287466,0.06,0.12,3.8631055,11.589317,1879.0,,98
2923883,2923851,39.627647,-90.84425,2.646776,0.60631955,0.06,0.12,4.411293,13.233879,1776.0,,98
2925463,2927233,39.821384,-91.3321,2.572986,0.6139304,0.06,0.12,4.28831,12.86493,1686.0,,98
2925853,2927477,39.780685,-91.40576,2.3346379,0.6408327,0.06,0.12,3.891063,11.673189,1457.0,,98
2926001,2926017,39.758595,-91.28262,2.9853764,0.57495785,0.06,0.12,4.9756274,14.926883,1079.0,,98
2926591,2926533,39.67811,-91.44934,2.8848348,0.58371377,0.06,0.12,4.8080583,14.424174,1574.0,,98
4867471,4867473,39.613853,-91.398125,2.1271193,0.6676985,0.06,0.12,3.5451987,10.635596,42.0,,98
4868351,4869881,39.49814,-91.36566,2.2092543,0.65663093,0.06,0.12,3.6820905,11.046272,535.0,,98
4868833,4868839,39.4403,-91.27316,1.673975,0.7421329,0.06,0.12,2.7899585,8.369875,131.0,,98
2925499,2925541,39.826973,-91.37319,2.8249211,0.58914346,0.06,0.12,4.708202,14.124606,3268.0,,98
2925501,2925541,39.824615,-91.37853,1.7246228,0.7324375,0.06,0.12,2.8743713,8.623114,3065.0,,98
2925807,2925913,39.786552,-91.057365,3.4218755,0.5413644,0.06,0.12,5.7031255,17.109377,2839.0,,98
2926229,2926263,39.71794,-91.30404,2.7416458,0.5969723,0.06,0.12,4.5694094,13.708229,30.0,,98
4868705,4868675,39.456066,-91.35315,1.973164,0.69020075,0.06,0.12,3.2886066,10.0,536.0,,98
2923855,2923851,39.631744,-90.8464,2.9204276,0.58056444,0.06,0.12,4.8673797,14.6021385,1252.0,,98
2925675,2925717,39.790268,-91.120514,2.9960122,0.5740565,0.06,0.12,4.993354,14.980062,575.0,,98
2927489,2925965,39.766384,-91.38651,2.8018527,0.59127855,0.06,0.12,4.6697545,14.009263,51.0,,98
2925731,2925727,39.7857,-91.10725,3.5934641,0.52980375,0.06,0.12,5.989107,17.967321,1071.0,,98
2927293,2926067,39.751278,-91.32084,4.654152,0.47267097,0.055,0.11,7.75692,30.0,466.0,,98
4866833,4867487,39.61265,-91.37387,3.6507387,0.5261206,0.06,0.12,6.0845647,18.253693,1364.0,,98
2923767,2923795,39.66898,-90.84708,5.1634445,0.45150474,0.055,0.11,8.6057415,30.0,1135.0,,98
2927295,2926067,39.757957,-91.33466,4.803112,0.46614677,0.06,0.12,8.005187,24.01556,4031.0,,98
2925673,2925717,39.795437,-91.1133,5.615271,0.43510064,0.055,0.11,9.358786,30.0,1320.0,,98
2925743,2927479,39.787292,-91.41389,4.3825507,0.4853775,0.055,0.11,7.3042507,30.0,82.0,,98
2926503,2926533,39.690987,-91.44996,5.8378286,0.42770308,0.055,0.11,9.729714,30.0,2011.0,,98
4867317,4867271,39.503674,-91.3933,4.129776,0.49826705,0.055,0.11,6.8829603,30.0,1047.0,,98
2925885,2925939,39.771706,-91.21414,5.8778725,0.42641515,0.055,0.11,9.796454,30.0,595.0,,98
4868837,4868839,39.439854,-91.273056,6.4298096,0.40986088,0.055,0.11,10.71635,50.0,108.0,,98
2926251,2926273,39.714577,-91.06526,7.1465087,0.3911905,0.055,0.11,11.910849,35.732544,787.0,,98
4867279,4867271,39.50879,-91.39471,11.950467,0.31180108,0.05,0.1,19.917446,70.0,535.0,,98
4867475,4867473,39.61312,-91.40252,28.90436,0.21117952,0.05,0.1,48.173935,144.5218,799.0,,98
2927765,2927763,39.82409,-91.40286,112.80003,0.11581476,0.045,0.09,188.00006,564.0002,989.0,,98
2927215,2927767,39.82275,-91.389946,0.548778,1.2138541,0.06,0.12,0.91463,2.74389,417.0,,98
2923699,2923719,39.713226,-90.839874,2.018334,0.68334293,0.06,0.12,3.3638897,10.091669,1958.0,,99
2923893,2923883,39.62147,-90.86316,1.7304705,0.7313445,0.06,0.12,2.8841176,8.652352,2133.0,,99
2923901,2923883,39.615124,-90.85207,2.0371387,0.68055284,0.06,0.12,3.395231,10.185693,2285.0,,99
2925403,2925463,39.83103,-91.31539,2.1342545,0.66671276,0.06,0.12,3.5570908,10.671272,2181.0,,99
2925611,2925673,39.80568,-91.11071,1.5716676,0.76307064,0.06,0.12,2.619446,7.858338,2592.0,,99
2925655,2925675,39.802513,-91.120636,2.0657632,0.6763762,0.06,0.12,3.4429388,10.328816,2145.0,,99
2925823,2925731,39.779625,-91.09286,1.7869487,0.72105527,0.06,0.12,2.9782476,8.934743,2057.0,,99
2925973,2926001,39.765556,-91.292465,2.277715,0.6478495,0.06,0.12,3.7961917,11.388575,1510.0,,99
2925975,2926001,39.7598,-91.29425,1.3214172,0.8237482,0.06,0.12,2.202362,6.6070857,1041.0,,99
2926021,2927293,39.762417,-91.32027,1.9891015,0.68775547,0.06,0.12,3.3151693,9.945508,2356.0,,99
2926197,2926251,39.72787,-91.06939,2.0446608,0.6794471,0.06,0.12,3.4077678,10.223304,2525.0,,99
2926231,2926229,39.72511,-91.31919,2.477535,0.62425524,0.06,0.12,4.129225,12.387674,3451.0,,99
2926633,2926591,39.665768,-91.463936,2.54112,0.61731505,0.06,0.12,4.2352,12.705601,3479.0,,99
2927237,2925853,39.793064,-91.400894,1.984396,0.6884745,0.06,0.12,3.3073266,9.92198,2070.0,,99
4866777,4866833,39.627804,-91.373085,1.6649486,0.74390525,0.06,0.12,2.7749143,8.324742,2333.0,,99
4867405,4867471,39.625687,-91.40683,2.1255996,0.667909,0.06,0.12,3.5426662,10.627998,3486.0,,99
4868399,4868351,39.49209,-91.371376,1.1249554,0.8843715,0.06,0.12,1.8749257,5.6247773,1301.0,,99
4868489,4868351,39.48674,-91.361145,2.052827,0.67825335,0.06,0.12,3.4213784,10.264134,3194.0,,99
4868729,4868705,39.453648,-91.359886,1.2090961,0.8566722,0.06,0.12,2.01516,6.0454803,1124.0,,99
4868863,4868833,39.43854,-91.26527,1.6572359,0.74543065,0.06,0.12,2.7620597,8.28618,1591.0,,99
2923853,2923855,39.63248,-90.85582,2.112488,0.66973484,0.06,0.12,3.5208132,10.56244,882.0,,99
2925423,2925499,39.831085,-91.36636,2.6511683,0.6058762,0.06,0.12,4.418614,13.255841,2453.0,,99
2925605,2925807,39.79672,-91.046005,2.5119195,0.6204708,0.06,0.12,4.1865325,12.559597,654.0,,99
2925607,2925807,39.79948,-91.05024,2.154964,0.66387844,0.06,0.12,3.5916066,10.774819,719.0,,99
2925851,2927295,39.77554,-91.33257,3.3358335,0.54748094,0.06,0.12,5.559723,16.679169,69.0,,99
2926253,2926229,39.716675,-91.30424,1.7275515,0.7318894,0.06,0.12,2.8792524,8.637757,282.0,,99
4868711,4868705,39.45389,-91.35439,1.7184082,0.73360497,0.06,0.12,2.8640137,10.0,128.0,,99
4868835,4868837,39.440002,-91.27245,1.464,0.78733873,0.06,0.12,2.44,7.32,41.0,,99
2923761,2923767,39.671875,-90.85581,2.8225431,0.5893624,0.06,0.12,4.7042384,14.112716,729.0,,99
2923847,2923855,39.635986,-90.85598,2.3561718,0.6382422,0.06,0.12,3.9269533,11.78086,1014.0,,99
2925657,2925675,39.793858,-91.12388,2.5807593,0.6131139,0.06,0.12,4.3012657,12.903796,464.0,,99
2925843,2925885,39.77448,-91.21087,2.5951393,0.61161274,0.06,0.12,4.325232,12.975697,433.0,,99
2925919,2927489,39.776245,-91.38653,2.7655652,0.59468883,0.06,0.12,4.6092753,13.827826,2420.0,,99
2926509,2926503,39.685886,-91.46644,3.3720403,0.5448797,0.06,0.12,5.620067,16.8602,2495.0,,99
4867477,4867475,39.61185,-91.40685,2.4382102,0.6286773,0.06,0.12,4.063684,12.1910515,35.0,,99
2925725,2925731,39.79075,-91.0974,3.3670666,0.5452346,0.06,0.12,5.611778,16.835333,1492.0,,99
2926035,2927293,39.76741,-91.30402,4.516231,0.4789858,0.055,0.11,7.5270514,30.0,6221.0,,99
4866779,4866833,39.621853,-91.37584,3.4450824,0.5397524,0.06,0.12,5.741804,17.225412,871.0,,99
4867281,4867279,39.512566,-91.40693,4.631412,0.47369343,0.055,0.11,7.71902,30.0,2530.0,,99
2923759,2923767,39.675323,-90.85471,4.77289,0.46744666,0.055,0.11,7.954817,30.0,1027.0,,99
937110069,2927295,39.775196,-91.3276,4.053808,0.5023652,0.06,0.12,6.756347,20.269041,850.0,,99
2925609,2925673,39.801666,-91.10279,5.526345,0.4381757,0.055,0.11,9.210574,30.0,1346.0,,99
2926449,2926503,39.695427,-91.46211,5.291953,0.44663435,0.06,0.12,8.8199215,26.459764,930.0,,99
2927471,2925743,39.79345,-91.41432,4.382017,0.48540354,0.055,0.11,7.303362,30.0,1299.0,,99
4868343,4867317,39.499107,-91.39249,4.103888,0.49965128,0.055,0.11,6.8398137,30.0,513.0,,99
2925839,2925885,39.778267,-91.21633,5.683701,0.43278173,0.055,0.11,9.472836,30.0,1134.0,,99
4868899,4868837,39.43536,-91.272255,6.429252,0.40987656,0.055,0.11,10.71542,50.0,1022.0,,99
2926195,2926251,39.72233,-91.05954,7.067594,0.39311156,0.055,0.11,11.779324,35.33797,1167.0,,99
4867293,4867279,39.504314,-91.39507,11.690128,0.31484568,0.05,0.1,19.483547,70.0,534.0,,99
4867481,4867475,39.611683,-91.40805,28.896345,0.21120536,0.05,0.1,48.160576,144.48172,195.0,,99
2927437,2927765,39.82915,-91.40688,9.784186,0.34056363,0.055,0.11,16.306976,50.0,480.0,,99
2927439,2927765,39.828075,-91.40867,112.771065,0.11582788,0.045,0.09,187.95178,563.85535,323.0,,99
2927773,2927215,39.823704,-91.387886,1.464,0.78733873,0.06,0.12,2.44,7.32,38.0,,99
2923757,2923761,39.677322,-90.87539,1.9035429,0.701226,0.06,0.12,3.1725714,9.5177145,3167.0,,100
2923875,2923853,39.629307,-90.86863,1.8580947,0.7087418,0.06,0.12,3.0968246,9.290474,1916.0,,100
2925421,2925423,39.832714,-91.34943,1.7417325,0.7292545,0.06,0.12,2.9028876,8.708663,2790.0,,100
2925517,2925609,39.822243,-91.118576,2.5429618,0.61711776,0.06,0.12,4.23827,12.714809,4452.0,,100
2925553,2925607,39.810055,-91.050064,2.0278976,0.6819193,0.06,0.12,3.3798294,10.139488,1883.0,,100
2925599,2925605,39.804756,-91.02854,2.439541,0.628526,0.06,0.12,4.0659018,12.197705,3178.0,,100
2925623,2925657,39.800472,-91.135765,1.5566969,0.7662995,0.06,0.12,2.5944948,7.7834845,2250.0,,100
2925685,2925725,39.789867,-91.083145,1.568147,0.76382595,0.06,0.12,2.6135783,7.840735,2036.0,,100
2925711,2926035,39.79594,-91.2955,1.4706407,0.7857683,0.06,0.12,2.451068,7.3532033,1635.0,,100
2925765,2925839,39.786266,-91.205894,1.8687525,0.7069557,0.06,0.12,3.1145875,9.343762,2332.0,,100
2925889,2925843,39.76982,-91.19799,1.8701462,0.7067232,0.06,0.12,3.1169102,9.350731,2091.0,,100
2926325,2926195,39.715157,-91.04101,2.2365372,0.65308493,0.06,0.12,3.7275622,11.182687,3444.0,,100
2926361,2926253,39.711235,-91.31482,1.7055134,0.7360468,0.06,0.12,2.8425221,8.527567,2384.0,,100
2926423,2926449,39.709023,-91.45969,2.2628043,0.64972943,0.06,0.12,3.7713406,11.314022,2947.0,,100
2926595,2926509,39.678654,-91.48385,1.6426734,0.74833894,0.06,0.12,2.737789,8.2133665,1734.0,,100
2927209,2925423,39.83369,-91.3579,1.6289489,0.751114,0.06,0.12,2.7149148,8.144745,2189.0,,100
2927629,2925851,39.774815,-91.34036,3.3351996,0.54752684,0.06,0.12,5.5586658,16.675997,1525.0,,100
4866773,4866779,39.623142,-91.38863,1.6801692,0.7409246,0.06,0.12,2.800282,8.4008465,1885.0,,100
4868387,4868343,39.494297,-91.38468,1.1839117,0.8646647,0.06,0.12,1.9731861,5.9195585,1390.0,,100
4868817,4868711,39.449173,-91.350655,1.3137218,0.82587355,0.06,0.12,2.1895363,6.5686088,1529.0,,100
4868825,4868711,39.44819,-91.35577,1.3935081,0.804668,0.06,0.12,2.3225133,6.9675403,1549.0,,100
4868919,4868899,39.4302,-91.25986,1.9198229,0.6985963,0.06,0.12,3.199705,9.599114,2227.0,,100
937110068,937110069,39.78519,-91.312195,2.0204933,0.68302065,0.06,0.12,3.3674889,10.102467,4258.0,,100
2923745,2923759,39.681187,-90.861374,2.5977907,0.61133724,0.06,0.12,4.3296514,12.988954,1179.0,,100
2923763,2923761,39.670033,-90.86152,2.4312007,0.6294763,0.06,0.12,4.052001,12.156003,672.0,,100
2923837,2923847,39.638607,-90.86097,2.2226784,0.6548784,0.06,0.12,3.704464,11.113392,95.0,,100
2925621,2925657,39.804207,-91.132126,2.32153,0.6424265,0.06,0.12,3.8692167,11.60765,2313.0,,100
2925751,2925919,39.78668,-91.380684,1.8011382,0.7185436,0.06,0.12,3.0018969,10.0,184.0,,100
2925753,2925919,39.79387,-91.38926,1.8715377,0.70649135,0.06,0.12,3.1192296,9.357689,2338.0,,100
2925841,2925843,39.77504,-91.20529,2.0905015,0.6728333,0.06,0.12,3.4841692,10.452508,640.0,,100
2926501,2926509,39.686066,-91.48301,2.7706387,0.5942082,0.06,0.12,4.617731,13.853193,724.0,,100
4867219,4867281,39.527504,-91.42218,2.5380445,0.61764497,0.06,0.12,4.2300744,12.690223,2365.0,,100
4867319,4867293,39.50203,-91.40005,2.2471156,0.6517268,0.06,0.12,3.7451928,11.235579,663.0,,100
4867479,4867477,39.611656,-91.40666,2.4378774,0.62871516,0.06,0.12,4.063129,12.189386,18.0,,100
2925637,2925725,39.79653,-91.09003,3.018057,0.5722028,0.06,0.12,5.030095,15.090286,628.0,,100
2925709,2926035,39.790028,-91.29106,4.2057247,0.49427718,0.055,0.11,7.0095415,30.0,647.0,,100
4866761,4866779,39.62723,-91.38186,3.2525938,0.5536186,0.06,0.12,5.42099,16.26297,1008.0,,100
4867231,4867281,39.51721,-91.42849,4.111507,0.49924263,0.06,0.12,6.8525114,20.557533,2656.0,,100
4867483,4867481,39.611526,-91.40936,2.4013913,0.63291174,0.06,0.12,4.002319,12.006956,51.0,,100
2923743,2923759,39.686707,-90.85688,4.4580636,0.481733,0.055,0.11,7.430106,30.0,1945.0,,100
2927463,2927471,39.801506,-91.41553,2.8844745,0.5837459,0.06,0.12,4.8074574,14.422373,561.0,,100
937110048,937110069,39.7753,-91.32218,3.7855027,0.5177736,0.06,0.12,6.309171,18.927513,77.0,,100
2925515,2925609,39.81192,-91.100204,5.2846217,0.4469076,0.055,0.11,8.807702,30.0,1081.0,,100
2926425,2926449,39.702835,-91.47026,5.117752,0.45327875,0.06,0.12,8.529587,25.58876,1496.0,,100
2927465,2927471,39.799324,-91.415436,3.8469524,0.51410836,0.055,0.11,6.411587,30.0,46.0,,100
4868493,4868343,39.48581,-91.38777,4.052381,0.5024432,0.055,0.11,6.7539687,30.0,2999.0,,100
2925767,2925839,39.783566,-91.21869,5.583058,0.4362064,0.055,0.11,9.305097,30.0,143.0,,100
4868917,4868899,39.43002,-91.27048,6.3369203,0.41250065,0.055,0.11,10.561534,50.0,292.0,,100
2926165,2926195,39.723907,-91.051315,6.9618955,0.3957336,0.055,0.11,11.603159,34.80948,892.0,,100
2927775,2927437,39.831673,-91.405174,9.779541,0.340635,0.055,0.11,16.299234,50.0,219.0,,100
4867321,4867293,39.502495,-91.40321,11.657887,0.3152295,0.05,0.1,19.429813,70.0,1187.0,,100
4867795,4867481,39.60589,-91.415794,28.889433,0.21122766,0.05,0.1,48.149055,144.44717,1712.0,,100
2927777,2927439,39.836502,-91.42673,112.77084,0.115827985,0.045,0.09,187.9514,563.8542,3526.0,,100
2927785,2927437,39.835087,-91.40732,0.85571194,0.9978148,0.06,0.12,1.4261866,4.2785597,859.0,,100
2927783,2927439,39.830532,-91.4102,1.8467463,0.71066,0.06,0.12,3.0779104,9.233731,397.0,,100
