link,to,lat,lon,B,z,n,nCC,Tw,TwCC,Length,gages,level
882686,882688,38.95456,-90.3812,121.80551,0.11195598,0.04,0.08,203.00919,609.0275,1402.0,,0
880488,882686,38.95994,-90.38905,2.791011,0.59229076,0.06,0.12,4.651685,13.955055,514.0,,1
880490,882686,38.959152,-90.39393,121.804726,0.1119563,0.04,0.08,203.00787,609.0236,1028.0,,1
879614,880488,38.962475,-90.389694,2.7518148,0.595998,0.06,0.12,4.586358,13.759074,76.0,,2
880486,880490,38.961693,-90.40423,121.804665,0.11195632,0.04,0.08,203.00778,609.0233,831.0,,2
879610,879614,38.97373,-90.38327,2.234962,0.653288,0.06,0.12,3.7249365,11.174809,3140.0,,3
879612,879614,38.97637,-90.396095,2.1085234,0.6702901,0.06,0.12,3.5142057,10.542617,3409.0,,3
880482,880486,38.964672,-90.41095,2.141986,0.66565,0.06,0.12,3.5699763,10.709929,576.0,,3
880484,880486,38.963337,-90.41527,121.804306,0.11195646,0.04,0.08,203.00717,609.02155,1111.0,,3
879598,880482,38.97206,-90.406235,2.0774093,0.67470074,0.06,0.12,3.4623487,10.387046,1526.0,,4
880476,880484,38.965736,-90.422714,1.7333801,0.7308027,0.06,0.12,2.8889668,8.666901,461.0,,4
880478,880484,38.963947,-90.425064,121.80407,0.11195656,0.04,0.08,203.00677,609.0203,578.0,,4
879540,879598,38.98485,-90.40486,1.1959695,0.8608078,0.06,0.12,1.9932824,5.9798474,1568.0,,5
879542,879598,38.98536,-90.41203,1.3653501,0.8119475,0.06,0.12,2.2755835,6.8267508,1776.0,,5
879596,880476,38.976196,-90.41483,1.6231024,0.75230646,0.06,0.12,2.7051709,8.115513,2670.0,,5
880494,880478,38.961582,-90.43588,114.42866,0.11508463,0.045,0.09,190.71443,572.1433,1395.0,,5
880480,880478,38.965073,-90.429825,66.39148,0.14632596,0.045,0.09,110.652466,331.9574,324.0,05587450,5
880500,880494,38.95788,-90.44496,1.4608076,0.7880974,0.06,0.12,2.4346793,7.304038,421.0,,6
880470,880480,38.966827,-90.432465,1.6455345,0.7477646,0.06,0.12,2.7425575,8.227673,303.0,,6
880816,880494,38.95562,-90.4584,114.42845,0.11508472,0.045,0.09,190.71408,572.1423,2764.0,,6
880472,880480,38.966248,-90.43378,66.391,0.14632642,0.045,0.09,110.651665,331.955,424.0,,6
879594,880470,38.97686,-90.429535,1.4356455,0.7941617,0.06,0.12,2.3927424,7.1782274,1920.0,,7
880466,880472,38.967514,-90.43718,2.2082462,0.6567632,0.06,0.12,3.6804104,11.041231,276.0,,7
880534,880816,38.945335,-90.47562,114.42813,0.115084864,0.045,0.09,190.71355,572.1406,985.0,,7
880468,880472,38.967087,-90.442024,66.38994,0.14632745,0.045,0.09,110.6499,331.9497,1006.0,,7
879592,880466,38.98299,-90.44103,2.1915834,0.6589615,0.06,0.12,3.652639,10.957917,3332.0,,8
880462,880468,38.968346,-90.44828,2.2727659,0.64847153,0.06,0.12,3.7879431,11.36383,193.0,,8
880548,880534,38.938354,-90.48628,114.376884,0.11510761,0.045,0.09,190.62814,571.88446,1522.0,,8
880572,880534,38.931904,-90.48238,11.991242,0.31133285,0.055,0.11,19.985403,59.95621,2249.0,,8
880464,880468,38.967842,-90.451416,66.388336,0.14632902,0.045,0.09,110.647224,331.94168,616.0,,8
879590,880462,38.98388,-90.445435,2.2641504,0.649559,0.06,0.12,3.773584,11.320751,3578.0,,9
880552,880548,38.932617,-90.494415,1.56697,0.76407903,0.06,0.12,2.6116166,7.83485,341.0,,9
880574,880572,38.92202,-90.48823,3.042828,0.57014304,0.06,0.12,5.07138,15.214141,259.0,,9
880596,880548,38.919247,-90.50659,114.376656,0.115107715,0.045,0.09,190.62776,571.88324,4087.0,,9
880576,880572,38.921024,-90.490395,11.876379,0.3126577,0.055,0.11,19.793964,59.381893,604.0,,9
882682,880464,38.964436,-90.46309,1.309841,0.82695216,0.06,0.12,2.1830683,6.5492053,1661.0,,9
880810,880464,38.968582,-90.45591,66.38803,0.1463293,0.045,0.09,110.64672,331.9402,188.0,,9
879740,880552,38.942093,-90.49331,1.5304213,0.77207625,0.06,0.12,2.550702,7.6521063,2132.0,,10
879804,880574,38.91626,-90.48777,3.0359926,0.570709,0.06,0.12,5.0599875,15.179963,1370.0,,10
880458,880810,38.969685,-90.45735,2.1473231,0.6649196,0.06,0.12,3.578872,10.736616,172.0,,10
880598,880596,38.903797,-90.520546,2.2292328,0.65402824,0.06,0.12,3.7153878,11.146164,206.0,,10
880630,880596,38.89323,-90.523186,114.37586,0.115108065,0.045,0.09,190.62643,571.87933,2360.0,,10
880590,880576,38.913635,-90.49739,11.868513,0.31274912,0.055,0.11,19.780855,59.342564,1511.0,,10
880582,880576,38.917725,-90.49264,1.1688428,0.869565,0.06,0.12,1.9480714,5.844214,281.0,,10
880460,880810,38.969185,-90.45893,66.38708,0.14633024,0.045,0.09,110.64513,331.9354,360.0,,10
879576,880458,38.985683,-90.458595,2.135116,0.6665941,0.06,0.12,3.558527,10.675581,3938.0,,11
879830,880598,38.902966,-90.53615,2.2142818,0.6559728,0.06,0.12,3.6904697,11.071409,2747.0,,11
880456,880460,38.9702,-90.46159,1.8709813,0.70658404,0.06,0.12,3.118302,9.354906,215.0,,11
880632,880630,38.886276,-90.53332,2.6305003,0.6079718,0.06,0.12,4.384167,13.152501,264.0,,11
3601938,880460,38.969368,-90.46386,66.38607,0.1463312,0.045,0.09,110.643456,331.93036,488.0,,11
880654,880630,38.876175,-90.54319,114.374985,0.11510845,0.045,0.09,190.62497,571.87494,2831.0,,11
882708,880590,38.88683,-90.51017,11.862119,0.31282347,0.055,0.11,19.770197,59.310593,4884.0,,11
879816,880582,38.91113,-90.494995,1.1174363,0.886992,0.06,0.12,1.8623939,5.5871816,1307.0,,11
880802,880460,38.966377,-90.46784,1.5462905,0.7685704,0.06,0.12,2.5771508,7.731453,1462.0,,11
879572,880456,38.980324,-90.46771,1.8504494,0.71003217,0.06,0.12,3.0840824,9.252247,2401.0,,12
879862,880632,38.88777,-90.54208,2.6206982,0.608974,0.06,0.12,4.3678303,13.103491,1416.0,,12
880656,880654,38.871735,-90.55836,2.068286,0.67601216,0.06,0.12,3.4471433,10.34143,344.0,,12
880658,882708,38.868332,-90.52317,3.2001257,0.55760497,0.06,0.12,5.333543,16.000628,101.0,,12
3607100,3601938,38.969105,-90.46987,66.38603,0.14633125,0.045,0.09,110.64339,331.93018,549.0,,12
880662,880654,38.8694,-90.561874,114.37425,0.11510878,0.045,0.09,190.62375,571.8713,926.0,,12
880772,882708,38.864456,-90.52963,11.674476,0.31503183,0.055,0.11,19.457458,58.372375,1440.0,,12
880594,879816,38.906647,-90.49933,0.4883795,1.2779309,0.06,0.12,0.81396586,2.4418976,224.0,,12
880782,880802,38.954678,-90.474014,1.353452,0.81508887,0.06,0.12,2.2557533,6.76726,1362.0,,12
879854,879862,38.89535,-90.55281,1.5062126,0.7775265,0.06,0.12,2.5103543,7.531063,1554.0,,13
879860,879862,38.889694,-90.56307,2.0717163,0.6755181,0.06,0.12,3.4528606,10.358582,2636.0,,13
879894,880656,38.880283,-90.56895,2.0226483,0.6826995,0.06,0.12,3.3710806,10.113242,2588.0,,13
879924,880658,38.862324,-90.5142,3.1995366,0.55765027,0.06,0.12,5.3325605,15.997683,2144.0,,13
882730,880662,38.868034,-90.566956,1.5250598,0.7732726,0.06,0.12,2.5417664,7.6252995,1.0,,13
3601944,3607100,38.9681,-90.473625,2.9228878,0.5803488,0.06,0.12,4.8714795,14.614439,190.0,,13
880674,880772,38.86131,-90.53662,11.589267,0.3160516,0.055,0.11,19.315445,57.94633,74.0,,13
3607074,3607100,38.968613,-90.47736,66.383514,0.1463337,0.045,0.09,110.63919,331.91757,743.0,,13
880818,880662,38.86807,-90.57441,114.37407,0.11510886,0.045,0.09,190.62346,571.87036,1283.0,,13
880770,880772,38.862408,-90.54521,2.8563464,0.58627504,0.06,0.12,4.760577,14.281732,1453.0,,13
879938,879924,38.849335,-90.50382,2.340598,0.6401123,0.06,0.12,3.900997,11.702991,1611.0,,14
880400,879924,38.863235,-90.50068,2.1596076,0.6632483,0.06,0.12,3.599346,10.798038,1614.0,,14
880660,882730,38.869625,-90.56755,1.5250598,0.7732726,0.06,0.12,2.5417664,7.6252995,370.0,,14
880672,880770,38.86217,-90.553314,2.5960238,0.61152077,0.06,0.12,4.326706,12.980119,79.0,,14
3601996,3607074,38.96899,-90.48173,2.7811189,0.5932192,0.06,0.12,4.635198,13.905595,132.0,,14
3601960,3601944,38.962254,-90.47849,2.916436,0.58091486,0.06,0.12,4.860727,14.58218,1356.0,,14
879944,880674,38.85193,-90.5494,11.589242,0.3160519,0.055,0.11,19.315403,57.946213,3569.0,,14
3602000,3607074,38.96747,-90.48828,66.381325,0.14633583,0.045,0.09,110.635544,331.90665,1169.0,,14
880800,880818,38.870613,-90.6078,2.8332763,0.58837634,0.06,0.12,4.7221274,14.166382,5066.0,,14
880668,880818,38.875328,-90.59669,114.37322,0.115109235,0.045,0.09,190.62204,571.86615,3043.0,,14
880676,880770,38.862015,-90.56184,1.478592,0.7839012,0.06,0.12,2.4643202,7.3929605,1563.0,,14
879896,880660,38.87503,-90.57558,1.4425925,0.7924721,0.06,0.12,2.404321,7.2129626,1583.0,,15
879916,880672,38.859818,-90.55534,2.5945494,0.6116741,0.06,0.12,4.324249,12.972747,589.0,,15
880642,880668,38.884075,-90.61088,2.290373,0.6462675,0.06,0.12,3.8172886,11.451866,264.0,,15
3601784,3601996,38.974518,-90.482925,2.779442,0.5933771,0.06,0.12,4.6324034,13.897211,1182.0,,15
3601970,3601960,38.958805,-90.48578,1.3835791,0.8072105,0.06,0.12,2.3059652,6.917896,531.0,,15
879948,879944,38.834522,-90.541504,5.183306,0.45074067,0.06,0.12,8.638844,25.91653,2172.0,,15
3601958,3601960,38.96075,-90.48442,2.5684805,0.6144053,0.06,0.12,4.280801,12.842402,117.0,,15
3601998,3602000,38.966347,-90.49523,2.9971275,0.5739622,0.06,0.12,4.9952126,14.985638,177.0,,15
879950,879944,38.835182,-90.5578,11.173881,0.32118222,0.055,0.11,18.623135,55.869404,1388.0,,15
3601974,3602000,38.95944,-90.50578,66.37862,0.14633846,0.045,0.09,110.63102,331.89307,2349.0,,15
880644,880668,38.88309,-90.61164,114.3726,0.11510952,0.045,0.09,190.62099,571.863,67.0,,15
879874,880642,38.88395,-90.594124,2.2818863,0.64732677,0.06,0.12,3.803144,11.409432,3123.0,,16
879918,879916,38.85998,-90.5732,1.9510896,0.693635,0.06,0.12,3.251816,9.755448,2660.0,,16
879936,879916,38.846436,-90.556435,2.0250378,0.682344,0.06,0.12,3.3750627,10.125189,3212.0,,16
880406,879948,38.817894,-90.4974,3.6894884,0.5236756,0.06,0.12,6.149147,18.447441,9475.0,,16
3601776,3601784,38.98768,-90.47878,1.6318569,0.7505232,0.06,0.12,2.7197616,8.159285,1959.0,,16
3601778,3601784,38.98606,-90.491776,2.276955,0.6479449,0.06,0.12,3.7949247,11.384774,2507.0,,16
880638,880644,38.884476,-90.61164,2.0035777,0.68555874,0.06,0.12,3.339296,10.017888,283.0,,16
3601802,3601970,38.954468,-90.4874,1.2779583,0.8359914,0.06,0.12,2.1299305,6.389791,528.0,,16
879966,879950,38.827015,-90.55836,3.9177868,0.50998664,0.06,0.12,6.5296445,19.588934,1230.0,,16
879988,879948,38.82346,-90.52152,3.9833326,0.5062672,0.06,0.12,6.6388874,19.916662,2728.0,,16
3601962,3601958,38.961353,-90.48698,1.0533913,0.9103919,0.06,0.12,1.7556523,5.266957,493.0,,16
3601972,3601958,38.96127,-90.49226,2.500718,0.6216954,0.06,0.12,4.167864,12.503592,1788.0,,16
3601786,3601998,38.96716,-90.49718,2.992997,0.57431155,0.06,0.12,4.9883285,14.964985,248.0,,16
3601982,3601974,38.952988,-90.517914,6.1630254,0.41759562,0.055,0.11,10.2717085,30.815126,262.0,,16
879960,879950,38.82716,-90.56696,10.9926,0.32350832,0.055,0.11,18.321001,54.963,1315.0,,16
3601976,3601974,38.957752,-90.53346,66.35729,0.1463592,0.045,0.09,110.59549,331.78647,3123.0,,16
880640,880644,38.886806,-90.617584,114.37232,0.11510964,0.045,0.09,190.62054,571.86163,1221.0,,16
879864,880638,38.894836,-90.60619,1.9942775,0.6869674,0.06,0.12,3.3237958,9.971387,2374.0,,17
879980,879960,38.819862,-90.56985,2.6870506,0.6022933,0.06,0.12,4.478418,13.435253,1673.0,,17
879998,879966,38.81775,-90.5409,2.7129924,0.5997457,0.06,0.12,4.5216537,13.564961,3208.0,,17
880030,879988,38.80263,-90.51235,2.0898283,0.6729289,0.06,0.12,3.483047,10.4491415,2710.0,,17
3601990,3601802,38.9513,-90.49148,1.142614,0.87831545,0.06,0.12,1.9043567,5.7130704,533.0,,17
880008,879966,38.81343,-90.55195,3.294028,0.55053556,0.06,0.12,5.490047,16.47014,2335.0,,17
880062,879988,38.796394,-90.52543,3.601755,0.5292654,0.06,0.12,6.002925,18.008774,4770.0,,17
3601796,3601962,38.95866,-90.48843,0.95472246,0.9507628,0.06,0.12,1.591204,4.7736125,150.0,,17
3601980,3601972,38.953304,-90.49846,1.135321,0.8808002,0.06,0.12,1.8922017,5.676605,324.0,,17
3601978,3601972,38.953625,-90.4995,2.045129,0.67937845,0.06,0.12,3.4085484,10.225645,294.0,,17
3601946,3601786,38.966743,-90.49891,2.9628556,0.5768819,0.06,0.12,4.9380927,14.814278,73.0,,17
3607106,3601982,38.947,-90.53106,6.1583176,0.41773644,0.055,0.11,10.263863,30.79159,2630.0,,17
879968,879960,38.82506,-90.57568,10.925137,0.32438812,0.055,0.11,18.20856,54.625683,687.0,,17
3601994,3601976,38.969925,-90.5475,66.34377,0.14637236,0.045,0.09,110.57295,331.71884,403.0,,17
3602010,3601976,38.968224,-90.547585,5.239232,0.4486116,0.055,0.11,8.732054,30.0,212.0,,17
880820,880640,38.891117,-90.62628,114.37224,0.115109675,0.045,0.09,190.62039,571.8612,645.0,,17
880018,880008,38.799397,-90.55976,2.1138062,0.66955054,0.06,0.12,3.5230103,10.569031,1855.0,,18
880074,880008,38.787777,-90.55154,2.757593,0.5954467,0.06,0.12,4.5959883,13.787965,3948.0,,18
880094,880062,38.770977,-90.550186,2.0803576,0.67427874,0.06,0.12,3.4672627,10.401789,2948.0,,18
880154,880062,38.766678,-90.54361,2.4248247,0.630206,0.06,0.12,4.041374,12.124123,3501.0,,18
3601904,3601980,38.945778,-90.499756,1.0701067,0.9040905,0.06,0.12,1.7835113,5.350534,1414.0,,18
3601988,3601796,38.95668,-90.4896,0.93265927,0.9606207,0.06,0.12,1.5544322,4.663296,356.0,,18
3601948,3601946,38.966816,-90.49965,1.8224635,0.714822,0.06,0.12,3.0374393,9.112318,74.0,,18
3601902,3601978,38.942917,-90.50329,2.0228877,0.68266386,0.06,0.12,3.3714793,10.114438,2183.0,,18
3601950,3601946,38.964916,-90.5034,2.6955693,0.6014529,0.06,0.12,4.492615,13.477846,817.0,,18
3602016,3607106,38.95062,-90.54555,3.9242723,0.50961465,0.06,0.12,6.540454,19.62136,677.0,,18
879962,879968,38.8267,-90.57952,6.314193,0.41315505,0.06,0.12,10.523655,31.570965,649.0,,18
3607104,3607106,38.955612,-90.55001,5.1755567,0.45103827,0.055,0.11,8.625928,30.0,1364.0,,18
3601940,3601994,38.972805,-90.54839,5.3204613,0.44557694,0.055,0.11,8.867435,30.0,280.0,,18
879964,879968,38.82447,-90.583244,10.126889,0.33543015,0.055,0.11,16.878149,50.634445,789.0,,18
3601942,3601994,38.978493,-90.55555,66.3301,0.14638567,0.045,0.09,110.55017,331.6505,1942.0,,18
3607108,3602010,38.970245,-90.553154,5.2374597,0.44867858,0.055,0.11,8.729099,30.0,914.0,,18
880624,880820,38.89798,-90.63221,113.98579,0.115281686,0.045,0.09,189.9763,569.92896,1235.0,,18
880626,880820,38.89385,-90.63712,23.817162,0.23000802,0.05,0.1,39.69527,119.085815,1514.0,,18
879952,879962,38.836166,-90.592674,2.96775,0.576462,0.06,0.12,4.94625,14.83875,2854.0,,19
3601900,3601948,38.97268,-90.5029,1.8207049,0.7151265,0.06,0.12,3.0345082,9.103524,2156.0,,19
880612,880624,38.9045,-90.63461,2.2027867,0.65748084,0.06,0.12,3.6713111,11.013933,383.0,,19
3601952,3601950,38.96368,-90.50897,1.6547672,0.7459211,0.06,0.12,2.7579453,8.273836,253.0,,19
3601986,3601902,38.93119,-90.50705,1.7942216,0.7197643,0.06,0.12,2.9903693,8.9711075,706.0,,19
880752,879964,38.811325,-90.59826,4.357403,0.48661134,0.06,0.12,7.262338,21.787014,3657.0,,19
3601964,3601950,38.9609,-90.513054,2.361319,0.637628,0.06,0.12,3.9355319,11.806596,1102.0,,19
3602004,3607104,38.960873,-90.55769,3.4169552,0.5417081,0.06,0.12,5.6949253,17.084776,575.0,,19
3601820,3602016,38.935112,-90.548096,3.8296397,0.5151324,0.06,0.12,6.382733,19.1482,3655.0,,19
879954,879962,38.843113,-90.60502,6.062122,0.42064804,0.06,0.12,10.103537,30.31061,6014.0,,19
3601984,3607104,38.963352,-90.55644,4.483405,0.48052981,0.06,0.12,7.472342,22.417027,625.0,,19
3607098,3607108,38.973118,-90.5575,5.211224,0.4496737,0.055,0.11,8.685373,30.0,75.0,,19
3601934,3601940,38.981728,-90.550415,5.3179717,0.44566897,0.055,0.11,8.863287,30.0,1869.0,,19
880756,880626,38.89625,-90.64613,9.018534,0.35302946,0.055,0.11,15.0308895,45.092667,150.0,,19
880034,879964,38.808884,-90.62124,9.800479,0.34031373,0.055,0.11,16.334131,50.0,9051.0,05514860,19
3602012,3601942,38.99165,-90.569405,66.329865,0.14638591,0.045,0.09,110.549774,331.64932,1970.0,,19
3602002,3607108,38.97798,-90.560745,1.0482751,0.9123495,0.06,0.12,1.7471251,5.2413754,1269.0,,19
880614,880624,38.904854,-90.636566,113.98532,0.115281895,0.045,0.09,189.97554,569.9266,480.0,,19
880758,880626,38.899338,-90.65129,23.33925,0.23207411,0.05,0.1,38.89875,116.69625,1332.0,,19
879832,880612,38.90354,-90.61691,2.1775765,0.6608282,0.06,0.12,3.6292942,10.887882,3024.0,,20
880036,880034,38.794323,-90.65592,1.7666459,0.72469944,0.06,0.12,2.9444098,8.833229,2571.0,,20
880402,879954,38.866318,-90.62194,1.841595,0.7115363,0.06,0.12,3.0693252,9.207975,2000.0,,20
3601790,3601952,38.970272,-90.51535,1.6271262,0.7514851,0.06,0.12,2.711877,8.135632,1820.0,,20
3601824,3601986,38.92351,-90.51256,1.0831231,0.899281,0.06,0.12,1.8052051,5.415615,1519.0,,20
3601830,3601820,38.915672,-90.539925,1.5802099,0.76124805,0.06,0.12,2.633683,7.901049,1918.0,,20
880822,880752,38.796543,-90.60591,2.1868653,0.65958834,0.06,0.12,3.6447754,10.934326,33.0,,20
3601968,3601964,38.95933,-90.52194,1.9972234,0.68652016,0.06,0.12,3.3287058,9.986117,529.0,,20
880032,880752,38.794605,-90.602974,3.697144,0.52319694,0.06,0.12,6.1619067,18.48572,714.0,,20
3601804,3602004,38.95767,-90.56617,3.342252,0.54701686,0.06,0.12,5.57042,16.71126,1166.0,,20
3601926,3601934,38.989296,-90.55642,2.8835135,0.5838317,0.06,0.12,4.8058558,14.417567,282.0,,20
3601966,3601964,38.959908,-90.52026,1.3627807,0.81262255,0.06,0.12,2.2713013,6.813904,220.0,,20
880602,880614,38.908104,-90.63797,2.7142093,0.5996271,0.06,0.12,4.523682,13.571046,343.0,,20
3601822,3601820,38.923603,-90.547554,3.4417615,0.53998214,0.06,0.12,5.736269,17.208807,1698.0,,20
3601956,3601984,38.966568,-90.561165,4.450831,0.48207822,0.06,0.12,7.4180512,22.254154,499.0,,20
879932,879954,38.855556,-90.62788,5.3726945,0.44366062,0.06,0.12,8.954491,26.863472,1768.0,,20
3607096,3607098,38.972042,-90.55982,5.211034,0.44968095,0.055,0.11,8.685057,30.0,407.0,,20
3607102,3601984,38.96845,-90.55986,0.87437165,0.9883637,0.06,0.12,1.4572861,4.371858,657.0,,20
3601928,3601934,38.988827,-90.55835,4.921651,0.46115983,0.055,0.11,8.202751,30.0,307.0,,20
879868,880756,38.89136,-90.65429,9.018152,0.35303605,0.055,0.11,15.030254,45.090763,2175.0,,20
880048,880034,38.789654,-90.64292,9.683648,0.34211904,0.055,0.11,16.139414,50.0,1528.0,,20
3601152,3602012,39.018436,-90.57535,66.329575,0.14638619,0.045,0.09,110.54929,331.6479,4190.0,,20
3601774,3602002,38.98323,-90.564316,0.44739008,1.3283222,0.06,0.12,0.7456502,2.2369504,75.0,,20
880604,880614,38.908394,-90.64028,113.98465,0.11528219,0.045,0.09,189.97441,569.9232,552.0,,20
882702,880758,38.90774,-90.6547,0.7542702,1.0549374,0.06,0.12,1.2571169,3.7713509,637.0,,20
880808,880758,38.906307,-90.65586,23.337334,0.23208253,0.05,0.1,38.895557,116.68667,374.0,,20
879900,879868,38.88002,-90.64557,1.7594632,0.7260031,0.06,0.12,2.9324386,8.797316,2670.0,,21
880052,880032,38.79098,-90.58479,2.2803712,0.6475165,0.06,0.12,3.8006186,11.401856,3086.0,,21
880060,880048,38.783566,-90.659996,2.1862483,0.6596705,0.06,0.12,3.6437473,10.931242,3451.0,,21
880092,880822,38.785995,-90.611465,2.1868653,0.65958834,0.06,0.12,3.6447754,10.934326,3901.0,,21
3601794,3601968,38.969593,-90.52652,1.3944935,0.80441713,0.06,0.12,2.3241558,6.972467,2197.0,,21
3601818,3601804,38.940285,-90.56038,2.1297193,0.6673388,0.06,0.12,3.549532,10.648596,3365.0,,21
3601836,3601822,38.912712,-90.56082,1.7001679,0.73706686,0.06,0.12,2.8336132,8.50084,2085.0,,21
880080,880032,38.787773,-90.58901,3.313683,0.5490925,0.06,0.12,5.522805,16.568415,2888.0,,21
3601766,3601926,38.99065,-90.54747,2.8730211,0.58477145,0.06,0.12,4.7883687,14.365106,1484.0,,21
3601816,3601804,38.938927,-90.572655,2.8868747,0.58353174,0.06,0.12,4.8114576,14.434373,3518.0,,21
3602008,3601966,38.961414,-90.52169,1.3360175,0.8197645,0.06,0.12,2.2266958,6.6800876,203.0,,21
879814,880602,38.910378,-90.63552,2.6963909,0.601372,0.06,0.12,4.4939847,13.481954,465.0,,21
3601826,3601822,38.91866,-90.562004,2.9979079,0.57389635,0.06,0.12,4.996513,14.989539,1081.0,,21
3601798,3601956,38.961464,-90.577576,4.4293075,0.4831103,0.06,0.12,7.3821793,22.146538,2989.0,,21
880728,879932,38.86142,-90.64297,5.1429257,0.45229858,0.06,0.12,8.571543,25.71463,1408.0,,21
3601954,3607096,38.97198,-90.5627,5.185076,0.45067275,0.055,0.11,8.641794,30.0,285.0,,21
3602006,3601928,38.989754,-90.56009,4.916495,0.46137312,0.055,0.11,8.194158,30.0,58.0,,21
879940,879868,38.868866,-90.66549,8.919367,0.35475576,0.055,0.11,14.865611,44.596832,9795.0,,21
880078,880048,38.78029,-90.64304,9.635493,0.34287232,0.055,0.11,16.059156,50.0,971.0,,21
3601250,3601152,39.047752,-90.57836,3.1096017,0.564709,0.06,0.12,5.1826696,15.548009,2667.0,,21
3601252,3601152,39.04191,-90.5828,66.32627,0.1463894,0.045,0.09,110.54379,331.63138,1535.0,,21
3602014,3601774,38.98415,-90.563675,1.464,0.78733873,0.06,0.12,2.44,7.32,166.0,,21
882726,880808,38.90797,-90.656624,23.334406,0.23209538,0.05,0.1,38.890675,116.67203,37.0,,21
880788,880604,38.912724,-90.64864,1.4003774,0.8029242,0.06,0.12,2.3339624,7.0018873,1326.0,,21
880786,880604,38.915527,-90.644905,113.98453,0.11528225,0.045,0.09,189.97421,569.9226,1303.0,,21
882698,880808,38.90914,-90.65641,1.5312428,0.77189344,0.06,0.12,2.5520713,7.656214,281.0,,21
879810,879814,38.91837,-90.637634,1.3333371,0.82049114,0.06,0.12,2.2222285,6.6666856,1579.0,,22
879956,879940,38.83458,-90.67924,1.6451774,0.74783623,0.06,0.12,2.7419622,8.225887,2324.0,,22
880128,880080,38.762386,-90.57606,2.865863,0.58541536,0.06,0.12,4.7764387,14.329316,3566.0,,22
3601770,3601766,38.98801,-90.525276,2.727526,0.5983337,0.06,0.12,4.5458765,13.6376295,2542.0,,22
3601792,3602008,38.968586,-90.52194,1.3070554,0.8277292,0.06,0.12,2.1784256,6.535277,1722.0,,22
3601814,3601798,38.936054,-90.59748,2.7834375,0.5930012,0.06,0.12,4.6390624,13.917188,4681.0,,22
3601828,3601816,38.91965,-90.59253,2.025992,0.6822022,0.06,0.12,3.3766532,10.129959,2515.0,,22
3601832,3601826,38.91412,-90.58336,1.9334924,0.69641304,0.06,0.12,3.2224874,9.667462,2930.0,,22
879808,879814,38.91481,-90.631454,2.5440352,0.6170029,0.06,0.12,4.2400584,12.720176,758.0,,22
880076,880078,38.780804,-90.63377,2.321896,0.6423818,0.06,0.12,3.8698268,11.609481,2265.0,,22
3601834,3601826,38.91206,-90.57021,2.519125,0.6196872,0.06,0.12,4.1985416,12.595626,1098.0,,22
3601248,3601252,39.04665,-90.58959,2.4652135,0.62562984,0.06,0.12,4.1086893,12.326068,132.0,,22
3601800,3601798,38.95814,-90.600525,3.673558,0.52467626,0.06,0.12,6.1225967,18.36779,1467.0,,22
3601992,3602006,38.99477,-90.558105,2.93071,0.57966495,0.06,0.12,4.8845167,14.65355,1178.0,,22
879990,880728,38.839672,-90.66094,4.9943757,0.4581851,0.06,0.12,8.323959,24.97188,7427.0,,22
3601936,3601954,38.974728,-90.5658,5.1771393,0.45097744,0.055,0.11,8.628566,30.0,533.0,,22
3601768,3602006,38.98981,-90.56068,4.521105,0.47875792,0.055,0.11,7.535175,30.0,75.0,,22
879942,879940,38.84266,-90.68648,8.780279,0.35722414,0.055,0.11,14.633799,43.901394,1553.0,,22
880082,880078,38.77587,-90.63936,9.578985,0.3437632,0.055,0.11,15.964975,50.0,274.0,,22
3601246,3601252,39.051514,-90.59012,66.32459,0.14639103,0.045,0.09,110.54099,331.62296,1097.0,,22
880600,882726,38.911343,-90.66244,23.334406,0.23209538,0.05,0.1,38.890675,116.67203,1218.0,,22
880784,880786,38.921623,-90.65096,113.984436,0.11528229,0.045,0.09,189.97406,569.9222,444.0,,22
882734,882698,38.910847,-90.65598,1.5104405,0.7765656,0.06,0.12,2.5174007,7.552202,118.0,,22
879794,879808,38.92561,-90.62935,1.8580947,0.7087418,0.06,0.12,3.0968246,9.290474,1888.0,,23
879806,879808,38.914196,-90.61788,1.9431057,0.6948909,0.06,0.12,3.2385097,9.7155285,2043.0,,23
879972,879942,38.835587,-90.69681,1.9150469,0.6993644,0.06,0.12,3.1917448,9.575234,2747.0,,23
879992,879990,38.818886,-90.678116,1.9766717,0.6896601,0.06,0.12,3.2944527,9.883358,2577.0,,23
880084,880076,38.784714,-90.62856,2.0721729,0.6754524,0.06,0.12,3.4536214,10.360865,3576.0,,23
880112,880082,38.767,-90.66009,2.5989676,0.6112151,0.06,0.12,4.3316126,12.994838,4873.0,,23
3601808,3601800,38.954403,-90.62806,2.6446455,0.606535,0.06,0.12,4.4077425,13.2232275,3623.0,,23
3601838,3601834,38.904675,-90.58358,2.0491016,0.67879707,0.06,0.12,3.4151695,10.245508,2170.0,,23
3601842,3601834,38.90231,-90.574585,1.4476461,0.79125047,0.06,0.12,2.4127436,7.2382307,1896.0,,23
3600726,3601248,39.045975,-90.605484,2.461788,0.62601376,0.06,0.12,4.1029797,12.308939,2853.0,,23
3601292,3601992,39.004025,-90.560905,2.647769,0.60621923,0.06,0.12,4.412948,13.238845,927.0,,23
3601806,3601800,38.95456,-90.61112,2.4010484,0.6329516,0.06,0.12,4.001747,12.005242,762.0,,23
880592,880600,38.914497,-90.6685,2.195058,0.6585011,0.06,0.12,3.65843,10.97529,79.0,,23
3601932,3601936,38.97867,-90.57144,2.7481253,0.59635085,0.06,0.12,4.580209,13.740627,774.0,,23
879994,879990,38.814396,-90.66714,4.186405,0.4952822,0.06,0.12,6.9773417,20.932024,612.0,,23
3601202,3601246,39.05666,-90.58855,3.447463,0.539588,0.06,0.12,5.745772,17.237314,158.0,,23
3601930,3601936,38.982822,-90.57269,4.8540473,0.4639824,0.055,0.11,8.090078,30.0,1653.0,,23
3601920,3601768,38.994473,-90.56485,4.520854,0.47876963,0.055,0.11,7.5347567,30.0,1282.0,,23
879976,879942,38.841843,-90.71401,8.738194,0.35798213,0.055,0.11,14.563657,43.69097,5545.0,,23
880118,880082,38.769623,-90.63035,9.507341,0.34490368,0.055,0.11,15.845569,50.0,1993.0,,23
3601120,3601246,39.05714,-90.58663,66.3206,0.14639492,0.045,0.09,110.53434,331.60303,348.0,,23
880588,880600,38.921677,-90.68044,23.325314,0.23213528,0.05,0.1,38.875523,116.62657,2850.0,,23
880776,880784,38.926407,-90.657684,113.98378,0.11528258,0.045,0.09,189.97296,569.9189,1124.0,,23
882732,882734,38.913475,-90.65589,0.67302346,1.109337,0.06,0.12,1.1217058,3.3651173,454.0,,23
882736,880784,38.924152,-90.652504,2.609658,0.6101092,0.06,0.12,4.34943,13.048289,213.0,,23
880806,882734,38.911545,-90.65518,1.4476461,0.79125047,0.06,0.12,2.4127436,7.2382307,140.0,,23
880012,879976,38.812775,-90.70746,2.10388,0.67094237,0.06,0.12,3.5064664,10.519399,3378.0,,24
880022,879994,38.811417,-90.68852,2.1646514,0.66256607,0.06,0.12,3.607752,10.8232565,3878.0,,24
880124,880118,38.760582,-90.63429,1.4091145,0.800724,0.06,0.12,2.348524,7.0455723,2105.0,,24
3600722,3600726,39.052452,-90.62253,1.9595195,0.6923169,0.06,0.12,3.2658658,9.797598,1710.0,,24
3600822,3601292,39.011692,-90.54579,2.3727772,0.6362677,0.06,0.12,3.954629,11.863887,2928.0,,24
3601810,3601806,38.942917,-90.612076,1.5555031,0.76655895,0.06,0.12,2.5925052,7.7775154,2021.0,,24
3601812,3601806,38.943268,-90.621254,1.992555,0.6872293,0.06,0.12,3.320925,9.962775,2486.0,,24
880724,880592,38.91436,-90.66898,2.1936285,0.6586904,0.06,0.12,3.6560476,10.968143,9.0,,24
3601780,3601932,38.978493,-90.584656,2.6538534,0.60560566,0.06,0.12,4.423089,13.269267,1608.0,,24
3601924,3601930,38.990585,-90.578476,2.579268,0.6132702,0.06,0.12,4.29878,12.896339,357.0,,24
880038,879994,38.797447,-90.67815,3.9559362,0.507811,0.06,0.12,6.5932274,19.779682,4932.0,,24
3600970,3601202,39.06184,-90.59508,3.4401412,0.5400944,0.06,0.12,5.7335687,17.200706,1705.0,,24
3601922,3601930,38.99185,-90.57673,4.5023065,0.4796388,0.055,0.11,7.503844,30.0,554.0,,24
3601150,3601920,39.010258,-90.56545,4.452124,0.48201644,0.055,0.11,7.4202065,30.0,2435.0,,24
879982,879976,38.821526,-90.72541,8.559887,0.36125302,0.055,0.11,14.266479,42.799435,3410.0,,24
880122,880118,38.760983,-90.62695,9.458395,0.34568995,0.055,0.11,15.763991,50.0,378.0,,24
2515907,880588,38.934055,-90.687004,22.923996,0.23391947,0.05,0.1,38.206657,114.61997,67.0,,24
3601296,3601120,39.062317,-90.58154,66.32058,0.14639495,0.045,0.09,110.534294,331.60287,1187.0,,24
2932897,880588,38.946968,-90.68705,8.310051,0.36600494,0.055,0.11,13.850085,50.0,2774.0,,24
2932893,880776,38.933422,-90.66527,113.98374,0.1152826,0.045,0.09,189.9729,569.9187,1166.0,,24
880774,882736,38.928303,-90.65433,2.6001432,0.61109316,0.06,0.12,4.333572,13.000716,815.0,,24
879812,880806,38.912716,-90.654175,1.4314456,0.7951888,0.06,0.12,2.3857427,7.1572285,232.0,,24
879840,880724,38.897285,-90.68482,2.1936285,0.6586904,0.06,0.12,3.6560476,10.968143,5928.0,,25
880016,879982,38.810547,-90.74596,2.2432091,0.6522273,0.06,0.12,3.7386818,11.216045,2316.0,,25
880064,880038,38.784164,-90.71006,1.7981373,0.7190724,0.06,0.12,2.9968956,8.990686,2481.0,,25
3601772,3601924,38.988186,-90.6086,2.5484722,0.61652875,0.06,0.12,4.247453,12.74236,5142.0,,25
3601782,3601780,38.981876,-90.61394,2.201367,0.6576679,0.06,0.12,3.6689448,11.006835,3813.0,,25
3601788,3601780,38.974155,-90.60085,1.4719718,0.78545475,0.06,0.12,2.4532862,7.3598585,1934.0,,25
880040,880038,38.79202,-90.71027,2.9225366,0.5803796,0.06,0.12,4.8708944,14.612683,1989.0,,25
3601128,3601150,39.020683,-90.56635,2.0703454,0.6757154,0.06,0.12,3.4505758,10.3517275,83.0,,25
880794,880774,38.932163,-90.65573,2.2867973,0.6467131,0.06,0.12,3.811329,11.433987,85.0,,25
3600652,3600970,39.069828,-90.59603,3.2142994,0.55651885,0.06,0.12,5.357166,16.071497,425.0,,25
880162,880122,38.755642,-90.62474,3.7880518,0.5176199,0.06,0.12,6.31342,18.94026,1111.0,,25
3601918,3601922,38.995182,-90.57837,2.461788,0.62601376,0.06,0.12,4.1029797,12.308939,281.0,,25
3601916,3601922,38.99737,-90.57767,4.2121267,0.4939456,0.06,0.12,7.020211,21.060633,706.0,,25
3601130,3601150,39.02939,-90.567276,4.1975074,0.49470383,0.055,0.11,6.995846,30.0,2020.0,,25
2932909,2932897,38.95581,-90.68449,8.267803,0.36682886,0.055,0.11,13.779673,50.0,83.0,,25
880404,879982,38.827732,-90.74431,8.417417,0.36393794,0.055,0.11,14.029028,42.087082,2044.0,,25
880138,880122,38.75768,-90.63156,9.234015,0.349371,0.055,0.11,15.390025,50.0,701.0,,25
3601116,3601296,39.068485,-90.5821,9.305373,0.3481865,0.055,0.11,15.508955,50.0,195.0,,25
2511463,2515907,38.93422,-90.68916,22.923975,0.23391956,0.05,0.1,38.206627,114.61988,307.0,,25
3601118,3601296,39.06983,-90.58459,66.250435,0.1464633,0.045,0.09,110.41739,331.25217,619.0,,25
2932895,2932897,38.963238,-90.68184,1.2715112,0.8378588,0.06,0.12,2.1191854,6.357556,1927.0,,25
2932903,2932893,38.944542,-90.67625,1.5574919,0.76612693,0.06,0.12,2.5958197,7.7874594,2344.0,,25
2932901,2932893,38.942528,-90.66758,113.98353,0.11528269,0.045,0.09,189.97255,569.91766,915.0,,25
2932899,880774,38.935913,-90.658264,1.5622449,0.76509774,0.06,0.12,2.6037414,7.8112245,1006.0,,25
880804,879812,38.91444,-90.65446,1.4052444,0.8016962,0.06,0.12,2.342074,7.0262218,175.0,,25
879974,880404,38.846367,-90.758095,2.8511965,0.58674204,0.06,0.12,4.751994,14.255982,4780.0,,26
880068,880040,38.78729,-90.7279,1.5438697,0.7691019,0.06,0.12,2.573116,7.7193484,1734.0,,26
880072,880040,38.79072,-90.73517,2.3064246,0.6442793,0.06,0.12,3.8440409,11.532123,2900.0,,26
880160,880162,38.757313,-90.61277,1.8659593,0.7074224,0.06,0.12,3.1099322,9.329797,2024.0,,26
3600778,3601128,39.021343,-90.55101,2.0680568,0.6760452,0.06,0.12,3.4467614,10.340284,2702.0,,26
879756,880794,38.933403,-90.65495,2.2843444,0.6470194,0.06,0.12,3.8072407,11.421722,236.0,,26
3600654,3600652,39.074764,-90.60775,2.5327995,0.61820894,0.06,0.12,4.2213326,12.663998,2352.0,,26
3600688,3600652,39.06592,-90.60761,2.055844,0.677814,0.06,0.12,3.4264069,10.279221,2217.0,,26
880170,880162,38.750813,-90.62043,3.5609615,0.5319318,0.06,0.12,5.934936,17.804808,206.0,,26
880414,880138,38.745678,-90.63261,3.5645483,0.5316956,0.06,0.12,5.940914,17.822742,2474.0,,26
2511443,2511463,38.934536,-90.69116,3.894788,0.5113131,0.06,0.12,6.4913135,19.47394,53.0,,26
3601760,3601918,38.99657,-90.59748,2.4463391,0.6277548,0.06,0.12,4.077232,12.231695,3213.0,,26
3601154,3601916,39.00611,-90.58195,4.184481,0.49538267,0.06,0.12,6.974135,20.922405,1443.0,,26
3601200,3601118,39.071747,-90.58774,0.8073708,1.0237447,0.06,0.12,1.3456179,4.036854,185.0,,26
3600972,3601130,39.042847,-90.56323,3.9470704,0.50831395,0.055,0.11,6.5784507,30.0,1195.0,,26
2932781,2932909,38.965717,-90.687675,8.2676325,0.36683223,0.055,0.11,13.779387,50.0,2130.0,,26
879978,880404,38.82594,-90.75592,8.261749,0.36694744,0.055,0.11,13.769583,41.308746,1379.0,,26
880168,880138,38.754055,-90.64433,9.035228,0.35274154,0.055,0.11,15.058713,50.0,1671.0,,26
3600658,3601116,39.075848,-90.57115,9.304173,0.34820628,0.055,0.11,15.506956,50.0,2794.0,,26
2515899,2511463,38.93377,-90.69433,22.881332,0.23411179,0.05,0.1,38.135555,114.40666,617.0,,26
3601198,3601118,39.082108,-90.59104,66.25031,0.14646342,0.045,0.09,110.41718,331.25156,2419.0,,26
2932877,2932903,38.957047,-90.67761,0.9283402,0.9625899,0.06,0.12,1.5472336,4.6417007,670.0,,26
2932885,2932901,38.949265,-90.66976,113.983475,0.11528272,0.045,0.09,189.97246,569.91736,647.0,,26
2932785,2932899,38.942936,-90.662796,1.3354822,0.8199094,0.06,0.12,2.2258039,6.677411,778.0,,26
880760,880804,38.91618,-90.65447,1.3800712,0.8081151,0.06,0.12,2.3001184,6.900356,244.0,,26
879742,879756,38.9404,-90.649765,1.820118,0.71522826,0.06,0.12,3.03353,9.10059,1731.0,,27
879750,879756,38.93539,-90.64405,1.7719187,0.7237472,0.06,0.12,2.9531977,8.859593,1853.0,,27
879970,879978,38.83185,-90.781006,2.7007644,0.60094213,0.06,0.12,4.501274,13.503822,3692.0,,27
880268,880414,38.72483,-90.63938,2.2758138,0.6480882,0.06,0.12,3.793023,11.379069,2837.0,,27
880412,880170,38.7481,-90.60275,2.448817,0.6274745,0.06,0.12,4.081362,12.244085,3346.0,,27
3600668,3600654,39.06948,-90.62553,2.207641,0.65684265,0.06,0.12,3.6794014,11.038204,1734.0,,27
3600690,3600688,39.06046,-90.62182,1.4379684,0.79359543,0.06,0.12,2.396614,7.1898417,1149.0,,27
3600728,3600972,39.048183,-90.545456,1.9329702,0.69649607,0.06,0.12,3.221617,9.664851,2375.0,,27
880192,880170,38.742535,-90.61493,3.0846,0.56672376,0.06,0.12,5.141,15.422999,1831.0,,27
880224,880414,38.731724,-90.62864,2.7458806,0.5965659,0.06,0.12,4.576468,13.7294035,905.0,,27
2932879,2932885,38.953796,-90.67034,1.6698208,0.74294686,0.06,0.12,2.7830346,8.349104,403.0,,27
2511049,2511443,38.945084,-90.697174,3.894721,0.51131696,0.06,0.12,6.4912014,19.473604,3781.0,,27
3600854,3601760,39.001503,-90.616974,1.9067669,0.70070267,0.06,0.12,3.1779447,10.0,961.0,,27
3601142,3601154,39.01345,-90.58458,2.2244697,0.6546457,0.06,0.12,3.7074494,11.122348,292.0,,27
3601262,3601198,39.092308,-90.59549,2.2060251,0.65705484,0.06,0.12,3.6767085,11.030126,205.0,,27
3600592,3600658,39.088387,-90.547424,2.88183,0.58398217,0.06,0.12,4.80305,14.40915,2689.0,,27
3600968,3601200,39.071278,-90.59138,0.74937,1.0579752,0.06,0.12,1.24895,3.74685,478.0,,27
3601140,3601154,39.016808,-90.58411,3.690084,0.5236383,0.06,0.12,6.1501403,18.45042,1016.0,,27
3600974,3600972,39.042,-90.55333,3.7233708,0.5215678,0.055,0.11,6.205618,30.0,734.0,,27
880416,880168,38.748226,-90.65463,3.9613283,0.50750595,0.06,0.12,6.602214,19.80664,793.0,,27
2932765,2932781,38.98553,-90.70051,2.6887035,0.60212994,0.06,0.12,4.4811726,13.443518,4965.0,,27
2932767,2932781,38.97167,-90.70281,8.127141,0.36961645,0.055,0.11,13.545236,50.0,1470.0,,27
879984,879978,38.822693,-90.76305,8.143878,0.36928114,0.055,0.11,13.573131,40.71939,1049.0,,27
880174,880168,38.750954,-90.655945,8.708273,0.35852426,0.055,0.11,14.513788,50.0,449.0,,27
3600628,3600658,39.075573,-90.558586,9.188534,0.35013288,0.055,0.11,15.314222,50.0,1888.0,,27
2511465,2515899,38.932068,-90.6979,1.7811499,0.72208995,0.06,0.12,2.968583,8.905749,94.0,,27
2511445,2515899,38.931694,-90.697655,22.876743,0.23413251,0.05,0.1,38.127903,114.38371,128.0,,27
3601260,3601198,39.100704,-90.59852,66.24889,0.14646481,0.045,0.09,110.414825,331.24448,1930.0,,27
2932881,2932885,38.955162,-90.672646,113.98327,0.11528281,0.045,0.09,189.9721,569.9163,768.0,,27
2932883,2932785,38.946445,-90.666504,0.8102057,1.0221628,0.06,0.12,1.3503429,4.0510287,364.0,,27
880586,880760,38.922607,-90.65915,1.3306462,0.8212227,0.06,0.12,2.2177436,6.653231,1519.0,,27
879986,879984,38.82075,-90.774826,1.4750684,0.78472686,0.06,0.12,2.4584475,7.375342,1744.0,,28
880176,880174,38.756336,-90.66492,1.5271263,0.77281076,0.06,0.12,2.5452104,7.6356316,1855.0,,28
880226,880416,38.735905,-90.65519,1.7200478,0.73329633,0.06,0.12,2.8667464,8.600239,2177.0,,28
880230,880192,38.73422,-90.592606,2.5986733,0.61124563,0.06,0.12,4.3311224,12.993367,3176.0,,28
880240,880192,38.72744,-90.6067,1.803233,0.7181752,0.06,0.12,3.0053885,9.016165,2225.0,,28
880276,880224,38.719753,-90.61457,2.1349008,0.6666237,0.06,0.12,3.558168,10.674504,2933.0,,28
880296,880224,38.717842,-90.62836,2.010135,0.6845712,0.06,0.12,3.350225,10.050675,2423.0,,28
2932783,2932879,38.95337,-90.66068,1.6157365,0.7538176,0.06,0.12,2.692894,8.078682,1533.0,,28
3600556,3600592,39.101906,-90.53302,1.5300101,0.7721678,0.06,0.12,2.5500169,7.6500506,1886.0,,28
3600596,3600628,39.084145,-90.54682,1.340816,0.81846887,0.06,0.12,2.2346935,6.7040806,1603.0,,28
3600730,3600974,39.044056,-90.5395,1.463502,0.7874569,0.06,0.12,2.4391701,7.3175106,2061.0,,28
3600846,3600854,39.0058,-90.62687,1.3148265,0.8255673,0.06,0.12,2.1913774,6.5741324,1049.0,,28
2511029,2511049,38.9642,-90.70361,3.5653446,0.5316432,0.06,0.12,5.9422407,17.826723,3665.0,,28
3600574,3601262,39.09134,-90.6106,2.19322,0.6587445,0.06,0.12,3.6553664,10.9661,2487.0,,28
3600802,3601142,39.01358,-90.60014,2.1901495,0.6591518,0.06,0.12,3.6502492,10.9507475,2472.0,,28
3600856,3600854,39.001335,-90.625114,1.1736783,0.8679827,0.06,0.12,1.9561304,5.868391,606.0,,28
3601132,3601140,39.028576,-90.58643,2.83253,0.58844477,0.06,0.12,4.7208834,14.16265,1704.0,,28
3600554,3600592,39.095047,-90.535065,2.3187811,0.64276236,0.06,0.12,3.8646352,11.593905,360.0,,28
3601134,3601140,39.02211,-90.58691,2.8953636,0.5827763,0.06,0.12,4.825606,14.476818,301.0,,28
3601228,3601260,39.108162,-90.604004,2.6287756,0.60814774,0.06,0.12,4.381293,13.143878,189.0,,28
3600978,3600974,39.037563,-90.54229,3.6073651,0.5289021,0.055,0.11,6.012275,30.0,1675.0,,28
880194,880416,38.74526,-90.665886,3.8172,0.5158724,0.06,0.12,6.3619995,19.085999,3056.0,,28
2932761,2932767,38.972233,-90.71485,0.8441259,1.0038339,0.06,0.12,1.4068766,4.2206297,609.0,,28
2932759,2932767,38.977985,-90.71136,8.108238,0.36999637,0.055,0.11,13.51373,50.0,1290.0,,28
879996,879984,38.81694,-90.76713,8.106477,0.37003183,0.055,0.11,13.510796,40.532387,602.0,,28
880418,880174,38.748566,-90.66468,8.682763,0.35898858,0.055,0.11,14.4712715,50.0,1150.0,,28
3600610,3600628,39.07658,-90.54786,9.16566,0.3505181,0.055,0.11,15.276099,50.0,665.0,,28
2511065,2511465,38.93157,-90.71391,1.7722279,0.7236915,0.06,0.12,2.9537132,8.861139,2667.0,,28
2511121,2511445,38.919632,-90.700584,22.876696,0.23413272,0.05,0.1,38.127827,114.38348,7735.0,,28
3601226,3601260,39.1145,-90.6033,66.24533,0.14646828,0.045,0.09,110.40888,331.22665,1340.0,,28
3601230,3601260,39.112057,-90.60852,2.5259802,0.6189447,0.06,0.12,4.209967,12.629901,1293.0,,28
2932875,2932881,38.96056,-90.674385,113.983215,0.11528283,0.045,0.09,189.97203,569.9161,492.0,,28
880000,879996,38.812435,-90.78765,2.4034467,0.6326729,0.06,0.12,4.0057445,12.017233,4062.0,,29
880274,880194,38.725883,-90.664055,2.176747,0.6609392,0.06,0.12,3.6279118,10.883736,3070.0,,29
2511025,2511029,38.957653,-90.7261,1.9915695,0.6873793,0.06,0.12,3.3192825,9.957848,2493.0,,29
2511035,2511029,38.94086,-90.71784,2.9754581,0.5758026,0.06,0.12,4.959097,14.877291,4466.0,,29
3600584,3600574,39.08849,-90.630356,1.6451774,0.74783623,0.06,0.12,2.7419622,8.225887,1369.0,,29
3600680,3600610,39.071117,-90.53645,1.8139327,0.71630317,0.06,0.12,3.023221,9.069663,2603.0,,29
3600800,3600802,39.014282,-90.62188,1.8198243,0.71527916,0.06,0.12,3.0330405,9.099122,1525.0,,29
3600980,3601132,39.031025,-90.6081,2.216487,0.6556848,0.06,0.12,3.6941447,11.082435,4779.0,,29
3601754,3600856,38.999393,-90.629,0.7884537,1.0345093,0.06,0.12,1.3140894,3.9422684,242.0,,29
880420,880418,38.74919,-90.67519,2.1372676,0.666298,0.06,0.12,3.5621126,10.686337,937.0,,29
2511415,2511121,38.895996,-90.69889,4.783575,0.46698573,0.06,0.12,7.9726253,23.917875,4160.0,,29
3600552,3600554,39.09797,-90.53091,2.2935634,0.64587075,0.06,0.12,3.8226056,11.467817,765.0,,29
3600776,3601134,39.021973,-90.6039,2.8789399,0.58424073,0.06,0.12,4.798233,14.394699,2964.0,,29
3601232,3601230,39.116684,-90.61351,2.0673692,0.67614436,0.06,0.12,3.4456155,10.336846,66.0,,29
2932871,2932875,38.964302,-90.67336,2.2654946,0.6493889,0.06,0.12,3.7758245,11.327474,399.0,,29
3600542,3601228,39.10441,-90.6098,2.622144,0.6088258,0.06,0.12,4.37024,13.110721,2026.0,,29
3600982,3600978,39.026222,-90.52779,2.638377,0.60717034,0.06,0.12,4.3972945,13.191884,2276.0,,29
3600754,3600978,39.03439,-90.533485,2.8261714,0.5890285,0.06,0.12,4.7102857,14.1308565,154.0,,29
880238,880194,38.733093,-90.679306,3.4394586,0.54014164,0.06,0.12,5.732431,17.197292,2470.0,,29
2932731,2932759,38.98603,-90.71132,5.130781,0.4527706,0.055,0.11,8.551302,30.0,513.0,,29
2932737,2932759,38.982002,-90.7151,7.3063216,0.3873922,0.055,0.11,12.177202,50.0,967.0,,29
880020,879996,38.808605,-90.76402,8.011868,0.37195328,0.055,0.11,13.353112,40.059338,1798.0,,29
880184,880418,38.74486,-90.679245,8.625133,0.36004487,0.055,0.11,14.37522,50.0,1498.0,,29
3600640,3600610,39.07587,-90.53364,9.130749,0.35110873,0.055,0.11,15.217915,50.0,2739.0,,29
3601234,3601226,39.12063,-90.603386,6.0444894,0.42118895,0.055,0.11,10.074149,50.0,134.0,,29
2511137,2511121,38.91411,-90.72333,22.784573,0.2345499,0.05,0.1,37.97429,113.92287,7439.0,,29
3601212,3601230,39.124477,-90.61335,1.7426913,0.72907746,0.06,0.12,2.9044855,8.713456,1730.0,,29
3601238,3601226,39.12644,-90.6074,66.22548,0.14648765,0.045,0.09,110.37579,331.12738,1441.0,,29
2932873,2932875,38.966526,-90.67536,113.982796,0.11528302,0.045,0.09,189.97133,569.914,857.0,,29
880164,880420,38.75961,-90.679214,1.56697,0.76407903,0.06,0.12,2.6116166,7.83485,1894.0,,30
880166,880420,38.759964,-90.684166,1.5657912,0.7643327,0.06,0.12,2.6096523,7.8289566,2334.0,,30
880314,880238,38.715565,-90.70264,2.3233593,0.64220333,0.06,0.12,3.8722653,11.616796,4011.0,,30
2511427,2511415,38.886726,-90.68444,2.7984176,0.59159863,0.06,0.12,4.6640296,13.992088,2328.0,,30
2932757,2932737,38.976418,-90.725204,2.561391,0.6151549,0.06,0.12,4.2689853,12.806955,1925.0,,30
3600520,3601232,39.11306,-90.62742,2.0666814,0.67624366,0.06,0.12,3.4444687,10.333406,2720.0,,30
3600540,3600552,39.105835,-90.52163,1.6419566,0.74848306,0.06,0.12,2.7365942,8.209783,2039.0,,30
3600546,3600552,39.100647,-90.51511,1.64803,0.7472648,0.06,0.12,2.7467167,8.24015,2223.0,,30
3600564,3600542,39.09478,-90.62143,1.6405212,0.7487719,0.06,0.12,2.734202,8.202605,2071.0,,30
3600702,3600640,39.064312,-90.52449,1.855553,0.7091699,0.06,0.12,3.0925884,9.277765,2455.0,,30
3600752,3600754,39.036205,-90.52455,1.7249486,0.73237646,0.06,0.12,2.8749144,8.624743,1680.0,,30
3600766,3600776,39.036346,-90.62286,1.9977136,0.68644583,0.06,0.12,3.3295226,9.988568,2378.0,,30
3600792,3600776,39.023655,-90.62485,1.8544213,0.70936084,0.06,0.12,3.090702,9.272106,1689.0,,30
2932887,2932871,38.964867,-90.67147,2.2381105,0.6528824,0.06,0.12,3.7301843,11.190553,10.0,,30
3600538,3600542,39.102993,-90.61754,1.781456,0.7220352,0.06,0.12,2.9690933,8.90728,805.0,,30
3600984,3600982,39.013073,-90.521355,2.1636024,0.66270775,0.06,0.12,3.606004,10.818012,1132.0,,30
880422,880184,38.74764,-90.693954,3.3358335,0.54748094,0.055,0.11,5.559723,30.0,1795.0,,30
3600784,3600754,39.031105,-90.517235,2.577775,0.6134269,0.06,0.12,4.296292,12.888875,3100.0,,30
880262,880238,38.721085,-90.68715,2.559272,0.6153796,0.06,0.12,4.2654533,12.79636,897.0,,30
2932725,2932731,38.989616,-90.7106,3.5077758,0.535475,0.055,0.11,5.846293,30.0,325.0,,30
2932727,2932731,38.993725,-90.72511,4.4708204,0.4811261,0.06,0.12,7.451368,22.354103,2659.0,,30
2932763,2932737,38.975178,-90.7182,7.184594,0.3902743,0.055,0.11,11.974324,50.0,1362.0,,30
880680,880020,38.80126,-90.766624,7.9807043,0.37259334,0.055,0.11,13.301174,39.903522,63.0,,30
880188,880184,38.742172,-90.68959,8.419999,0.36388868,0.055,0.11,14.033332,42.1,383.0,,30
3600634,3600640,39.076,-90.52431,9.057637,0.35235626,0.055,0.11,15.096062,50.0,551.0,,30
3601236,3601234,39.12121,-90.60147,6.043461,0.42122057,0.055,0.11,10.072435,50.0,219.0,,30
2511407,2511137,38.93056,-90.741455,22.75193,0.2346983,0.05,0.1,37.919884,113.75965,2221.0,,30
3601222,3601238,39.13313,-90.61208,66.22529,0.14648785,0.045,0.09,110.37548,331.12643,301.0,,30
2932905,2932873,38.975304,-90.67654,113.98271,0.11528306,0.045,0.09,189.97119,569.9136,1141.0,,30
880304,880262,38.710873,-90.68159,1.541036,0.7697255,0.06,0.12,2.5683932,7.70518,1683.0,,31
2511093,2511407,38.936863,-90.75279,2.2306182,0.65384895,0.06,0.12,3.7176971,11.153091,3911.0,,31
2932771,2932887,38.96596,-90.656334,2.2381105,0.6528824,0.06,0.12,3.7301843,11.190553,2861.0,,31
3600536,3600538,39.105167,-90.62854,1.5642171,0.764672,0.06,0.12,2.6070285,7.821085,1355.0,,31
3600620,3600634,39.087227,-90.5178,1.8762541,0.7057073,0.06,0.12,3.1270902,9.38127,2762.0,,31
3600842,3600984,39.005222,-90.521034,1.4508443,0.7904805,0.06,0.12,2.418074,7.2542214,917.0,,31
3600844,3600984,39.005604,-90.513954,1.4430534,0.7923605,0.06,0.12,2.405089,7.2152667,1239.0,,31
880150,880422,38.7577,-90.69332,2.3632658,0.6373963,0.06,0.12,3.9387763,11.816329,403.0,,31
880152,880422,38.759064,-90.7022,2.6622984,0.6047574,0.06,0.12,4.437164,13.311492,1698.0,,31
2932707,2932727,38.999405,-90.73915,2.042081,0.67982566,0.06,0.12,3.4034684,10.210405,147.0,,31
3600848,3600784,39.00951,-90.50846,1.808301,0.7172865,0.06,0.12,3.013835,9.041505,2259.0,,31
3601214,3601222,39.134384,-90.613594,1.9779215,0.6894678,0.06,0.12,3.2965357,9.889607,184.0,,31
880294,880262,38.713387,-90.68769,1.789986,0.7205152,0.06,0.12,2.98331,8.94993,1028.0,,31
880688,880680,38.79798,-90.76513,3.0199258,0.5720466,0.06,0.12,5.03321,15.099629,740.0,,31
2932721,2932725,38.992928,-90.70978,2.0477014,0.67900187,0.06,0.12,3.4128354,10.238506,456.0,,31
2932867,2932905,38.981583,-90.67426,2.736201,0.59749603,0.06,0.12,4.560335,13.6810055,396.0,,31
2932723,2932725,38.995514,-90.71407,3.235672,0.5548941,0.06,0.12,5.392787,16.17836,1188.0,,31
2932845,2932727,38.99821,-90.74669,4.098126,0.49996114,0.06,0.12,6.8302097,20.49063,1400.0,,31
880218,880188,38.737015,-90.6977,3.4840436,0.5370812,0.06,0.12,5.8067393,17.420218,1569.0,,31
2932769,2932763,38.971203,-90.720825,7.176538,0.39046752,0.055,0.11,11.9608965,50.0,482.0,,31
880682,880680,38.799297,-90.77043,7.8218317,0.37591338,0.055,0.11,13.0363865,39.109158,905.0,,31
880196,880188,38.739697,-90.69874,8.194847,0.36826608,0.055,0.11,13.658079,40.974236,1289.0,05514840,31
3600626,3600634,39.075203,-90.52114,9.025071,0.35291663,0.055,0.11,15.041786,50.0,207.0,,31
3600504,3601236,39.122345,-90.59969,6.041231,0.42128915,0.055,0.11,10.068719,50.0,201.0,,31
2511103,2511407,38.920788,-90.76307,22.739876,0.23475318,0.05,0.1,37.899796,113.69938,2433.0,,31
3601220,3601222,39.136166,-90.612885,66.22451,0.14648859,0.045,0.09,110.37418,331.12256,391.0,,31
2932869,2932905,38.98768,-90.677505,113.98195,0.1152834,0.045,0.09,189.96991,569.9097,1657.0,,31
880116,880152,38.77461,-90.72509,2.1271193,0.6676985,0.06,0.12,3.5451987,10.635596,3602.0,,32
880120,880152,38.764214,-90.722275,1.7314414,0.73116356,0.06,0.12,2.8857358,8.6572075,2433.0,,32
880132,880150,38.765247,-90.68976,1.4929578,0.7805645,0.06,0.12,2.488263,7.464789,1696.0,,32
880134,880150,38.766552,-90.70251,2.0900526,0.67289704,0.06,0.12,3.483421,10.450264,2471.0,,32
2930475,2932707,39.012646,-90.74671,2.0293245,0.6817077,0.06,0.12,3.3822076,10.146623,3663.0,,32
2932851,2932769,38.975414,-90.72969,1.6533532,0.74620247,0.06,0.12,2.7555888,8.266767,2196.0,,32
3600502,3601214,39.12963,-90.6245,1.9633281,0.69172406,0.06,0.12,3.2722135,9.816641,2481.0,,32
3600630,3600626,39.081757,-90.507645,1.8913574,0.70321554,0.06,0.12,3.1522624,9.456787,3303.0,,32
3601752,3600848,38.998394,-90.50397,1.2149137,0.85486,0.06,0.12,2.0248563,6.0745687,430.0,,32
880424,880196,38.745316,-90.70983,2.5844803,0.6127243,0.06,0.12,4.3074675,12.922401,1828.0,,32
880690,880688,38.793674,-90.76191,2.0623136,0.6768751,0.06,0.12,3.4371893,10.311568,569.0,,32
880692,880688,38.792072,-90.76617,2.5475552,0.6166266,0.06,0.12,4.2459254,12.737777,663.0,,32
880716,880294,38.707096,-90.69185,1.6101688,0.75496644,0.06,0.12,2.6836147,8.050844,612.0,,32
2511095,2511103,38.930954,-90.7726,3.0732782,0.56764394,0.06,0.12,5.1221304,15.36639,2313.0,,32
2932717,2932721,38.995193,-90.70361,1.6412392,0.74862736,0.06,0.12,2.7353985,8.206196,1161.0,,32
2932719,2932721,38.99753,-90.70958,1.5487041,0.7680418,0.06,0.12,2.5811734,7.7435203,568.0,,32
2932743,2932867,38.97873,-90.6636,2.6881528,0.60218436,0.06,0.12,4.4802547,13.440763,1787.0,,32
880684,880682,38.800056,-90.78249,3.2346148,0.55497414,0.06,0.12,5.3910246,16.173073,1379.0,,32
2930313,2932723,39.002697,-90.71798,3.1807704,0.5590994,0.06,0.12,5.301284,15.903852,803.0,,32
2930315,2932845,39.000977,-90.75768,3.9565866,0.5077742,0.06,0.12,6.594311,19.782934,1115.0,,32
3601216,3601220,39.13771,-90.61464,2.3342757,0.6408766,0.06,0.12,3.8904593,11.671378,202.0,,32
880706,880218,38.728046,-90.70246,3.3756728,0.5446209,0.06,0.12,5.6261215,16.878365,855.0,,32
2932863,2932869,38.99621,-90.678505,3.0168467,0.57230407,0.06,0.12,5.028078,15.084234,347.0,,32
2932853,2932769,38.966766,-90.73695,7.1351614,0.39146486,0.055,0.11,11.891935,50.0,2740.0,,32
3600500,3600504,39.122723,-90.59541,4.7058787,0.47037172,0.055,0.11,7.843131,30.0,642.0,,32
880694,880682,38.793064,-90.788376,7.599189,0.38073313,0.055,0.11,12.665315,37.995945,2835.0,,32
880198,880196,38.737812,-90.706245,8.074392,0.37067983,0.055,0.11,13.45732,40.371964,72.0,,32
3600664,3600626,39.06888,-90.51407,8.993333,0.35346556,0.055,0.11,14.988888,50.0,1956.0,,32
3600960,3600504,39.128822,-90.59702,4.834071,0.4648273,0.055,0.11,8.056786,30.0,1344.0,,32
2511101,2511103,38.92256,-90.777985,22.70548,0.23491,0.05,0.1,37.84247,113.5274,293.0,,32
3601218,3601220,39.14743,-90.615425,66.22326,0.14648981,0.045,0.09,110.3721,331.1163,2220.0,,32
2932865,2932869,38.997814,-90.6813,113.98093,0.115283854,0.045,0.09,189.96822,569.90466,704.0,,32
880090,880692,38.7788,-90.77335,2.458189,0.62641793,0.06,0.12,4.096982,12.290945,2775.0,,33
880172,880424,38.76031,-90.729614,2.0055249,0.685265,0.06,0.12,3.3425415,10.027624,3377.0,,33
880178,880424,38.753593,-90.72295,1.2077957,0.85707897,0.06,0.12,2.012993,6.038979,1442.0,,33
880316,880716,38.70376,-90.697556,1.2626162,0.8404578,0.06,0.12,2.1043603,6.313081,684.0,,33
880408,880690,38.7832,-90.75429,1.9316633,0.6967039,0.06,0.12,3.2194388,9.658316,2531.0,,33
2511047,2511095,38.948513,-90.784386,2.5982323,0.6112914,0.06,0.12,4.330387,12.99116,4007.0,,33
2930287,2930313,39.01791,-90.73982,2.2465305,0.6518017,0.06,0.12,3.7442176,11.232653,6371.0,,33
2930293,2930315,39.015217,-90.76449,2.1769545,0.66091144,0.06,0.12,3.6282575,10.884772,2749.0,,33
2930309,2932717,39.004196,-90.70318,1.2974967,0.83041394,0.06,0.12,2.1624944,6.4874835,1004.0,,33
2930311,2932719,39.00768,-90.70933,1.3252325,0.8227011,0.06,0.12,2.2087207,6.6261625,1699.0,,33
2932741,2932743,38.983303,-90.650085,1.5300101,0.7721678,0.06,0.12,2.5500169,7.6500506,1623.0,,33
3600498,3600500,39.132935,-90.59209,1.8130457,0.7164578,0.06,0.12,3.0217428,9.065228,2203.0,,33
880696,880694,38.788403,-90.80144,2.1314492,0.6670998,0.06,0.12,3.5524151,10.657246,96.0,,33
2511105,2511101,38.920403,-90.788246,2.937333,0.5790879,0.06,0.12,4.895555,14.686665,1863.0,,33
2932747,2932743,38.976357,-90.65116,2.1014395,0.671286,0.06,0.12,3.5023992,10.507197,550.0,,33
3600488,3600960,39.13467,-90.602585,2.5819511,0.612989,0.06,0.12,4.3032517,12.909756,698.0,,33
3600706,3600664,39.058846,-90.502365,2.7032187,0.6007014,0.06,0.12,4.5053644,13.516093,2049.0,,33
3601208,3601218,39.157555,-90.61538,2.2434046,0.6522022,0.06,0.12,3.739008,11.217024,174.0,,33
880026,880684,38.800686,-90.790306,2.0397305,0.6801712,0.06,0.12,3.3995507,10.198652,147.0,,33
880232,880198,38.734596,-90.720184,2.5642617,0.614851,0.06,0.12,4.2737694,12.821308,3067.0,,33
2930279,2930313,39.006767,-90.721275,2.476728,0.62434494,0.06,0.12,4.12788,12.38364,270.0,,33
2930299,2930315,39.004807,-90.77677,3.56932,0.5313819,0.06,0.12,5.9488664,17.8466,3437.0,,33
3600478,3601216,39.137352,-90.62234,2.327191,0.64173657,0.06,0.12,3.878652,11.635956,1175.0,,33
880248,880706,38.72261,-90.71454,3.2858407,0.5511403,0.06,0.12,5.4764013,16.429205,1889.0,,33
2932705,2932863,38.998055,-90.67531,3.0018032,0.5735677,0.06,0.12,5.003005,15.009016,441.0,,33
2932777,2932853,38.980747,-90.76771,4.8921494,0.46238464,0.055,0.11,8.153583,30.0,5952.0,,33
2932779,2932853,38.965115,-90.76931,6.1806645,0.4170694,0.055,0.11,10.301107,30.903324,3661.0,,33
3600526,3600500,39.11017,-90.59078,4.5988574,0.47516987,0.055,0.11,7.6647625,30.0,2575.0,,33
880698,880694,38.78828,-90.80273,7.4530463,0.3840089,0.055,0.11,12.421743,37.265232,248.0,,33
880204,880198,38.736786,-90.718346,7.978572,0.37263727,0.055,0.11,13.29762,39.89286,2027.0,,33
3600662,3600664,39.068592,-90.50472,8.878744,0.3554709,0.055,0.11,14.797907,50.0,624.0,,33
3600486,3600960,39.13816,-90.59195,4.5161304,0.4789905,0.055,0.11,7.5268836,30.0,1691.0,,33
2511119,2511101,38.91769,-90.792015,22.686386,0.2349972,0.05,0.1,37.810642,113.43193,2624.0,,33
3601224,3601218,39.165314,-90.61269,66.221436,0.1464916,0.045,0.09,110.36906,331.10718,1790.0,,33
2930771,2932865,39.00038,-90.68414,113.98088,0.11528388,0.045,0.09,189.96814,569.9044,80.0,,33
880104,880696,38.779606,-90.804146,2.127336,0.66766846,0.06,0.12,3.5455601,10.636681,2207.0,,34
880426,880204,38.747463,-90.73565,1.8623159,0.7080326,0.06,0.12,3.10386,9.31158,3224.0,,34
2511083,2511105,38.937008,-90.80773,2.724175,0.5986583,0.06,0.12,4.540292,13.620875,4298.0,,34
2511123,2511119,38.917004,-90.809814,1.9950148,0.6868554,0.06,0.12,3.3250246,9.975074,2024.0,,34
2932745,2932747,38.9823,-90.64404,1.2980628,0.83025414,0.06,0.12,2.1634378,6.490314,1608.0,,34
2932749,2932747,38.9783,-90.6388,1.829756,0.7135637,0.06,0.12,3.0495934,9.148781,2211.0,,34
2932773,2932779,38.97734,-90.798454,2.0214517,0.6828778,0.06,0.12,3.3690863,10.107259,3329.0,,34
3600458,3601208,39.15463,-90.630844,2.2333844,0.65349156,0.06,0.12,3.7223072,11.166922,2997.0,,34
3600470,3600478,39.146854,-90.63389,1.775006,0.72319156,0.06,0.12,2.9583435,8.8750305,1863.0,,34
3600472,3600488,39.152195,-90.60306,2.2828324,0.6472084,0.06,0.12,3.8047206,11.414162,3038.0,,34
3600474,3600488,39.144466,-90.60894,1.5133862,0.7758984,0.06,0.12,2.5223105,7.5669317,2568.0,,34
3600644,3600662,39.07805,-90.50531,1.43518,0.7942753,0.06,0.12,2.3919666,7.1759,1845.0,,34
3600738,3600706,39.047905,-90.51508,2.0432544,0.6796534,0.06,0.12,3.405424,10.216272,1873.0,,34
880686,880026,38.79991,-90.79772,2.0295622,0.68167245,0.06,0.12,3.3826036,10.147811,1361.0,,34
880708,880232,38.722897,-90.73508,2.0544527,0.67801654,0.06,0.12,3.4240878,10.272264,829.0,,34
2930259,2930299,39.015503,-90.78871,2.0209727,0.6829492,0.06,0.12,3.3682878,10.104863,180.0,,34
2930261,2930299,39.02687,-90.797646,2.887594,0.5834676,0.06,0.12,4.8126564,14.437969,3345.0,,34
2930273,2930279,39.00881,-90.72275,2.4624412,0.6259405,0.06,0.12,4.1040688,12.312205,265.0,,34
3600480,3600478,39.13912,-90.63104,1.6333071,0.7502291,0.06,0.12,2.7221787,8.166535,686.0,,34
3600962,3600526,39.09318,-90.57689,3.1272535,0.56330055,0.06,0.12,5.212089,15.636268,3219.0,,34
3601204,3601224,39.173058,-90.61015,2.6300693,0.6080157,0.06,0.12,4.3834486,13.150347,160.0,,34
880712,880248,38.71754,-90.72834,3.0286903,0.57131565,0.06,0.12,5.047817,15.143451,1034.0,,34
2932847,2932777,38.99186,-90.80704,3.7905269,0.5174708,0.06,0.12,6.317545,18.952635,4345.0,,34
2930307,2932705,39.00115,-90.67102,2.8771305,0.5844028,0.06,0.12,4.7952175,14.385653,786.0,,34
3600484,3600486,39.137756,-90.57987,3.9930654,0.5057224,0.06,0.12,6.655109,19.965326,1285.0,,34
2932729,2932777,38.991703,-90.78212,3.5306327,0.5339429,0.055,0.11,5.884388,30.0,1324.0,,34
2932775,2932779,38.976616,-90.80963,5.8630586,0.42689013,0.055,0.11,9.771764,30.0,5629.0,,34
3600524,3600526,39.10646,-90.5816,3.9042194,0.51076776,0.06,0.12,6.507032,19.521097,431.0,,34
880058,880698,38.7848,-90.806564,7.4485736,0.38411063,0.055,0.11,12.414289,37.242867,902.0,,34
880208,880204,38.7361,-90.733665,7.9090924,0.37407795,0.055,0.11,13.181821,39.54546,638.0,,34
3600966,3600662,39.07333,-90.499214,8.858984,0.3558205,0.055,0.11,14.764974,50.0,1362.0,,34
2938527,2930771,39.000885,-90.68631,9.533289,0.3444892,0.055,0.11,15.888815,50.0,343.0,,34
3600468,3600486,39.148903,-90.5832,2.9143186,0.58110106,0.06,0.12,4.8571978,14.571592,1585.0,,34
2511129,2511119,38.909927,-90.80379,22.672558,0.23506042,0.05,0.1,37.787598,113.36279,250.0,,34
3601206,3601224,39.17483,-90.60774,66.21928,0.1464937,0.045,0.09,110.36546,331.09637,532.0,,34
2930767,2930771,39.002678,-90.685936,113.95462,0.1152956,0.045,0.09,189.92438,569.77313,520.0,,34
880028,880686,38.799557,-90.81196,1.6787965,0.7411918,0.06,0.12,2.7979944,8.393983,1365.0,,35
880292,880708,38.71522,-90.74221,1.7697512,0.72413814,0.06,0.12,2.9495852,8.848756,1367.0,,35
2511159,2511129,38.90304,-90.80836,1.6008056,0.75691146,0.06,0.12,2.6680093,8.004028,1741.0,,35
2930227,2930261,39.03767,-90.82012,2.2017727,0.65761435,0.06,0.12,3.6696212,11.008863,3134.0,,35
2930251,2930259,39.02074,-90.782,1.4425925,0.7924721,0.06,0.12,2.404321,7.2129626,1562.0,,35
2930253,2930259,39.0238,-90.784294,1.7157784,0.7341008,0.06,0.12,2.8596306,8.578892,1987.0,,35
2930271,2930273,39.019455,-90.729416,2.167583,0.6621705,0.06,0.12,3.6126382,10.837915,2577.0,,35
2930477,2930273,39.017796,-90.72914,1.6124004,0.7545053,0.06,0.12,2.687334,8.062002,2962.0,,35
2932753,2932775,38.98539,-90.83412,1.8729273,0.70626,0.06,0.12,3.1215453,9.364636,2285.0,,35
3600494,3600480,39.133938,-90.63616,1.4851553,0.782371,0.06,0.12,2.475259,7.425777,760.0,,35
3600516,3600524,39.116444,-90.582245,1.6318569,0.7505232,0.06,0.12,2.7197616,8.159285,1756.0,,35
3600692,3600966,39.066196,-90.48692,1.6041886,0.7562068,0.06,0.12,2.6736476,8.020943,2182.0,,35
880088,880058,38.782734,-90.81667,2.7640004,0.59483737,0.06,0.12,4.606667,13.820002,1777.0,,35
880446,880208,38.750607,-90.7454,2.7959955,0.59182465,0.06,0.12,4.6599927,13.979978,3894.0,,35
2932891,2932847,38.99993,-90.82825,1.9298307,0.69699574,0.06,0.12,3.2163844,9.649154,31.0,,35
3600440,3601204,39.173767,-90.62292,2.6235886,0.60867786,0.06,0.12,4.3726473,13.117943,2072.0,,35
3600456,3600468,39.15984,-90.592476,1.9861321,0.6882089,0.06,0.12,3.3102202,9.930661,1650.0,,35
3600602,3600962,39.08468,-90.56739,2.473495,0.62470484,0.06,0.12,4.122492,12.3674755,2641.0,,35
3600604,3600962,39.077934,-90.57723,1.4951111,0.7800683,0.06,0.12,2.4918518,7.4755554,147.0,,35
880302,880712,38.708694,-90.73555,2.832157,0.588479,0.06,0.12,4.7202616,14.160784,1350.0,,35
3600638,3600966,39.074253,-90.49148,3.3340213,0.5476122,0.06,0.12,5.556702,16.670107,298.0,,35
2932713,2932729,38.99879,-90.7838,1.2940903,0.8313776,0.06,0.12,2.156817,6.4704514,362.0,,35
2932889,2932847,38.999496,-90.83115,3.0122166,0.57269204,0.06,0.12,5.020361,15.061083,524.0,,35
2932697,2930307,38.99959,-90.66591,2.8117301,0.59036124,0.06,0.12,4.686217,14.05865,192.0,,35
3600482,3600484,39.13582,-90.573944,3.9520948,0.50802875,0.06,0.12,6.5868244,19.760473,477.0,,35
2932715,2932729,38.999004,-90.78751,3.3472075,0.5466594,0.055,0.11,5.578679,30.0,699.0,,35
2932755,2932775,38.97766,-90.84298,5.48498,0.4396305,0.055,0.11,9.141633,30.0,1657.0,,35
3600514,3600524,39.10844,-90.5764,3.7868485,0.51769245,0.06,0.12,6.3114142,18.934242,885.0,,35
880056,880058,38.78546,-90.81998,7.2898164,0.3877789,0.055,0.11,12.149694,36.44908,2206.0,,35
880214,880208,38.73438,-90.74114,7.7731647,0.3769499,0.055,0.11,12.955275,38.865826,728.0,,35
3600646,3600966,39.071114,-90.48417,8.647154,0.35964006,0.055,0.11,14.411922,50.0,1817.0,,35
2930769,2938527,39.00093,-90.688705,9.531898,0.3445114,0.055,0.11,15.886496,50.0,68.0,,35
3600454,3600468,39.158134,-90.58603,2.437378,0.628772,0.06,0.12,4.0622964,12.186889,769.0,,35
2511145,2511129,38.906597,-90.79872,22.668058,0.23508102,0.05,0.1,37.780098,113.340294,983.0,,35
3601112,3601206,39.178223,-90.60263,66.21185,0.14650096,0.045,0.09,110.35309,331.05927,666.0,,35
3607110,3601206,39.183697,-90.606224,4.301827,0.4893749,0.06,0.12,7.169711,21.509134,1599.0,,35
2930763,2930767,39.006416,-90.688126,113.95459,0.11529561,0.045,0.09,189.92432,569.77295,430.0,,35
880098,880056,38.785435,-90.84589,2.3384342,0.6403735,0.06,0.12,3.8973901,11.692171,2935.0,,36
880102,880088,38.772972,-90.83035,2.0026026,0.68570596,0.06,0.12,3.337671,10.013013,2091.0,,36
880114,880088,38.768177,-90.81748,1.9754204,0.68985283,0.06,0.12,3.2923672,9.877102,1608.0,,36
880126,880446,38.767452,-90.76093,1.747152,0.7282556,0.06,0.12,2.91192,8.73576,1726.0,,36
880410,880446,38.765038,-90.75127,1.4430534,0.7923605,0.06,0.12,2.405089,7.2152667,1775.0,,36
2930323,2932891,39.011295,-90.83669,1.9298307,0.69699574,0.06,0.12,3.2163844,9.649154,3342.0,,36
2932739,2932755,38.99024,-90.854454,1.9190285,0.6987239,0.06,0.12,3.198381,9.595142,2148.0,,36
3600442,3600440,39.177853,-90.6422,2.0264685,0.6821314,0.06,0.12,3.3774476,10.132343,1706.0,,36
3600446,3600456,39.16683,-90.60167,1.5229881,0.7737365,0.06,0.12,2.5383134,7.61494,941.0,,36
3600450,3600454,39.17393,-90.58843,1.9003083,0.7017523,0.06,0.12,3.1671803,9.501541,3070.0,,36
3600512,3600514,39.112083,-90.56481,2.8100884,0.5905134,0.06,0.12,4.6834807,14.050443,1738.0,,36
3600558,3600602,39.094143,-90.56133,1.8806721,0.7049754,0.06,0.12,3.1344535,9.40336,1778.0,,36
3600614,3600638,39.0921,-90.49231,2.4256654,0.6301096,0.06,0.12,4.0427756,12.128327,4056.0,,36
3600618,3600604,39.08064,-90.582596,1.474185,0.7849343,0.06,0.12,2.456975,7.3709245,1567.0,,36
3600976,3600646,39.05152,-90.489136,2.2102616,0.6564989,0.06,0.12,3.6837695,11.051309,4788.0,,36
880448,880214,38.72711,-90.7497,1.866239,0.7073756,0.06,0.12,3.1103983,9.331195,2337.0,,36
880720,880302,38.70733,-90.744606,2.195058,0.6585011,0.06,0.12,3.65843,10.97529,375.0,,36
3600492,3600482,39.13484,-90.55785,2.4881394,0.6230801,0.06,0.12,4.1468987,12.440697,3014.0,,36
3600616,3600638,39.07767,-90.48653,2.804899,0.59099513,0.06,0.12,4.674832,14.024495,1227.0,,36
2511147,2511145,38.903145,-90.787476,3.884908,0.51188636,0.06,0.12,6.4748464,19.42454,2754.0,,36
2930317,2932713,39.00376,-90.7866,1.1959695,0.8608078,0.06,0.12,1.9932824,5.9798474,910.0,,36
2932907,2932889,39.00006,-90.83414,2.9523306,0.5777883,0.06,0.12,4.920551,14.761653,12.0,,36
3601288,3607110,39.190666,-90.605736,2.0934143,0.67242014,0.06,0.12,3.4890237,10.467072,48.0,,36
2930305,2932697,39.00016,-90.664635,2.80109,0.59134954,0.06,0.12,4.6684833,14.00545,87.0,,36
3600476,3600482,39.14014,-90.570946,3.5583267,0.5321055,0.06,0.12,5.930545,17.791634,710.0,,36
2930319,2932715,39.000336,-90.792244,3.3062353,0.54963785,0.055,0.11,5.510392,30.0,209.0,,36
2932751,2932755,38.981922,-90.857796,5.2907696,0.44667843,0.055,0.11,8.817949,30.0,1675.0,,36
3600510,3600514,39.112656,-90.57339,2.9994671,0.5737647,0.06,0.12,4.999112,14.997335,1008.0,,36
880054,880056,38.79959,-90.84735,7.145931,0.39120448,0.055,0.11,11.909885,35.729656,5230.0,,36
880444,880214,38.73595,-90.74912,7.7192464,0.37810925,0.055,0.11,12.865411,38.59623,1631.0,,36
3600650,3600646,39.068546,-90.47769,8.563273,0.36119,0.055,0.11,14.272122,50.0,149.0,,36
2938523,2930769,39.000946,-90.68969,1.464,0.78733873,0.06,0.12,2.44,7.32,101.0,,36
2931085,2930769,39.0005,-90.6891,9.531579,0.34451646,0.055,0.11,15.885964,50.0,98.0,,36
3600448,3600454,39.172592,-90.5757,1.8905396,0.7033497,0.06,0.12,3.1508994,9.452698,3732.0,,36
5916051,3601112,39.18002,-90.59904,21.001146,0.24313751,0.05,0.1,35.00191,105.00573,110.0,,36
2511167,2511145,38.90164,-90.80592,22.623974,0.23528299,0.05,0.1,37.706623,113.119865,1540.0,,36
3601254,3601112,39.19442,-90.592865,65.43442,0.14726633,0.045,0.09,109.05736,327.1721,3515.0,,36
3601114,3607110,39.19342,-90.60663,4.059941,0.50203025,0.06,0.12,6.766568,20.299704,663.0,,36
2930761,2930763,39.008636,-90.68806,113.95456,0.11529562,0.045,0.09,189.92427,569.7728,62.0,,36
880100,880054,38.78311,-90.87191,2.2248673,0.65459406,0.06,0.12,3.7081122,11.124336,2848.0,,37
880450,880720,38.703396,-90.755554,2.0751357,0.6750268,0.06,0.12,3.4585595,10.375679,1834.0,,37
880746,880448,38.717224,-90.75321,1.0317448,0.9187697,0.06,0.12,1.7195747,5.1587243,342.0,,37
2511223,2511167,38.888355,-90.79726,2.1157806,0.6692748,0.06,0.12,3.5263011,10.578903,2683.0,,37
2511429,2511147,38.891403,-90.750145,2.898698,0.5824805,0.06,0.12,4.8311634,14.49349,6062.0,,37
2932733,2932751,38.991283,-90.861824,1.5657912,0.7643327,0.06,0.12,2.6096523,7.8289566,1743.0,,37
3600466,3600476,39.143116,-90.56064,1.4799093,0.78359336,0.06,0.12,2.4665155,7.399546,1789.0,,37
3600490,3600492,39.13718,-90.53444,1.8239266,0.714569,0.06,0.12,3.0398777,9.119633,1581.0,,37
3600576,3600616,39.084995,-90.47207,1.8781894,0.7053864,0.06,0.12,3.1303158,9.390947,2318.0,,37
3600578,3600616,39.097263,-90.48147,2.354214,0.6384763,0.06,0.12,3.9236898,11.77107,3422.0,,37
3600656,3600650,39.07557,-90.46352,2.3572388,0.63811475,0.06,0.12,3.9287312,11.786193,4527.0,,37
2511221,2511147,38.891945,-90.77753,2.9476166,0.57819575,0.06,0.12,4.9126945,14.738083,3462.0,,37
2930325,2932907,39.00647,-90.84604,2.9523306,0.5777883,0.06,0.12,4.920551,14.761653,2733.0,,37
2930765,2930317,39.00703,-90.79041,0.8454285,1.0031512,0.06,0.12,1.4090476,4.227143,159.0,,37
3600434,3601288,39.1866,-90.61843,2.0925188,0.67254704,0.06,0.12,3.4875314,10.462594,2620.0,,37
3600506,3600510,39.121204,-90.56117,2.5579078,0.61552435,0.06,0.12,4.26318,12.789539,2953.0,,37
2932701,2930305,38.99955,-90.663216,2.7898583,0.5923987,0.06,0.12,4.649764,13.949292,195.0,,37
3600464,3600476,39.14568,-90.57114,3.395736,0.54319894,0.06,0.12,5.6595597,16.97868,516.0,,37
880264,880444,38.724854,-90.75582,2.7442942,0.596718,0.06,0.12,4.5738235,13.721471,2664.0,,37
2932709,2930319,38.999664,-90.7936,3.2967174,0.5503374,0.055,0.11,5.4945292,30.0,127.0,,37
3601286,3601114,39.195618,-90.609375,3.0811167,0.56700635,0.06,0.12,5.135195,15.405584,59.0,,37
2932735,2932751,38.98883,-90.8782,5.169101,0.4512867,0.055,0.11,8.615169,30.0,2615.0,,37
3600508,3600510,39.12102,-90.57496,2.0416114,0.6798947,0.06,0.12,3.4026856,10.208056,906.0,,37
880050,880054,38.79351,-90.87383,6.823107,0.3992649,0.055,0.11,11.371844,34.115532,3025.0,,37
880206,880444,38.73765,-90.75583,7.569437,0.38139263,0.055,0.11,12.615728,37.847187,351.0,,37
3600672,3600650,39.064625,-90.47538,8.497011,0.36242995,0.055,0.11,14.161685,50.0,1359.0,,37
2932703,2931085,38.9997,-90.68961,9.531378,0.34451964,0.055,0.11,15.88563,50.0,140.0,,37
5915559,5916051,39.182262,-90.594795,21.00108,0.24313784,0.05,0.1,35.0018,105.0054,842.0,,37
2511233,2511167,38.88546,-90.81027,22.613993,0.2353288,0.05,0.1,37.689987,113.06996,2230.0,,37
3601284,3601254,39.211136,-90.59348,65.433975,0.14726678,0.045,0.09,109.05662,327.16986,270.0,,37
3601210,3601114,39.20567,-90.60474,3.2951415,0.5504535,0.06,0.12,5.4919024,16.475708,2357.0,,37
2930759,2930761,39.02341,-90.69661,113.95096,0.115297236,0.045,0.09,189.91826,569.75476,3562.0,,37
2930757,2930761,39.011463,-90.68439,4.8542223,0.46397504,0.055,0.11,8.09037,30.0,859.0,,37
880096,880050,38.779465,-90.88644,2.131233,0.66712964,0.06,0.12,3.5520551,10.656165,2366.0,,38
880428,880206,38.75506,-90.77541,3.0035806,0.5734179,0.06,0.12,5.0059676,15.017903,5127.0,,38
2511253,2511221,38.876686,-90.7667,1.673284,0.7422681,0.06,0.12,2.7888067,8.366421,1682.0,,38
2511259,2511221,38.874313,-90.777824,1.8734825,0.7061677,0.06,0.12,3.1224709,9.367413,1693.0,,38
2930255,2930325,39.023968,-90.85133,1.7045135,0.7362372,0.06,0.12,2.8408558,8.522568,1649.0,,38
2930257,2930325,39.02968,-90.859055,2.0866807,0.67337656,0.06,0.12,3.477801,10.433403,3209.0,,38
2930277,2930765,39.00798,-90.791595,0.73598915,1.0664184,0.06,0.12,1.2266486,3.679946,136.0,,38
3600436,3600434,39.183598,-90.63903,1.4314456,0.7951888,0.06,0.12,2.3857427,7.1572285,1323.0,,38
3600460,3600464,39.150513,-90.55949,1.7685103,0.72436225,0.06,0.12,2.9475172,8.842551,2515.0,,38
3600496,3600506,39.125305,-90.53398,2.158343,0.6634197,0.06,0.12,3.5972383,10.791716,2729.0,,38
3600838,3600672,39.034767,-90.49049,2.95703,0.577383,0.06,0.12,4.9283834,14.78515,8599.0,,38
5915973,5915559,39.24678,-90.56956,4.95909,0.45962057,0.06,0.12,8.265151,24.795452,15706.0,,38
880322,880264,38.71034,-90.781105,2.1023276,0.6711609,0.06,0.12,3.5038793,10.511638,3382.0,,38
2511249,2511233,38.87549,-90.80924,2.8654983,0.58544827,0.06,0.12,4.7758303,14.327492,871.0,,38
2932699,2932701,38.999607,-90.66146,1.7945234,0.7197109,0.06,0.12,2.9908724,8.972617,143.0,,38
2932711,2932701,38.997536,-90.65408,2.4882994,0.6230624,0.06,0.12,4.147166,12.441497,1726.0,,38
3600462,3600464,39.1592,-90.569214,3.1979644,0.5577712,0.06,0.12,5.329941,15.989822,2943.0,,38
880306,880264,38.71235,-90.76538,1.8341047,0.71281683,0.06,0.12,3.0568411,9.170523,1422.0,,38
2930321,2932709,39.002056,-90.79939,3.2837877,0.5512923,0.055,0.11,5.4729795,30.0,1084.0,,38
3601110,3601286,39.195698,-90.60976,3.0787904,0.5671953,0.06,0.12,5.131317,15.393952,11.0,,38
2930753,2930757,39.015675,-90.6793,3.2098162,0.5568617,0.06,0.12,5.349694,16.04908,438.0,,38
2930327,2932735,39.01559,-90.874855,4.9760647,0.4589282,0.055,0.11,8.293441,30.0,3803.0,,38
3601164,3600508,39.12962,-90.57546,1.9129168,0.6997079,0.06,0.12,3.1881945,9.564584,1024.0,,38
880046,880050,38.796257,-90.891716,6.6720843,0.40322706,0.055,0.11,11.12014,33.36042,2477.0,,38
880200,880206,38.739254,-90.75835,7.3935037,0.38537022,0.055,0.11,12.322506,36.967518,400.0,,38
3600686,3600672,39.060738,-90.465294,8.354295,0.3651485,0.055,0.11,13.923824,50.0,964.0,,38
2931087,2932703,39.00051,-90.69025,9.530576,0.34453246,0.055,0.11,15.884293,50.0,100.0,,38
5915525,5915559,39.184944,-90.58603,20.897654,0.24366799,0.05,0.1,34.829422,104.48827,933.0,,38
2511241,2511233,38.877827,-90.81534,22.590052,0.2354388,0.05,0.1,37.650085,112.95026,1414.0,,38
3601106,3601284,39.23166,-90.59626,65.42897,0.14727174,0.045,0.09,109.04829,327.14487,4399.0,,38
3601108,3601284,39.22229,-90.59929,3.753498,0.51971674,0.06,0.12,6.2558303,18.76749,2486.0,,38
2930749,2930759,39.045124,-90.702354,113.949974,0.11529767,0.045,0.09,189.91663,569.7499,1707.0,,38
2930751,2930759,39.04313,-90.70956,2.569533,0.6142942,0.06,0.12,4.2825556,12.847666,1433.0,,38
2930755,2930757,39.01765,-90.68044,4.236693,0.49267995,0.055,0.11,7.061155,30.0,810.0,,38
880750,880322,38.699005,-90.79475,0.9998721,0.93157744,0.06,0.12,1.6664535,4.9993606,244.0,,39
2511269,2511249,38.870426,-90.79602,1.9964877,0.68663174,0.06,0.12,3.3274796,9.982439,2749.0,,39
2511303,2511241,38.860207,-90.81539,2.3568833,0.6381572,0.06,0.12,3.9281387,11.784416,4211.0,,39
2511305,2511249,38.86162,-90.80315,2.418923,0.6308839,0.06,0.12,4.0315385,12.094615,4425.0,,39
2930235,2930327,39.033924,-90.88404,1.4842836,0.7825737,0.06,0.12,2.473806,7.4214177,2131.0,,39
2930301,2932711,39.005035,-90.64196,1.6455345,0.7477646,0.06,0.12,2.7425575,8.227673,1576.0,,39
2930303,2932699,39.003708,-90.655594,1.7890759,0.7206769,0.06,0.12,2.9817932,8.945379,1369.0,,39
3600452,3600462,39.16402,-90.55389,1.803233,0.7181752,0.06,0.12,3.0053885,9.016165,2721.0,,39
2930295,2930321,39.008034,-90.8043,2.021691,0.6828421,0.06,0.12,3.3694854,10.108456,833.0,,39
3600444,3600462,39.172985,-90.564995,2.1458313,0.6651235,0.06,0.12,3.5763855,10.7291565,440.0,,39
880070,880046,38.787388,-90.90811,4.0099244,0.5047833,0.06,0.12,6.683207,20.049622,1478.0,,39
880722,880306,38.705334,-90.76809,1.4115229,0.800121,0.06,0.12,2.352538,7.0576143,384.0,,39
2930297,2930321,39.005238,-90.80697,2.845535,0.5872567,0.06,0.12,4.7425585,14.227675,458.0,,39
3600428,3601110,39.19448,-90.61808,3.0787904,0.5671953,0.06,0.12,5.131317,15.393952,1538.0,,39
2930249,2930753,39.015736,-90.66967,3.1836486,0.55887634,0.06,0.12,5.306081,15.918243,1531.0,,39
3601282,3601108,39.23139,-90.60736,3.4442315,0.53981125,0.06,0.12,5.740386,17.221157,106.0,,39
2930233,2930327,39.03703,-90.87638,4.6197915,0.47421873,0.055,0.11,7.6996527,30.0,2124.0,,39
880216,880200,38.736317,-90.761986,3.8494918,0.51395875,0.06,0.12,6.4158196,19.24746,656.0,,39
880042,880046,38.797653,-90.9242,6.011435,0.42220914,0.055,0.11,10.019058,30.057175,4650.0,,39
880212,880200,38.736702,-90.77217,7.003023,0.39470658,0.055,0.11,11.671705,35.015114,2895.0,,39
3600684,3600686,39.066803,-90.4483,7.110256,0.3920692,0.055,0.11,11.850427,35.55128,3654.0,,39
3600696,3600686,39.058056,-90.45966,5.973321,0.42339554,0.055,0.11,9.955535,50.0,501.0,,39
2938525,2931087,39.006268,-90.69515,9.53041,0.34453508,0.055,0.11,15.884017,50.0,1466.0,,39
5915993,5915525,39.184643,-90.57552,20.896952,0.2436716,0.05,0.1,34.828255,104.484764,883.0,,39
2511239,2511241,38.877254,-90.82463,22.57672,0.23550013,0.05,0.1,37.627865,112.88359,479.0,,39
3607092,3601106,39.249386,-90.60513,65.42809,0.14727262,0.045,0.09,109.04682,327.14047,160.0,,39
3601196,3601108,39.240017,-90.60621,2.0352497,0.68083143,0.06,0.12,3.3920827,10.176249,2014.0,,39
2930981,2930749,39.05813,-90.70243,113.94984,0.11529773,0.045,0.09,189.9164,569.7492,1229.0,,39
2930743,2930751,39.051094,-90.71308,0.8828209,0.9841792,0.06,0.12,1.4713681,4.4141045,424.0,,39
2938489,2930755,39.02722,-90.67841,4.0456657,0.50281096,0.055,0.11,6.7427764,30.0,1446.0,,39
2930745,2930751,39.05004,-90.715546,2.3620274,0.6375437,0.06,0.12,3.9367123,11.810137,537.0,,39
2930791,2930755,39.030468,-90.68556,1.983651,0.6885885,0.06,0.12,3.306085,9.918255,2388.0,,39
880136,880042,38.779613,-90.95119,2.903686,0.5820388,0.06,0.12,4.8394766,14.51843,6044.0,,40
880140,880070,38.772667,-90.92331,2.152423,0.6642241,0.06,0.12,3.5873713,10.762115,3257.0,,40
880430,880212,38.74773,-90.80946,2.9780567,0.5755809,0.06,0.12,4.963428,14.890284,6692.0,,40
2930267,2930295,39.01968,-90.80284,1.5442737,0.7690131,0.06,0.12,2.5737894,7.7213683,2068.0,,40
2930269,2930295,39.01878,-90.808655,1.5036649,0.77810746,0.06,0.12,2.506108,7.5183244,1940.0,,40
3600430,3600428,39.192028,-90.63137,1.4047592,0.8018184,0.06,0.12,2.3412652,7.0237956,1635.0,,40
3600438,3600444,39.17866,-90.56492,1.1005393,0.8929745,0.06,0.12,1.8342321,5.5026965,801.0,,40
3600958,3600444,39.180756,-90.561195,1.9749193,0.68993,0.06,0.12,3.2915323,9.874597,1746.0,,40
880106,880070,38.783527,-90.929665,3.6372347,0.5269815,0.06,0.12,6.062058,18.186174,2819.0,,40
880312,880722,38.704487,-90.770256,1.052542,0.91071594,0.06,0.12,1.7542367,5.26271,54.0,,40
2930245,2930249,39.026257,-90.65657,2.4025905,0.6327723,0.06,0.12,4.0043178,12.012953,2629.0,,40
2930283,2930297,39.007355,-90.810265,2.819157,0.5896746,0.06,0.12,4.698595,14.095785,293.0,,40
3600424,3600428,39.197395,-90.62992,2.729399,0.5981525,0.06,0.12,4.5489984,13.646995,788.0,,40
2930205,2930233,39.04677,-90.87721,2.6427963,0.6067222,0.06,0.12,4.4046607,13.213982,451.0,,40
2930247,2930249,39.01548,-90.65605,2.2490642,0.65147763,0.06,0.12,3.7484403,11.24532,873.0,,40
3600612,3600684,39.07696,-90.42997,3.0769904,0.5673417,0.06,0.12,5.1283174,15.384953,1040.0,,40
3600414,3601282,39.232983,-90.61823,3.443295,0.53987604,0.06,0.12,5.738825,17.216475,1947.0,,40
3600748,3600696,39.0462,-90.46758,2.9541662,0.57762986,0.06,0.12,4.92361,14.770831,2969.0,,40
3601104,3607092,39.24997,-90.60658,3.0744457,0.5675488,0.06,0.12,5.1240764,15.372229,185.0,,40
5915539,5915993,39.209377,-90.5666,4.626905,0.47389695,0.06,0.12,7.7115083,23.134525,5868.0,,40
2930207,2930233,39.053875,-90.88134,4.0773726,0.50108224,0.06,0.12,6.795621,20.386864,2518.0,,40
880700,880216,38.733612,-90.768,3.8205433,0.51567316,0.06,0.12,6.3675723,19.102716,958.0,,40
2938531,2938489,39.036503,-90.67787,3.7829504,0.51792777,0.055,0.11,6.3049173,30.0,664.0,,40
880024,880042,38.803932,-90.95663,5.4843936,0.43965125,0.055,0.11,9.1406555,30.0,2365.0,,40
880220,880212,38.73436,-90.803276,6.7512283,0.40113473,0.055,0.11,11.252048,33.75614,3586.0,,40
3600624,3600684,39.0748,-90.42238,6.7793713,0.40039924,0.055,0.11,11.298952,33.896854,2671.0,,40
3600694,3600696,39.055992,-90.45631,5.701513,0.43218473,0.055,0.11,9.5025215,50.0,498.0,,40
2930265,2938525,39.01576,-90.70733,9.519114,0.34471542,0.055,0.11,15.86519,50.0,1595.0,,40
2511231,2511239,38.87862,-90.82859,11.699481,0.3147346,0.055,0.11,19.499136,58.497406,334.0,,40
5915991,5915993,39.188152,-90.55863,20.811674,0.2441116,0.05,0.1,34.686123,104.058365,2376.0,,40
2511225,2511239,38.88596,-90.829025,21.407608,0.24108994,0.05,0.1,35.679348,107.03805,2614.0,,40
3601102,3607092,39.25509,-90.60783,65.425316,0.14727537,0.045,0.09,109.0422,327.1266,1208.0,,40
2931017,2930981,39.06617,-90.702156,113.949745,0.11529777,0.045,0.09,189.91624,569.7487,591.0,,40
2930789,2938489,39.040974,-90.683815,1.8461753,0.7107569,0.06,0.12,3.076959,9.230877,1813.0,,40
2930179,2930745,39.052055,-90.71808,2.325368,0.6419585,0.06,0.12,3.8756132,11.62684,157.0,,40
2930215,2930791,39.040543,-90.69183,1.3087281,0.8272623,0.06,0.12,2.1812136,6.5436406,115.0,,40
880146,880106,38.76901,-90.94996,1.7945234,0.7197109,0.06,0.12,2.9908724,8.972617,2176.0,,41
880442,880106,38.754692,-90.961075,3.0840726,0.5667665,0.06,0.12,5.140121,15.420363,6627.0,,41
880748,880312,38.704384,-90.771484,0.9162569,0.9681698,0.06,0.12,1.5270948,4.5812845,159.0,,41
2930143,2930207,39.06824,-90.872406,1.7256001,0.73225445,0.06,0.12,2.8760002,8.628,1905.0,,41
2930223,2930245,39.037,-90.64265,1.5996748,0.75714743,0.06,0.12,2.6661248,7.9983745,984.0,,41
2930239,2930265,39.038345,-90.719604,1.8801209,0.7050666,0.06,0.12,3.133535,9.400604,4028.0,,41
2930263,2930247,39.012634,-90.64268,1.4964002,0.77977175,0.06,0.12,2.4940004,7.4820013,1685.0,,41
2930281,2930283,39.018528,-90.820145,2.0050385,0.6853383,0.06,0.12,3.3417306,10.025192,3003.0,,41
2930285,2930283,39.01706,-90.83022,2.319698,0.64265025,0.06,0.12,3.8661635,11.598491,4753.0,,41
3600422,3600424,39.20384,-90.638535,2.052827,0.67825335,0.06,0.12,3.4213784,10.264134,1512.0,,41
3600426,3600424,39.197044,-90.64646,2.1694636,0.66191727,0.06,0.12,3.6157727,10.847318,2251.0,,41
3600582,3600612,39.08917,-90.43855,1.8997681,0.70184034,0.06,0.12,3.16628,9.49884,2627.0,,41
3600732,3600694,39.04535,-90.4505,1.6763892,0.7416612,0.06,0.12,2.793982,8.381946,2564.0,,41
3600816,3600748,39.019054,-90.47542,1.9829055,0.6887027,0.06,0.12,3.3048425,9.914528,3800.0,,41
880066,880024,38.79638,-90.97094,3.027816,0.5713884,0.06,0.12,5.04636,15.13908,2950.0,,41
880300,880220,38.724564,-90.831276,3.5572078,0.53217936,0.06,0.12,5.92868,17.78604,4759.0,,41
880704,880700,38.732376,-90.77484,1.5712771,0.76315427,0.06,0.12,2.6187954,7.8563857,349.0,,41
2511169,2511225,38.899174,-90.827995,2.1600287,0.66319126,0.06,0.12,3.6000478,10.800144,1021.0,,41
2930243,2930247,39.01753,-90.64569,1.6307676,0.75074434,0.06,0.12,2.717946,8.153838,1084.0,,41
2930989,2930205,39.048355,-90.875244,1.8118618,0.71666425,0.06,0.12,3.0197697,9.059309,64.0,,41
2930991,2930205,39.04807,-90.875244,2.279992,0.647564,0.06,0.12,3.7999868,11.3999605,18.0,,41
3600416,3600414,39.228397,-90.63759,2.5483193,0.6165451,0.06,0.12,4.247199,12.741596,2498.0,,41
3600580,3600612,39.087425,-90.42468,2.6635606,0.60463095,0.06,0.12,4.4392676,13.317803,1522.0,,41
3601100,3601102,39.26054,-90.610535,2.1532705,0.66410875,0.06,0.12,3.5887842,10.766353,125.0,,41
5915233,5915539,39.235332,-90.54863,2.7100132,0.6000365,0.06,0.12,4.516689,13.550066,2120.0,,41
5915585,5915991,39.18204,-90.545876,1.9451722,0.6945651,0.06,0.12,3.2419536,9.725861,1849.0,,41
3600408,3600414,39.237537,-90.636795,2.7125864,0.59978527,0.06,0.12,4.5209775,13.562932,1676.0,,41
3600600,3600624,39.080807,-90.409294,2.9511821,0.5778875,0.06,0.12,4.918637,14.755911,1449.0,,41
3600750,3600748,39.035652,-90.47769,1.9163759,0.69915044,0.06,0.12,3.1939597,9.58188,219.0,,41
3601194,3601104,39.249092,-90.60921,3.0693443,0.5679648,0.06,0.12,5.1155734,15.346721,343.0,,41
5915971,5915539,39.25586,-90.55119,3.595423,0.52967644,0.06,0.12,5.9923716,17.977114,5733.0,,41
2930145,2930207,39.072395,-90.88664,3.6492937,0.5262125,0.06,0.12,6.082156,18.24647,2170.0,,41
880702,880700,38.73297,-90.77546,3.6327116,0.52727085,0.06,0.12,6.0545197,18.163559,414.0,,41
2930793,2938531,39.043907,-90.67772,3.764774,0.51902944,0.055,0.11,6.2746234,30.0,980.0,,41
880014,880024,38.809727,-90.97344,4.9713516,0.4591201,0.055,0.11,8.285586,30.0,986.0,,41
880210,880220,38.739605,-90.81991,6.300912,0.413539,0.055,0.11,10.50152,31.50456,1874.0,,41
2511255,2511231,38.876564,-90.835976,6.6194973,0.40463716,0.055,0.11,11.0324955,33.097485,2201.0,,41
3600608,3600624,39.074062,-90.408264,6.4831934,0.40836853,0.055,0.11,10.805323,32.41597,531.0,,41
3600704,3600694,39.054626,-90.44595,5.6423664,0.4341776,0.055,0.11,9.403944,50.0,1468.0,,41
2930237,2930265,39.027565,-90.71338,9.470059,0.34550205,0.055,0.11,15.783432,50.0,1342.0,,41
2511425,2511231,38.882183,-90.837845,10.902139,0.32468984,0.055,0.11,18.17023,54.510693,2367.0,,41
5915503,5915991,39.189884,-90.54318,20.80258,0.24415869,0.05,0.1,34.670963,104.01289,400.0,,41
2511177,2511225,38.892265,-90.834755,21.395508,0.2411501,0.05,0.1,35.65918,106.97754,1522.0,,41
3601098,3601102,39.270367,-90.60722,65.423904,0.14727677,0.045,0.09,109.03984,327.11954,2387.0,,41
2930723,2931017,39.07069,-90.700424,113.94969,0.115297794,0.045,0.09,189.91615,569.7485,466.0,,41
2930983,2930789,39.049248,-90.69282,1.052542,0.91071594,0.06,0.12,1.7542367,5.26271,632.0,,41
2930211,2930215,39.044724,-90.694725,1.1105841,0.8894022,0.06,0.12,1.8509736,5.552921,1019.0,,41
2930741,2930179,39.052853,-90.715744,2.321713,0.64240414,0.06,0.12,3.8695219,11.608565,390.0,,41
2930209,2930215,39.043697,-90.69038,0.8620192,0.99458724,0.06,0.12,1.4366986,4.310096,701.0,,41
880108,880066,38.78099,-90.98457,1.749057,0.7279056,0.06,0.12,2.915095,8.745285,2089.0,,42
880130,880066,38.77196,-90.979126,2.1874819,0.6595063,0.06,0.12,3.645803,10.937408,3040.0,,42
880228,880210,38.73486,-90.83827,1.682908,0.7403924,0.06,0.12,2.8048468,8.41454,1933.0,,42
880270,880704,38.724144,-90.774345,1.5279514,0.77262664,0.06,0.12,2.5465856,7.6397567,1544.0,,42
880328,880300,38.70529,-90.86309,2.41757,0.6310396,0.06,0.12,4.0292835,12.087851,3072.0,,42
880330,880300,38.702408,-90.84758,2.0425506,0.6797567,0.06,0.12,3.4042509,10.212753,1835.0,,42
2511149,2511169,38.908707,-90.832054,2.0219305,0.68280643,0.06,0.12,3.3698843,10.1096525,3162.0,,42
2511171,2511177,38.896538,-90.84907,1.6426734,0.74833894,0.06,0.12,2.737789,8.2133665,2089.0,,42
2511215,2511425,38.89074,-90.850555,1.5932378,0.7584955,0.06,0.12,2.6553962,7.966189,1727.0,,42
2930115,2930145,39.08798,-90.89687,1.841882,0.71148735,0.06,0.12,3.0698032,9.20941,2324.0,,42
2930197,2930989,39.057602,-90.86997,1.8047265,0.717913,0.06,0.12,3.0078773,9.023632,2345.0,,42
2930199,2930991,39.050964,-90.86051,2.279992,0.647564,0.06,0.12,3.7999868,11.3999605,2775.0,,42
2930241,2930243,39.017376,-90.63753,1.2974967,0.83041394,0.06,0.12,2.1624944,6.4874835,585.0,,42
3600400,3601100,39.261574,-90.62356,2.1505132,0.66448426,0.06,0.12,3.5841887,10.752566,2199.0,,42
3600412,3600408,39.236214,-90.6534,1.4768323,0.7843132,0.06,0.12,2.4613872,7.3841615,1581.0,,42
3600420,3600416,39.219715,-90.65022,1.7796178,0.7223642,0.06,0.12,2.9660296,8.898089,1165.0,,42
3600548,3600580,39.102974,-90.42212,1.9955059,0.68678075,0.06,0.12,3.3258433,9.97753,2582.0,,42
3600550,3600580,39.097767,-90.43278,1.7104952,0.73510027,0.06,0.12,2.8508253,8.552476,1756.0,,42
5915215,5915233,39.23579,-90.52182,2.3204312,0.64256066,0.06,0.12,3.8673854,11.602156,2881.0,,42
5915607,5915585,39.17218,-90.54642,1.4356455,0.7941617,0.06,0.12,2.3927424,7.1782274,633.0,,42
880086,880014,38.792953,-90.987,2.4794695,0.6240403,0.06,0.12,4.132449,12.397347,4289.0,,42
3600406,3600408,39.240993,-90.65039,2.1806812,0.6604129,0.06,0.12,3.6344688,10.903406,919.0,,42
3600572,3600600,39.092648,-90.402435,2.7632172,0.5949117,0.06,0.12,4.6053624,13.816087,1848.0,,42
3600950,3601194,39.25182,-90.63212,3.0575905,0.568927,0.06,0.12,5.095984,15.287952,3869.0,,42
3601126,3600750,39.03468,-90.47958,1.8981458,0.70210487,0.06,0.12,3.1635764,9.490729,177.0,,42
5916035,5915971,39.253788,-90.520546,2.6863613,0.6023615,0.06,0.12,4.477269,13.4318075,470.0,,42
2930113,2930145,39.083935,-90.886,3.122524,0.5636768,0.06,0.12,5.204207,15.61262,723.0,,42
3600606,3600608,39.08113,-90.39624,3.3534043,0.5462135,0.06,0.12,5.5890074,16.767021,2512.0,,42
2511265,2511255,38.866314,-90.83341,3.641976,0.5266787,0.06,0.12,6.06996,18.20988,538.0,,42
2930229,2930237,39.03781,-90.71602,1.5095967,0.77675706,0.06,0.12,2.5159945,7.5479836,1084.0,,42
3601096,3601098,39.28163,-90.60694,3.619618,0.52811146,0.06,0.12,6.0326962,18.09809,162.0,,42
5915501,5915503,39.190983,-90.538574,3.9443245,0.50847,0.06,0.12,6.573874,19.721622,580.0,,42
880260,880702,38.72325,-90.788765,3.6073651,0.5289021,0.06,0.12,6.012275,18.036827,2951.0,,42
2930193,2930793,39.048367,-90.67706,3.5793788,0.53072256,0.055,0.11,5.9656315,30.0,137.0,,42
880010,880014,38.81193,-90.98543,4.6699944,0.47196287,0.055,0.11,7.783324,30.0,1281.0,,42
880202,880210,38.741405,-90.836006,6.1974177,0.41657165,0.055,0.11,10.32903,30.98709,1611.0,,42
3600762,3600704,39.039566,-90.44843,3.5930722,0.52982926,0.055,0.11,5.988454,30.0,2911.0,,42
2511433,2511255,38.86706,-90.84845,6.175983,0.41720885,0.055,0.11,10.293305,30.879915,2987.0,,42
3600622,3600608,39.073154,-90.4049,6.144789,0.41814193,0.055,0.11,10.241316,30.723948,139.0,,42
3600714,3600704,39.048172,-90.43931,4.986793,0.45849234,0.055,0.11,8.311322,30.0,311.0,,42
2930231,2930237,39.043427,-90.71988,9.450004,0.34582534,0.055,0.11,15.750006,50.0,2517.0,,42
2511423,2511425,38.884304,-90.85493,10.874817,0.3250495,0.055,0.11,18.124695,54.374084,1414.0,,42
5915513,5915503,39.187496,-90.53307,20.748672,0.24443834,0.05,0.1,34.58112,103.74336,1399.0,,42
2511165,2511177,38.89914,-90.83406,21.388575,0.24118458,0.05,0.1,35.647625,106.94287,1649.0,,42
3601094,3601098,39.28878,-90.60268,65.41902,0.14728162,0.045,0.09,109.0317,327.0951,1906.0,,42
2938485,2930723,39.07434,-90.69806,113.94966,0.11529781,0.045,0.09,189.9161,569.7483,458.0,,42
2930805,2930983,39.051388,-90.69855,0.7824522,1.0380024,0.06,0.12,1.304087,3.9122612,546.0,,42
2930739,2930741,39.05486,-90.71333,2.2958102,0.6455918,0.06,0.12,3.8263502,11.479051,426.0,,42
2930985,2930211,39.049583,-90.69606,1.464,0.78733873,0.06,0.12,2.44,7.32,89.0,,42
2930987,2930209,39.046963,-90.690346,1.464,0.78733873,0.06,0.12,2.44,7.32,52.0,,42
881300,880086,38.77762,-91.00243,1.0981958,0.8938147,0.06,0.12,1.8303263,5.490979,563.0,,43
2511139,2511165,38.918583,-90.83608,1.8916299,0.70317084,0.06,0.12,3.1527164,9.458149,3336.0,,43
2511235,2511423,38.880886,-90.86893,1.4799093,0.78359336,0.06,0.12,2.4665155,7.399546,1562.0,,43
2511261,2511433,38.871803,-90.88505,2.4347103,0.6290758,0.06,0.12,4.0578504,12.173552,4177.0,,43
2511295,2511265,38.856308,-90.838936,2.1041014,0.6709112,0.06,0.12,3.5068357,10.520507,2360.0,,43
2930087,2930113,39.097298,-90.89373,1.7866443,0.72110945,0.06,0.12,2.9777405,8.933222,2821.0,,43
3600402,3600950,39.26124,-90.661316,2.1964858,0.65831226,0.06,0.12,3.6608095,10.982429,1771.0,,43
3600404,3600406,39.24533,-90.66105,1.5381922,0.770353,0.06,0.12,2.5636537,7.690961,1318.0,,43
3600410,3600406,39.24015,-90.66203,1.3770504,0.80889666,0.06,0.12,2.295084,6.885252,1338.0,,43
3600528,3600572,39.107433,-90.400925,1.832947,0.7130154,0.06,0.12,3.0549116,9.164735,1969.0,,43
3600530,3600572,39.104916,-90.41382,1.751907,0.72738296,0.06,0.12,2.9198449,8.759535,2046.0,,43
3600562,3600606,39.099136,-90.39385,1.7780831,0.72263914,0.06,0.12,2.963472,8.890415,2264.0,,43
3600712,3600714,39.052444,-90.430336,1.4585547,0.7886342,0.06,0.12,2.4309247,7.2927737,1989.0,,43
3600806,3601126,39.02176,-90.48589,1.8701462,0.7067232,0.06,0.12,3.1169102,9.350731,3067.0,,43
5915477,5915501,39.205162,-90.53987,2.0004053,0.68603814,0.06,0.12,3.334009,10.0020275,3053.0,,43
5915975,5916035,39.2531,-90.50188,2.5290842,0.6186094,0.06,0.12,4.2151403,12.645422,3276.0,,43
880044,880010,38.802425,-90.995995,2.3832595,0.6350316,0.06,0.12,3.9720993,11.916298,2698.0,,43
2930085,2930113,39.089653,-90.8847,2.7529986,0.5958849,0.06,0.12,4.5883307,13.764993,828.0,,43
3600560,3600606,39.09361,-90.38518,2.9435809,0.5785454,0.06,0.12,4.9059677,14.717904,1501.0,,43
3600632,3600622,39.0721,-90.404854,2.650319,0.6059618,0.06,0.12,4.4171987,13.251596,118.0,,43
880272,880260,38.718945,-90.804855,1.5238174,0.7735506,0.06,0.12,2.5396957,7.619087,374.0,,43
2511307,2511265,38.85545,-90.8271,3.348197,0.5465881,0.06,0.12,5.580328,16.740984,2335.0,,43
2930747,2930229,39.04313,-90.717865,1.3750294,0.809421,0.06,0.12,2.2917159,6.8751473,161.0,,43
3600386,3601096,39.27999,-90.61958,3.6172202,0.5282659,0.06,0.12,6.0287004,18.086102,2441.0,,43
3601092,3601094,39.296974,-90.605515,2.7740111,0.59388936,0.06,0.12,4.623352,13.870055,179.0,,43
5915617,5915513,39.177387,-90.52874,3.3827388,0.5441187,0.06,0.12,5.637898,16.913694,2924.0,,43
2930185,2930193,39.050373,-90.67406,2.4078882,0.6321578,0.06,0.12,4.013147,12.039441,760.0,,43
5915479,5915501,39.195168,-90.53395,3.7330046,0.52097356,0.06,0.12,6.2216744,18.665024,762.0,,43
880266,880260,38.7186,-90.80776,2.6435077,0.6066502,0.06,0.12,4.4058466,13.217539,849.0,,43
2930187,2930193,39.053654,-90.67504,3.1495812,0.56153524,0.06,0.12,5.249302,15.747907,1516.0,,43
880006,880010,38.815002,-90.99619,4.2955713,0.4896892,0.055,0.11,7.159285,30.0,783.0,,43
880432,880202,38.751343,-90.84612,4.2750196,0.49072638,0.06,0.12,7.1250324,21.375097,2256.0,,43
880190,880202,38.744724,-90.83914,5.3378253,0.4449369,0.055,0.11,8.896376,30.0,288.0,,43
3600770,3600762,39.025547,-90.45705,2.4739804,0.6246508,0.06,0.12,4.123301,12.369903,684.0,,43
3600772,3600762,39.02494,-90.4512,2.675703,0.6034189,0.06,0.12,4.459505,13.378515,1090.0,,43
2511275,2511433,38.86705,-90.866714,5.93615,0.42456317,0.055,0.11,9.893583,30.0,1664.0,,43
3600964,3600622,39.072285,-90.392456,5.962604,0.42373112,0.055,0.11,9.937674,30.0,2160.0,,43
2930171,2930231,39.053574,-90.73216,6.0068407,0.42235157,0.055,0.11,10.011401,30.034204,1723.0,,43
3600720,3600714,39.045506,-90.4339,4.9362106,0.46055922,0.055,0.11,8.227017,30.0,793.0,,43
2930161,2930231,39.057663,-90.72197,8.46985,0.36294225,0.055,0.11,14.116416,50.0,1037.0,,43
2511219,2511423,38.887733,-90.86407,10.849987,0.32537746,0.055,0.11,18.083311,54.24993,1311.0,,43
5915997,5915513,39.18343,-90.505135,20.71195,0.24462944,0.05,0.1,34.519917,103.55975,4115.0,,43
2511141,2511165,38.9095,-90.84417,21.380615,0.24122418,0.05,0.1,35.634357,106.903076,1416.0,,43
3601090,3601094,39.299416,-90.605965,65.416534,0.14728409,0.045,0.09,109.02755,327.08267,597.0,,43
2930719,2938485,39.078133,-90.694,113.94962,0.115297824,0.045,0.09,189.91605,569.7481,637.0,,43
2930799,2930739,39.060093,-90.70805,1.1972947,0.86038727,0.06,0.12,1.9954913,5.9864736,1161.0,,43
2930797,2930739,39.062477,-90.71425,2.1316652,0.66707,0.06,0.12,3.5527754,10.658326,1388.0,,43
878202,3600770,39.012222,-90.461075,1.8673569,0.7071887,0.06,0.12,3.1122615,9.336784,2671.0,,44
880158,880432,38.76303,-90.856544,1.7777759,0.7226942,0.06,0.12,2.9629598,8.88888,1730.0,,44
880242,880190,38.734676,-90.850914,1.8957075,0.70250314,0.06,0.12,3.1595125,9.478538,3016.0,,44
880324,880266,38.71038,-90.81963,1.8994979,0.7018844,0.06,0.12,3.16583,9.49749,2603.0,,44
881296,880044,38.7871,-91.006744,1.7317648,0.7311033,0.06,0.12,2.8862746,8.658824,1713.0,,44
2511193,2511219,38.893467,-90.875656,1.7706807,0.7239704,0.06,0.12,2.9511344,8.853404,1613.0,,44
2511329,2511307,38.839554,-90.83736,1.9337535,0.69637156,0.06,0.12,3.2229226,9.668767,3010.0,,44
2930069,2930085,39.104538,-90.869286,2.1284199,0.66751844,0.06,0.12,3.5473666,10.6421,3811.0,,44
2930071,2930085,39.107235,-90.88147,2.0853288,0.6735691,0.06,0.12,3.475548,10.426644,3325.0,,44
2930151,2930187,39.06634,-90.66178,1.6994975,0.73719513,0.06,0.12,2.8324957,8.497487,2368.0,,44
2930217,2930185,39.04372,-90.66795,1.3800712,0.8081151,0.06,0.12,2.3001184,6.900356,1508.0,,44
3600388,3600386,39.28409,-90.63747,1.6455345,0.7477646,0.06,0.12,2.7425575,8.227673,1818.0,,44
3600532,3600560,39.104675,-90.36918,1.862035,0.70807976,0.06,0.12,3.103392,9.310176,2426.0,,44
3600534,3600560,39.10855,-90.37996,2.4570417,0.626547,0.06,0.12,4.09507,12.28521,2290.0,,44
3600678,3600632,39.065975,-90.4107,1.6607503,0.74473435,0.06,0.12,2.7679172,8.303751,1892.0,,44
3600700,3600632,39.064926,-90.393814,2.3972704,0.6333915,0.06,0.12,3.9954505,11.986352,2968.0,,44
3600718,3600720,39.04921,-90.422676,1.8698676,0.70676965,0.06,0.12,3.116446,9.349338,1993.0,,44
880714,880272,38.716125,-90.80597,1.4955411,0.77996933,0.06,0.12,2.4925685,7.4777055,304.0,,44
2511125,2511141,38.91295,-90.852715,2.6490448,0.6060904,0.06,0.12,4.4150743,13.245223,800.0,,44
2511315,2511307,38.843884,-90.822105,2.746145,0.5965406,0.06,0.12,4.576908,13.730725,751.0,,44
2930203,2930747,39.05268,-90.72098,1.259624,0.84133804,0.06,0.12,2.0993733,6.29812,2210.0,,44
3600368,3601092,39.29575,-90.62601,2.7689495,0.59436804,0.06,0.12,4.614916,13.844748,3597.0,,44
3600390,3600386,39.278187,-90.64726,3.0805883,0.56704926,0.06,0.12,5.134314,15.402942,3064.0,,44
5915449,5915479,39.199986,-90.52108,2.5340354,0.6180759,0.06,0.12,4.2233925,12.670177,1835.0,,44
5915669,5915617,39.160618,-90.53293,2.1462576,0.66506517,0.06,0.12,3.5770962,10.731289,1392.0,,44
5915675,5915617,39.161686,-90.52134,2.5275333,0.61877686,0.06,0.12,4.2125554,12.637666,2039.0,,44
2930191,2930185,39.049496,-90.666885,2.147749,0.66486144,0.06,0.12,3.5795817,10.738745,568.0,,44
3600636,3600964,39.074146,-90.377045,3.3356524,0.54749405,0.06,0.12,5.5594206,16.678263,1086.0,,44
3600788,3600772,39.019108,-90.447,1.8814982,0.7048389,0.06,0.12,3.1358304,9.407491,887.0,,44
5915451,5915479,39.20608,-90.52949,3.2411401,0.5544809,0.06,0.12,5.4019003,16.205702,2389.0,,44
880290,880266,38.718212,-90.820915,2.1742551,0.6612733,0.06,0.12,3.6237588,10.871276,1717.0,,44
2511291,2511275,38.857018,-90.86945,4.5366635,0.47803283,0.06,0.12,7.5611057,22.683317,747.0,,44
2930157,2930187,39.05861,-90.66527,2.885915,0.5836173,0.06,0.12,4.8098583,14.429575,618.0,,44
2930169,2930171,39.053658,-90.742096,2.9291954,0.57979715,0.06,0.12,4.8819923,14.645977,187.0,,44
880180,880432,38.75476,-90.86559,3.9772904,0.50660634,0.06,0.12,6.6288176,19.886452,3278.0,,44
881280,880006,38.816257,-91.00384,4.240789,0.49246997,0.055,0.11,7.0679817,30.0,728.0,,44
880222,880190,38.741665,-90.85835,5.2458224,0.4483629,0.055,0.11,8.743037,30.0,3972.0,,44
3600786,3600770,39.02049,-90.463066,1.9585015,0.6924756,0.06,0.12,3.2641692,9.792507,1067.0,,44
3600804,3600772,39.015926,-90.440475,2.0945325,0.6722617,0.06,0.12,3.4908874,10.472662,2156.0,,44
2511279,2511275,38.85915,-90.87247,4.7508783,0.46840093,0.06,0.12,7.9181304,23.75439,522.0,,44
3600642,3600964,39.069946,-90.38059,5.4870143,0.4395586,0.055,0.11,9.145023,30.0,222.0,,44
2930473,2930171,39.038177,-90.75457,5.6896505,0.43258202,0.055,0.11,9.482751,30.0,4401.0,,44
3600724,3600720,39.04334,-90.42927,4.7846994,0.4669373,0.055,0.11,7.974499,30.0,215.0,,44
3601086,3601090,39.30285,-90.60705,6.244825,0.4151735,0.055,0.11,10.408041,31.224125,233.0,,44
2930737,2930161,39.064186,-90.72096,8.466212,0.36301103,0.055,0.11,14.110353,50.0,437.0,,44
2511209,2511219,38.88755,-90.88281,10.818423,0.32579592,0.055,0.11,18.030706,54.092117,2153.0,,44
5915999,5915997,39.165134,-90.49256,1.5267134,0.77290297,0.06,0.12,2.5445223,7.6335673,2339.0,,44
5916001,5915997,39.161366,-90.499245,20.68638,0.2447628,0.05,0.1,34.4773,103.4319,679.0,,44
2511115,2511141,38.914043,-90.84411,21.361435,0.24131972,0.05,0.1,35.602394,106.807175,1061.0,,44
3601088,3601090,39.307407,-90.61023,65.3942,0.14730628,0.045,0.09,108.99034,326.971,1365.0,,44
2930807,2930797,39.068306,-90.71111,1.0343891,0.9177328,0.06,0.12,1.7239819,5.1719456,89.0,,44
2938477,2930719,39.080418,-90.69066,113.949585,0.11529785,0.045,0.09,189.91597,569.7479,140.0,,44
2930801,2930797,39.070473,-90.708595,1.8709813,0.70658404,0.06,0.12,3.118302,9.354906,670.0,,44
880280,880222,38.72446,-90.8763,1.8891752,0.70357376,0.06,0.12,3.1486251,9.445875,2192.0,,45
880318,880714,38.709194,-90.80818,1.3735099,0.80981594,0.06,0.12,2.2891831,6.86755,1404.0,,45
880434,880180,38.75409,-90.89345,1.87376,0.70612156,0.06,0.12,3.1229334,9.3688,2514.0,,45
2511127,2511125,38.91763,-90.86899,2.0238438,0.6825216,0.06,0.12,3.3730729,10.119219,2848.0,,45
2511133,2511125,38.907486,-90.86831,2.0500343,0.6786608,0.06,0.12,3.4167237,10.250171,2528.0,,45
2511205,2511209,38.893436,-90.90015,1.6736296,0.74220043,0.06,0.12,2.7893827,8.368148,1996.0,,45
2511281,2511279,38.86166,-90.88296,1.5057886,0.7776231,0.06,0.12,2.5096476,7.528943,1646.0,,45
2511325,2511315,38.835182,-90.81688,1.8091924,0.71713054,0.06,0.12,3.0153208,9.045962,1726.0,,45
2511331,2511315,38.83262,-90.82285,2.1629727,0.66279286,0.06,0.12,3.6049542,10.814863,2069.0,,45
2511349,2511291,38.83008,-90.84822,3.4122813,0.5420354,0.06,0.12,5.687135,17.061405,7065.0,,45
2930213,2930191,39.04127,-90.65575,1.7177515,0.73372865,0.06,0.12,2.862919,8.5887575,2382.0,,45
2930225,2930473,39.0451,-90.77401,1.7170943,0.73385257,0.06,0.12,2.8618238,8.585471,2358.0,,45
2930469,2930169,39.066284,-90.7458,2.3121576,0.64357406,0.06,0.12,3.8535962,11.560788,2817.0,,45
2931039,2930203,39.063393,-90.718666,0.6298944,1.142228,0.06,0.12,1.049824,3.149472,231.0,,45
3600372,3600368,39.294296,-90.656265,1.7433299,0.7289596,0.06,0.12,2.9055498,8.716649,1773.0,,45
3600398,3600390,39.27575,-90.6714,1.9888544,0.68779314,0.06,0.12,3.3147573,9.944272,1615.0,,45
3600590,3600636,39.08032,-90.36283,1.855553,0.7091699,0.06,0.12,3.0925884,9.277765,2010.0,,45
3600708,3600642,39.059002,-90.376236,2.2017727,0.65761435,0.06,0.12,3.6696212,11.008863,2792.0,,45
5915343,5915451,39.219654,-90.53533,1.8790177,0.7052492,0.06,0.12,3.1316962,9.395088,1776.0,,45
5915709,5915669,39.150127,-90.53235,1.8667982,0.7072821,0.06,0.12,3.1113303,9.333991,1171.0,,45
5915733,5915675,39.144344,-90.52067,1.7734636,0.72346896,0.06,0.12,2.9557729,8.867318,1948.0,,45
5915985,5915449,39.212357,-90.501686,2.1094058,0.6701664,0.06,0.12,3.515676,10.547029,2861.0,,45
2930189,2930157,39.052147,-90.6554,1.9531398,0.69331366,0.06,0.12,3.2552328,9.765698,1710.0,,45
2930201,2930191,39.04564,-90.6652,1.5341117,0.7712563,0.06,0.12,2.5568528,7.6705585,643.0,,45
3600588,3600636,39.09235,-90.36016,2.9627414,0.57689166,0.06,0.12,4.9379025,14.813707,4097.0,,45
3601138,3600788,39.015007,-90.44805,1.772846,0.7235802,0.06,0.12,2.9547431,8.86423,137.0,,45
5915341,5915451,39.22061,-90.51517,2.7244434,0.5986323,0.06,0.12,4.540739,13.622217,2518.0,,45
880718,880290,38.71235,-90.8268,1.565398,0.7644174,0.06,0.12,2.6089966,7.82699,273.0,,45
881282,881280,38.816116,-91.00983,2.9682045,0.576423,0.06,0.12,4.9470077,14.8410225,426.0,,45
2511317,2511291,38.84777,-90.87617,3.6401422,0.52679574,0.06,0.12,6.0669036,18.20071,2969.0,,45
2930155,2930157,39.056984,-90.66092,2.4797916,0.62400454,0.06,0.12,4.132986,12.398958,307.0,,45
2930471,2930169,39.059067,-90.75603,2.3099418,0.64384633,0.06,0.12,3.8499029,11.549708,2840.0,,45
880156,880180,38.759403,-90.882744,3.5011919,0.5359191,0.06,0.12,5.83532,17.50596,493.0,,45
881278,881280,38.82066,-91.015366,3.5520039,0.5325232,0.06,0.12,5.9200063,17.76002,1677.0,,45
3600742,3600724,39.0394,-90.43065,1.8017372,0.7184382,0.06,0.12,3.0028954,9.008686,980.0,,45
880234,880222,38.732796,-90.88366,4.892795,0.46235773,0.055,0.11,8.154658,30.0,1744.0,,45
3601136,3600786,39.016487,-90.46748,1.7984378,0.71901935,0.06,0.12,2.9973965,8.992189,212.0,,45
3601290,3600804,39.00825,-90.43983,1.6880201,0.7394023,0.06,0.12,2.813367,8.440101,110.0,,45
5915663,5916001,39.15609,-90.492905,3.9979782,0.50544816,0.06,0.12,6.663297,19.989891,994.0,,45
2511299,2511279,38.85133,-90.886024,4.678135,0.47160035,0.06,0.12,7.796891,23.390675,2419.0,,45
3600660,3600642,39.067657,-90.371086,5.353128,0.4443753,0.055,0.11,8.92188,30.0,2049.0,,45
2930183,2930473,39.051853,-90.767815,5.4227962,0.44184753,0.055,0.11,9.037993,30.0,795.0,,45
3601080,3601088,39.313965,-90.6105,4.732849,0.46918726,0.055,0.11,7.888082,30.0,198.0,,45
2930731,2930737,39.066303,-90.72119,3.2729213,0.55209905,0.06,0.12,5.4548693,16.364607,64.0,,45
3600734,3600724,39.041718,-90.42379,4.688494,0.47114035,0.055,0.11,7.814157,30.0,1090.0,,45
937130077,3601086,39.306114,-90.59971,6.2433496,0.41521677,0.055,0.11,10.405582,31.21675,1235.0,,45
937110082,2930737,39.07277,-90.7297,8.284118,0.36650997,0.055,0.11,13.806863,50.0,2199.0,,45
2511421,2511209,38.886368,-90.89808,10.750722,0.32669947,0.055,0.11,17.91787,53.75361,870.0,,45
5915637,5916001,39.16133,-90.491394,20.627838,0.24506901,0.05,0.1,34.37973,103.13919,838.0,,45
2511113,2511115,38.922096,-90.85446,21.31294,0.2415618,0.05,0.1,35.52157,106.5647,1490.0,,45
2511111,2511115,38.92147,-90.84583,3.8477764,0.51405984,0.06,0.12,6.4129605,19.238882,1295.0,,45
3601082,3601088,39.316635,-90.61207,65.38407,0.14731635,0.045,0.09,108.97346,326.92038,703.0,,45
2930727,2930807,39.06895,-90.71127,0.45616964,1.3169822,0.06,0.12,0.76028275,2.2808483,82.0,,45
2930729,2930807,39.06901,-90.71181,0.99610186,0.9331314,0.06,0.12,1.6601698,4.9805093,108.0,,45
2930715,2938477,39.084553,-90.69079,1.9984484,0.68633443,0.06,0.12,3.3307474,9.992242,877.0,,45
2930713,2938477,39.08418,-90.68599,113.94931,0.115297966,0.045,0.09,189.91553,569.7466,1023.0,,45
2930725,2930801,39.072254,-90.704796,0.9184769,0.96713674,0.06,0.12,1.5307947,4.5923843,341.0,,45
2930979,2930801,39.074593,-90.70581,1.7210301,0.7331117,0.06,0.12,2.8683836,8.605151,391.0,,45
880236,880234,38.738018,-90.90715,2.0623136,0.6768751,0.06,0.12,3.4371893,10.311568,3477.0,,46
880436,880156,38.753178,-90.90126,1.9671224,0.6911351,0.06,0.12,3.2785375,9.835612,3526.0,,46
881274,881278,38.828213,-91.029594,1.6805121,0.7408579,0.06,0.12,2.8008535,8.40256,1614.0,,46
881290,881282,38.810783,-91.02374,1.7058463,0.73598343,0.06,0.12,2.8430772,8.529232,2663.0,,46
2511237,2511421,38.885834,-90.90798,1.7190644,0.7334814,0.06,0.12,2.8651073,8.595322,1651.0,,46
2511333,2511317,38.833622,-90.8719,1.7515907,0.7274409,0.06,0.12,2.919318,8.757954,1970.0,,46
2930159,2930155,39.056915,-90.646034,1.8595039,0.7085048,0.06,0.12,3.099173,9.29752,2666.0,,46
2930195,2930189,39.047157,-90.642166,1.6852974,0.7399291,0.06,0.12,2.808829,8.426487,1064.0,,46
2930219,2930183,39.047943,-90.78033,1.7021763,0.7366831,0.06,0.12,2.8369606,8.510881,1985.0,,46
2930221,2930201,39.038265,-90.66105,1.4416701,0.7926958,0.06,0.12,2.4027834,7.20835,1335.0,,46
3600518,3600588,39.107098,-90.338165,2.0678277,0.6760782,0.06,0.12,3.4463794,10.339139,1761.0,,46
3600768,3600734,39.02922,-90.42137,1.8118618,0.71666425,0.06,0.12,3.0197697,9.059309,2415.0,,46
3600812,3601138,39.009647,-90.450035,1.6116573,0.75465876,0.06,0.12,2.6860952,8.058286,1389.0,,46
5915643,5915637,39.162846,-90.47977,1.5100187,0.7766613,0.06,0.12,2.516698,7.5500937,1842.0,,46
5915723,5915663,39.1473,-90.478355,1.8779132,0.7054322,0.06,0.12,3.1298554,9.389565,2711.0,,46
5915977,5915341,39.23353,-90.497986,1.9384406,0.6956282,0.06,0.12,3.2307343,9.692203,1911.0,,46
880730,880718,38.711124,-90.827034,1.4710846,0.78566366,0.06,0.12,2.4518077,7.355423,5.0,,46
881284,881282,38.813923,-91.01238,2.7377968,0.5973424,0.06,0.12,4.562995,13.688984,237.0,,46
2511337,2511317,38.829132,-90.88459,3.3253865,0.54823905,0.06,0.12,5.5423107,16.626932,2261.0,,46
2511405,2511111,38.93926,-90.830414,2.9573734,0.5773534,0.06,0.12,4.9289556,14.786866,5235.0,,46
2930153,2930155,39.058327,-90.657074,2.0281355,0.681884,0.06,0.12,3.380226,10.140677,459.0,,46
2930735,2930471,39.068035,-90.76789,1.2837648,0.8343211,0.06,0.12,2.1396081,6.4188247,293.0,,46
880148,880156,38.760616,-90.88622,3.164799,0.56034243,0.06,0.12,5.2746654,15.823996,198.0,,46
880244,880234,38.7271,-90.891014,2.0774093,0.67470074,0.06,0.12,3.4623487,10.387046,470.0,,46
881276,881278,38.82423,-91.024635,3.2581966,0.55319846,0.06,0.12,5.430328,16.290983,329.0,,46
2511343,2511299,38.83828,-90.908394,3.06273,0.5685056,0.06,0.12,5.1045504,15.313651,5485.0,,46
3600710,3600660,39.055283,-90.36619,3.8444786,0.51425433,0.06,0.12,6.4074645,19.222393,2110.0,,46
3601122,3600742,39.03473,-90.43281,1.6260308,0.7517084,0.06,0.12,2.7100513,8.130154,286.0,,46
880246,880234,38.726715,-90.90013,4.404941,0.48428747,0.055,0.11,7.341568,30.0,1636.0,,46
3600814,3601136,39.01101,-90.470345,1.746198,0.72843117,0.06,0.12,2.91033,8.73099,1537.0,,46
3601294,3601290,39.00825,-90.439156,1.6863195,0.7397312,0.06,0.12,2.8105323,8.431597,6.0,,46
5915701,5915663,39.15006,-90.486946,3.762983,0.5191384,0.06,0.12,6.2716384,18.814915,1035.0,,46
2511293,2511299,38.853546,-90.90083,3.9739404,0.50679475,0.06,0.12,6.623234,19.869701,421.0,,46
3600666,3600660,39.064236,-90.360435,4.4388466,0.482652,0.055,0.11,7.3980775,30.0,852.0,,46
937110057,937110082,39.082275,-90.7362,2.9191375,0.5806776,0.06,0.12,4.865229,14.595687,135.0,,46
2930175,2930183,39.05364,-90.77499,5.308579,0.44601667,0.055,0.11,8.847632,30.0,521.0,,46
3600334,3601080,39.3144,-90.60197,4.7299542,0.46931395,0.055,0.11,7.883257,30.0,1305.0,,46
3601078,3601082,39.3201,-90.6136,3.8519592,0.51381344,0.06,0.12,6.4199324,19.259796,184.0,,46
937130076,937130077,39.307922,-90.58107,5.3794365,0.4434152,0.055,0.11,8.965728,30.0,2217.0,,46
2930141,2930731,39.069366,-90.71992,3.2722635,0.55214804,0.06,0.12,5.4537725,16.361317,699.0,,46
3600744,3600734,39.03815,-90.41578,4.5475082,0.4775296,0.055,0.11,7.5791802,30.0,1431.0,,46
937130050,937130077,39.30834,-90.59275,4.3606358,0.48645213,0.06,0.12,7.2677264,21.803179,128.0,,46
937110083,937110082,39.08221,-90.73586,8.124327,0.36967295,0.055,0.11,13.5405445,50.0,111.0,,46
2511199,2511421,38.890617,-90.90466,10.729712,0.32698157,0.055,0.11,17.882853,53.648556,969.0,,46
5915623,5915637,39.169582,-90.486404,20.623066,0.24509403,0.05,0.1,34.371777,103.115326,1267.0,,46
2511091,2511113,38.93087,-90.86665,21.309248,0.24158028,0.05,0.1,35.51541,106.546234,2252.0,,46
2511081,2511111,38.927303,-90.85328,3.0153048,0.5724332,0.06,0.12,5.025508,15.076525,1168.0,,46
3601076,3601082,39.32655,-90.61339,65.37849,0.1473219,0.045,0.09,108.96414,326.89243,1515.0,,46
2930133,2930729,39.070927,-90.71125,0.9688985,0.94460046,0.06,0.12,1.6148307,4.8444924,379.0,,46
2930135,2930727,39.070786,-90.710205,0.4287506,1.3534963,0.06,0.12,0.71458435,2.143753,378.0,,46
2930977,2930979,39.07654,-90.7056,0.62525564,1.1459589,0.06,0.12,1.0420927,3.1262782,85.0,,46
2938471,2930715,39.09246,-90.691124,1.9184985,0.698809,0.06,0.12,3.1974976,9.592493,905.0,,46
2930707,2930713,39.08882,-90.677345,2.2198863,0.6552416,0.06,0.12,3.6998105,11.099432,880.0,,46
2930709,2930713,39.088615,-90.68154,113.94797,0.11529857,0.045,0.09,189.91328,569.7398,253.0,,46
2930803,2930725,39.072372,-90.70123,0.57466054,1.1894234,0.06,0.12,0.95776755,2.8733027,290.0,,46
2930969,2930979,39.078564,-90.70341,1.6501634,0.7468385,0.06,0.12,2.7502723,8.250816,608.0,,46
880142,880148,38.76651,-90.89388,1.5117043,0.7762791,0.06,0.12,2.5195072,7.5585217,1934.0,,47
880320,880730,38.70604,-90.83095,1.4710846,0.78566366,0.06,0.12,2.4518077,7.355423,1306.0,,47
881292,881276,38.81228,-91.03182,1.9342754,0.69628865,0.06,0.12,3.2237923,9.671377,2942.0,,47
881294,881284,38.80641,-91.02292,1.8825986,0.7046571,0.06,0.12,3.1376643,9.412993,2577.0,,47
881298,881284,38.79684,-91.01631,2.3740048,0.6361226,0.06,0.12,3.9566748,11.870025,4185.0,,47
2511187,2511199,38.898403,-90.91096,1.6907343,0.7388784,0.06,0.12,2.8178904,8.453671,1796.0,,47
2511301,2511293,38.856903,-90.921974,2.1566548,0.6636488,0.06,0.12,3.5944247,10.783274,3612.0,,47
2511345,2511337,38.81892,-90.90733,2.332463,0.64109623,0.06,0.12,3.8874385,11.662315,2798.0,,47
2511351,2511337,38.81387,-90.89456,1.9796686,0.68919927,0.06,0.12,3.2994478,9.898343,2064.0,,47
2511459,2511405,38.958576,-90.81823,1.498544,0.7792794,0.06,0.12,2.4975734,7.49272,321.0,,47
2930123,2930141,39.078785,-90.71425,1.2219516,0.8526843,0.06,0.12,2.036586,6.109758,1653.0,,47
2930137,2930735,39.071903,-90.76789,1.1611649,0.872097,0.06,0.12,1.9352747,5.8058243,613.0,,47
2930147,2930153,39.06747,-90.65196,1.4855909,0.7822698,0.06,0.12,2.4759848,7.4279547,1935.0,,47
2930149,2930153,39.064674,-90.647865,1.6175841,0.75343764,0.06,0.12,2.6959734,8.08792,1930.0,,47
2930163,2930175,39.069794,-90.77981,2.158132,0.6634483,0.06,0.12,3.5968869,10.790661,3636.0,,47
3600354,937130076,39.307224,-90.56398,1.9274695,0.69737226,0.06,0.12,3.212449,9.637347,2424.0,,47
3600746,3600744,39.036274,-90.39652,2.3293755,0.641471,0.06,0.12,3.8822925,11.646877,2867.0,,47
880144,880148,38.763054,-90.89981,3.0294547,0.57125205,0.06,0.12,5.0490913,15.147274,2684.0,,47
880258,880246,38.72292,-90.90916,2.6138813,0.6096741,0.06,0.12,4.3564687,13.0694065,244.0,,47
880710,880244,38.722584,-90.89106,2.0474677,0.679036,0.06,0.12,3.4124463,10.237338,581.0,,47
881286,881276,38.820576,-91.03868,2.9889672,0.574653,0.06,0.12,4.981612,14.944837,2574.0,,47
2511073,2511081,38.93487,-90.85987,2.8747146,0.58461946,0.06,0.12,4.791191,14.373573,1781.0,,47
2511455,2511343,38.821095,-90.930244,1.8994979,0.7018844,0.06,0.12,3.16583,9.49749,264.0,,47
3600736,3600710,39.041264,-90.353035,3.027488,0.5714157,0.06,0.12,5.0458136,15.137441,2475.0,,47
3600740,3600710,39.040264,-90.36331,2.6674802,0.6042388,0.06,0.12,4.4458003,13.337401,1354.0,,47
3601124,3601122,39.033382,-90.433205,1.4803479,0.7834909,0.06,0.12,2.4672463,7.401739,10.0,,47
5916005,5915701,39.14324,-90.50014,2.4375443,0.62875307,0.06,0.12,4.062574,12.187722,2239.0,,47
880252,880246,38.723736,-90.914,3.9214292,0.5097776,0.06,0.12,6.535715,19.607145,1012.0,,47
2511061,2511091,38.935417,-90.871414,3.4224787,0.5413223,0.06,0.12,5.704131,17.112394,103.0,,47
2931021,2930707,39.091583,-90.67334,1.9300927,0.69695395,0.06,0.12,3.2168212,9.650463,56.0,,47
3600674,3600666,39.062325,-90.351875,3.1565528,0.5609878,0.06,0.12,5.2609215,15.7827635,1346.0,,47
3601072,3601076,39.33331,-90.61637,2.363796,0.63733315,0.06,0.12,3.93966,11.81898,192.0,,47
3601144,3601294,39.006096,-90.43764,1.6856382,0.7398631,0.06,0.12,2.809397,8.428191,638.0,,47
3601146,3600814,39.004383,-90.47294,1.4163158,0.7989253,0.06,0.12,2.3605263,7.081579,443.0,,47
5915753,5915701,39.14048,-90.488625,3.2699115,0.5523232,0.06,0.12,5.4498525,16.349558,1603.0,,47
2511319,2511293,38.846596,-90.92154,3.7128055,0.5222221,0.06,0.12,6.1880093,18.564028,4052.0,,47
2930125,2930141,39.075336,-90.71863,2.438543,0.62863946,0.06,0.12,4.0642385,12.192716,667.0,,47
3600648,3600666,39.07018,-90.35034,3.7465706,0.52014047,0.06,0.12,6.244284,18.732853,1456.0,,47
937110055,937110057,39.08419,-90.737144,2.9147894,0.58105963,0.06,0.12,4.857982,14.573947,324.0,,47
2930167,2930175,39.054092,-90.77884,5.1619706,0.45156163,0.055,0.11,8.603284,30.0,178.0,,47
3600328,3600334,39.31807,-90.59391,4.579206,0.47606844,0.055,0.11,7.63201,30.0,474.0,,47
3600332,3600334,39.314953,-90.5764,1.737566,0.7300254,0.06,0.12,2.8959434,8.68783,3453.0,,47
3600358,937130076,39.300354,-90.57147,5.243866,0.44843668,0.055,0.11,8.739777,30.0,393.0,,47
3601074,3601078,39.320488,-90.61461,3.8477077,0.51406384,0.06,0.12,6.412846,19.238539,12.0,,47
3600756,3600744,39.033417,-90.40785,4.205494,0.49428916,0.055,0.11,7.009156,30.0,722.0,,47
937110046,2930141,39.072666,-90.719475,2.5687814,0.6143735,0.06,0.12,4.2813025,12.843907,44.0,,47
937130051,937130050,39.308544,-90.59057,4.358804,0.4865423,0.06,0.12,7.264674,21.794022,258.0,,47
2930099,937110083,39.092396,-90.737,8.12386,0.3696823,0.055,0.11,13.539766,50.0,2219.0,,47
2511201,2511199,38.889038,-90.91451,10.709241,0.32725716,0.055,0.11,17.848736,53.546207,917.0,,47
5915569,5915623,39.176598,-90.487885,20.6208,0.24510592,0.05,0.1,34.368,103.104,336.0,,47
2511069,2511091,38.93353,-90.87398,21.27022,0.24177572,0.05,0.1,35.450367,106.3511,650.0,,47
2511089,2511081,38.927376,-90.86036,0.4807157,1.2868794,0.06,0.12,0.8011928,2.4035785,331.0,,47
3601070,3601076,39.34847,-90.61945,65.37683,0.14732355,0.045,0.09,108.96139,326.88416,3560.0,,47
2930965,2938471,39.09666,-90.69184,1.5279514,0.77262664,0.06,0.12,2.5465856,7.6397567,71.0,,47
2930117,2930977,39.077698,-90.70579,0.5959046,1.1705264,0.06,0.12,0.9931743,2.979523,195.0,,47
2930121,2930133,39.07542,-90.70793,0.9106608,0.97079015,0.06,0.12,1.517768,4.553304,787.0,,47
2930705,2930709,39.097595,-90.682335,113.94681,0.11529908,0.045,0.09,189.91135,569.7341,1780.0,,47
2930959,2938471,39.101326,-90.688034,1.2301689,0.85016674,0.06,0.12,2.0502815,6.150845,1242.0,,47
2930975,2930969,39.081074,-90.7016,1.4585547,0.7886342,0.06,0.12,2.4309247,7.2927737,50.0,,47
2930703,2930709,39.092415,-90.6769,3.287612,0.5510093,0.055,0.11,5.479353,30.0,931.0,,47
2931015,2930707,39.092815,-90.67299,0.4382627,1.3404566,0.06,0.12,0.7304379,2.1913135,282.0,,47
2930721,2930969,39.08033,-90.700195,0.9567726,0.9498635,0.06,0.12,1.5946211,4.783863,272.0,,47
880250,880252,38.73084,-90.926796,1.7591496,0.7260602,0.06,0.12,2.931916,8.795748,2179.0,,48
880298,880710,38.716747,-90.88465,1.4526657,0.7900431,0.06,0.12,2.4211094,7.263328,1261.0,,48
880308,880258,38.710682,-90.91667,2.3373506,0.6405045,0.06,0.12,3.8955846,11.686753,2767.0,,48
880310,880258,38.71408,-90.90508,1.6822242,0.7405251,0.06,0.12,2.803707,8.41112,1939.0,,48
880438,880144,38.754364,-90.91721,1.6030625,0.7564411,0.06,0.12,2.6717708,8.015312,2060.0,,48
880440,880144,38.74894,-90.93367,2.5519803,0.6161547,0.06,0.12,4.2533007,12.759902,5206.0,,48
881288,881286,38.802162,-91.05843,2.580163,0.6131764,0.06,0.12,4.3002715,12.900815,3452.0,,48
2511037,2511073,38.947605,-90.85236,1.6227357,0.75238144,0.06,0.12,2.7045596,8.113679,1530.0,,48
2511039,2511073,38.94796,-90.83643,2.490058,0.6228682,0.06,0.12,4.150097,12.45029,4482.0,,48
2511203,2511201,38.894314,-90.93134,2.2519805,0.6511053,0.06,0.12,3.753301,11.259903,3004.0,,48
2511347,2511455,38.818325,-90.93714,1.6149963,0.75397,0.06,0.12,2.6916604,8.074982,1158.0,,48
2511403,2511061,38.94345,-90.88356,2.1396291,0.66597337,0.06,0.12,3.5660486,10.698146,3481.0,,48
3600716,3600674,39.05235,-90.345505,1.6659949,0.7436991,0.06,0.12,2.7766583,8.329974,1884.0,,48
3600760,3601124,39.03069,-90.433525,1.4670799,0.7866091,0.06,0.12,2.445133,7.335399,670.0,,48
3600782,3600740,39.025913,-90.37269,2.4886193,0.623027,0.06,0.12,4.147699,12.443096,2770.0,,48
3600790,3600736,39.025494,-90.34799,2.6148987,0.60956943,0.06,0.12,4.358165,13.074494,3720.0,,48
5915589,5915569,39.18096,-90.4807,1.466187,0.7868204,0.06,0.12,2.443645,7.330935,1954.0,,48
5915793,5916005,39.131714,-90.511696,1.772846,0.7235802,0.06,0.12,2.9547431,8.86423,1456.0,,48
5915795,5915753,39.131313,-90.480965,1.558286,0.7659547,0.06,0.12,2.5971432,7.79143,1828.0,,48
878136,3601144,39.0017,-90.43646,1.3663753,0.8116787,0.06,0.12,2.2772923,6.8318768,389.0,,48
880254,880252,38.723003,-90.92135,3.7008495,0.5229657,0.06,0.12,6.168082,18.504248,324.0,,48
2511059,2511061,38.93616,-90.872826,3.1015894,0.56535214,0.06,0.12,5.169316,15.507948,245.0,,48
2511335,2511319,38.830093,-90.942,1.5882809,0.75953895,0.06,0.12,2.647135,7.941405,1651.0,,48
2930059,2931021,39.09255,-90.66421,1.9298307,0.69699574,0.06,0.12,3.2163844,9.649154,1619.0,,48
3600262,3601072,39.335957,-90.63034,2.3574164,0.63809353,0.06,0.12,3.9290273,11.787082,2385.0,,48
3600356,3600358,39.304844,-90.55285,2.2647266,0.64948606,0.06,0.12,3.7745445,11.323633,3454.0,,48
3600682,3600674,39.05611,-90.3426,2.8315344,0.588536,0.06,0.12,4.719224,14.157672,1354.0,,48
3600780,3600756,39.02383,-90.413895,2.177991,0.6607727,0.06,0.12,3.6299849,10.889955,2170.0,,48
3601148,3601146,39.002365,-90.47251,1.0774659,0.901361,0.06,0.12,1.7957766,5.3873296,21.0,,48
5915789,5915753,39.131065,-90.492355,2.9426568,0.5786255,0.06,0.12,4.904428,14.713284,938.0,,48
2511323,2511319,38.83756,-90.94411,3.00058,0.5736708,0.06,0.12,5.0009665,15.0029,733.0,,48
2930165,2930167,39.065735,-90.79178,3.5903258,0.530008,0.06,0.12,5.9838767,17.95163,3478.0,,48
2930717,2930125,39.080814,-90.71616,2.337712,0.6404608,0.06,0.12,3.8961866,11.68856,652.0,,48
3600598,3600648,39.075645,-90.34164,3.613967,0.52847564,0.06,0.12,6.023278,18.069834,628.0,,48
937110059,937110055,39.085606,-90.737854,2.9067655,0.5817667,0.06,0.12,4.844609,14.533827,16.0,,48
2930177,2930167,39.054176,-90.784836,4.4707694,0.4811285,0.06,0.12,7.451282,22.353846,910.0,,48
3600308,3600328,39.323254,-90.59188,4.5654554,0.47670048,0.055,0.11,7.609092,30.0,739.0,,48
3600316,3601074,39.32067,-90.62355,3.84496,0.5142259,0.06,0.12,6.4082665,19.2248,1688.0,,48
3600364,3600358,39.29851,-90.56924,5.086313,0.45451272,0.055,0.11,8.477188,30.0,405.0,,48
2511071,2511069,38.93166,-90.88327,5.567318,0.43675005,0.055,0.11,9.278863,30.0,1109.0,,48
3600758,3600756,39.02902,-90.40473,3.9569118,0.5077558,0.055,0.11,6.594853,30.0,371.0,,48
937110045,937110046,39.073586,-90.71898,2.5677283,0.61448467,0.06,0.12,4.2795467,12.838641,182.0,,48
937130052,937130051,39.311047,-90.581505,4.3560004,0.48668045,0.06,0.12,7.260001,21.780003,1399.0,,48
3601068,3601070,39.36521,-90.623436,5.200421,0.4500856,0.055,0.11,8.667368,30.0,273.0,,48
2930031,2930099,39.103195,-90.73541,6.539344,0.40681782,0.055,0.11,10.898907,32.69672,228.0,,48
2930463,2930099,39.10714,-90.745636,6.2430277,0.41522622,0.055,0.11,10.405046,31.21514,2308.0,,48
2511211,2511201,38.8881,-90.92374,10.656045,0.3279769,0.055,0.11,17.760075,53.280224,820.0,,48
5915555,5915569,39.18047,-90.489235,20.617306,0.24512424,0.05,0.1,34.362175,103.08653,567.0,,48
2511067,2511069,38.936745,-90.885735,21.128183,0.24249147,0.05,0.1,35.21364,105.640915,1598.0,,48
3601066,3601070,39.3709,-90.62151,65.36303,0.14733727,0.045,0.09,108.93838,326.81512,1499.0,,48
2930049,2930965,39.09688,-90.69252,1.5188278,0.7746707,0.06,0.12,2.5313797,7.594139,63.0,,48
2930111,2930117,39.080494,-90.704384,0.5301118,1.2325287,0.06,0.12,0.88351965,2.650559,495.0,,48
2930971,2930975,39.081505,-90.70171,1.2767907,0.83632857,0.06,0.12,2.1279845,6.3839536,52.0,,48
2938461,2930705,39.110493,-90.68454,113.9467,0.11529913,0.045,0.09,189.91116,569.7335,1136.0,,48
2930973,2930975,39.085,-90.69662,0.99420637,0.93391585,0.06,0.12,1.6570106,4.9710317,1185.0,,48
2931019,2930703,39.094788,-90.67173,3.2537348,0.55353296,0.055,0.11,5.4228916,30.0,216.0,,48
2930967,2930721,39.080135,-90.69496,0.859507,0.9958686,0.06,0.12,1.4325118,4.2975354,635.0,,48
879504,878136,38.996727,-90.43568,1.156935,0.87350225,0.06,0.12,1.928225,5.784675,756.0,,49
880256,880254,38.735714,-90.96143,3.403854,0.54262704,0.06,0.12,5.67309,17.01927,8028.0,,49
880282,880254,38.718353,-90.93654,2.1621323,0.6629065,0.06,0.12,3.6035538,10.810661,2836.0,,49
2511051,2511059,38.949795,-90.86256,2.1105075,0.670012,0.06,0.12,3.5175126,10.552537,3882.0,,49
2511053,2511059,38.956432,-90.87425,2.7120452,0.59983814,0.06,0.12,4.5200753,13.5602255,4873.0,,49
2511321,2511323,38.842106,-90.959915,1.799939,0.71875477,0.06,0.12,2.9998984,8.999695,2350.0,,49
2511401,2511067,38.950737,-90.90118,1.9809148,0.689008,0.06,0.12,3.3015246,9.904574,3316.0,,49
2511461,2511335,38.824097,-90.94745,0.9061354,0.9729261,0.06,0.12,1.5102257,4.530677,206.0,,49
2930075,2930059,39.092087,-90.6468,1.541036,0.7697255,0.06,0.12,2.5683932,7.70518,1644.0,,49
2930127,2930165,39.083984,-90.817474,1.9531398,0.69331366,0.06,0.12,3.2552328,9.765698,3146.0,,49
2930181,2930177,39.052795,-90.808266,2.8495986,0.5868871,0.06,0.12,4.749331,14.247993,3251.0,,49
3600240,3600262,39.337475,-90.647095,1.3131688,0.826027,0.06,0.12,2.1886146,6.5658436,768.0,,49
3600318,3600316,39.32616,-90.63766,1.5985426,0.757384,0.06,0.12,2.6642375,7.9927125,1886.0,,49
3600338,3600356,39.3078,-90.53128,1.3632953,0.8124872,0.06,0.12,2.2721589,6.816477,716.0,,49
3600594,3600598,39.08049,-90.32002,2.2558577,0.65061134,0.06,0.12,3.759763,11.279289,3986.0,,49
3600670,3600682,39.065544,-90.3235,2.413333,0.6315282,0.06,0.12,4.0222216,12.066665,2937.0,,49
3600764,3600758,39.027084,-90.39326,1.9306165,0.6968705,0.06,0.12,3.217694,9.653082,2057.0,,49
3600794,3600780,39.01542,-90.42761,1.6937777,0.7382924,0.06,0.12,2.8229628,8.468888,1118.0,,49
3600840,3601148,39.00155,-90.472206,1.0774659,0.901361,0.06,0.12,1.7957766,5.3873296,214.0,,49
5915809,5915789,39.123943,-90.48302,1.93114,0.6967872,0.06,0.12,3.2185667,9.6557,2235.0,,49
5916009,5915789,39.11836,-90.49711,2.378379,0.63560617,0.06,0.12,3.963965,11.891895,2715.0,,49
2931013,2931019,39.096275,-90.67206,0.7021581,1.0887891,0.06,0.12,1.1702635,3.5107906,165.0,,49
3600286,3600308,39.326317,-90.59901,2.0425506,0.6797567,0.06,0.12,3.4042509,10.212753,1419.0,,49
3600366,3600364,39.296146,-90.54957,2.7738817,0.5939016,0.06,0.12,4.623136,13.869408,3414.0,,49
2511087,2511071,38.927723,-90.89065,3.0568395,0.5689886,0.06,0.12,5.0947328,15.284198,520.0,,49
2511339,2511323,38.831158,-90.95504,2.6340861,0.6076065,0.06,0.12,4.3901434,13.170431,2175.0,,49
2930089,2930717,39.083942,-90.71592,1.7706807,0.7239704,0.06,0.12,2.9511344,8.853404,59.0,,49
2930129,2930165,39.078243,-90.81454,2.6313617,0.60788393,0.06,0.12,4.385603,13.156809,2115.0,,49
3600586,3600598,39.08282,-90.33351,3.1632938,0.56046003,0.06,0.12,5.2721562,15.816468,1592.0,,49
5915523,5915555,39.192654,-90.4935,2.8835135,0.5838317,0.06,0.12,4.8058558,14.417567,2792.0,,49
2930019,2930463,39.11057,-90.757805,3.5221767,0.53450805,0.06,0.12,5.8702946,17.610884,1823.0,,49
937110056,937110059,39.09162,-90.73812,2.9061737,0.581819,0.06,0.12,4.8436227,14.530869,1347.0,,49
2930173,2930177,39.061954,-90.81625,3.9470704,0.50831395,0.06,0.12,6.5784507,19.735352,5526.0,,49
3600284,3600308,39.329834,-90.58929,4.3662286,0.48617715,0.06,0.12,7.2770476,21.831142,814.0,,49
3600322,3600316,39.31854,-90.63369,3.516054,0.5349185,0.06,0.12,5.86009,17.58027,134.0,,49
3600380,3600364,39.290035,-90.56922,4.7705846,0.4675463,0.055,0.11,7.9509745,30.0,1495.0,,49
2511097,2511071,38.926037,-90.91338,5.1866145,0.45061377,0.055,0.11,8.644358,30.0,5409.0,,49
2931089,937110045,39.07931,-90.714806,2.5653176,0.61473936,0.06,0.12,4.2755294,12.826589,1245.0,,49
3600330,937130052,39.316723,-90.57385,4.3152742,0.48870152,0.06,0.12,7.192124,21.576372,728.0,,49
3600774,3600758,39.022823,-90.39964,3.7719223,0.5185953,0.055,0.11,6.286537,30.0,1298.0,,49
3600100,3601068,39.36805,-90.62701,5.164414,0.45146734,0.055,0.11,8.607357,30.0,1043.0,,49
2930701,2930031,39.107887,-90.73592,6.537014,0.40688178,0.055,0.11,10.895023,32.68507,842.0,,49
2511245,2511211,38.880814,-90.92763,6.5104837,0.40761244,0.055,0.11,10.850806,32.552418,1540.0,,49
2929995,2930463,39.1204,-90.75312,5.7833962,0.42947438,0.055,0.11,9.638993,30.0,866.0,,49
2511213,2511211,38.887432,-90.92893,9.720234,0.34155035,0.055,0.11,16.20039,50.0,467.0,,49
5915521,5915555,39.191414,-90.48763,20.593756,0.24524787,0.05,0.1,34.322926,102.96877,2012.0,,49
2511045,2511067,38.94482,-90.90661,21.119787,0.24253398,0.05,0.1,35.199646,105.59893,2987.0,,49
3601056,3601066,39.379574,-90.618286,65.36229,0.147338,0.045,0.09,108.93716,326.81146,550.0,,49
3601058,3601066,39.379684,-90.620834,1.7055134,0.7360468,0.06,0.12,2.8425221,8.527567,567.0,,49
2930047,2930049,39.10843,-90.69067,1.5167394,0.7751411,0.06,0.12,2.527899,7.5836973,2579.0,,49
2930681,2938461,39.11796,-90.68947,1.0966281,0.8943782,0.06,0.12,1.8277135,5.4831405,862.0,,49
2930101,2930971,39.081913,-90.702194,1.2703322,0.8382018,0.06,0.12,2.1172204,6.3516607,77.0,,49
2930679,2938461,39.117535,-90.686,113.94656,0.115299195,0.045,0.09,189.91093,569.7328,463.0,,49
2931011,2931019,39.096607,-90.67062,3.232113,0.5551636,0.055,0.11,5.386855,30.0,262.0,,49
2511033,2511045,38.954548,-90.92774,2.3907173,0.6341569,0.06,0.12,3.9845288,11.953587,3341.0,,50
2511131,2511087,38.919014,-90.8879,1.4860263,0.7821687,0.06,0.12,2.4767103,7.4301314,2024.0,,50
2511243,2511213,38.8825,-90.93823,1.6325823,0.75037605,0.06,0.12,2.7209706,8.162911,1866.0,,50
2511273,2511245,38.870754,-90.92204,1.8908123,0.70330495,0.06,0.12,3.1513538,9.4540615,2379.0,,50
2930043,2931013,39.09713,-90.67372,0.3735371,1.4383705,0.06,0.12,0.6225618,1.8676854,201.0,,50
2930091,2930019,39.09223,-90.7738,2.200758,0.65774816,0.06,0.12,3.66793,11.00379,3488.0,,50
2930139,2930173,39.071545,-90.85326,1.4972584,0.7795745,0.06,0.12,2.4954307,7.4862924,1722.0,,50
3600074,3600100,39.377846,-90.63612,1.8165885,0.715841,0.06,0.12,3.0276475,9.082943,2179.0,,50
3600254,3600284,39.33335,-90.57595,1.7534864,0.7270938,0.06,0.12,2.9224772,8.767432,2221.0,,50
3600288,3600286,39.33651,-90.611595,1.257822,0.8418696,0.06,0.12,2.09637,6.28911,2478.0,,50
3600290,3600286,39.33618,-90.61234,1.5053643,0.7777198,0.06,0.12,2.5089405,7.5268216,2568.0,,50
3600348,3600322,39.31167,-90.636024,1.5357465,0.770894,0.06,0.12,2.5595775,7.6787324,1723.0,,50
3600360,3600366,39.301453,-90.51839,2.089379,0.6729927,0.06,0.12,3.4822986,10.446896,2537.0,,50
3600568,3600586,39.095955,-90.33407,1.5981648,0.757463,0.06,0.12,2.6636078,7.9908237,2411.0,,50
5915433,5915523,39.205257,-90.48731,1.4959707,0.7798705,0.06,0.12,2.4932847,7.4798536,1604.0,,50
2511077,2511097,38.928997,-90.936,2.71529,0.59952176,0.06,0.12,4.5254836,13.57645,585.0,,50
2511099,2511087,38.926113,-90.897,2.8952444,0.5827869,0.06,0.12,4.825407,14.476222,909.0,,50
2511453,2511339,38.822567,-90.96413,1.9056934,0.7008768,0.06,0.12,3.1761556,9.528467,759.0,,50
2930105,2930129,39.084717,-90.83182,2.4253292,0.6301482,0.06,0.12,4.0422153,12.126646,1384.0,,50
2930711,2930089,39.08868,-90.71644,1.7629055,0.7253774,0.06,0.12,2.9381757,8.8145275,1058.0,,50
3600394,3600380,39.27121,-90.55552,2.60029,0.6110779,0.06,0.12,4.333817,13.001451,4712.0,,50
3600566,3600586,39.090603,-90.323296,2.6156251,0.60949475,0.06,0.12,4.359375,13.078125,1110.0,,50
3607082,3601058,39.38243,-90.620384,1.4549361,0.7894989,0.06,0.12,2.4248936,7.274681,51.0,,50
5915431,5915523,39.204,-90.48195,2.3226278,0.6422925,0.06,0.12,3.8710463,11.613139,1135.0,,50
2930023,2930019,39.107952,-90.77,2.960916,0.57704854,0.06,0.12,4.93486,14.804581,869.0,,50
2930053,937110056,39.09727,-90.73978,2.864403,0.585547,0.06,0.12,4.774005,14.322015,319.0,,50
2930691,2930701,39.11148,-90.733665,2.1615016,0.6629918,0.06,0.12,3.6025028,10.807508,111.0,,50
3600808,3600774,39.011963,-90.38951,2.7571998,0.5954842,0.06,0.12,4.595333,13.785999,1854.0,,50
2930013,2929995,39.11725,-90.771484,2.7623034,0.59499854,0.06,0.12,4.603839,13.811516,3626.0,,50
2930131,2930173,39.077118,-90.84923,3.202382,0.55743164,0.06,0.12,5.337303,16.01191,1570.0,,50
2930961,2931011,39.09797,-90.67009,2.235553,0.65321183,0.06,0.12,3.7259216,11.177765,62.0,,50
3600256,3600284,39.33904,-90.589035,4.180102,0.49561158,0.06,0.12,6.9668365,20.900509,1246.0,,50
3600324,3600322,39.318417,-90.635345,3.4055948,0.5425046,0.06,0.12,5.6759915,17.027973,157.0,,50
3600378,3600380,39.284107,-90.54037,4.428785,0.48313543,0.055,0.11,7.3813086,30.0,5206.0,,50
5915615,5915521,39.17787,-90.46614,4.5630407,0.47681174,0.06,0.12,7.6050677,22.815203,4024.0,,50
2511075,2511097,38.94091,-90.94961,4.6258006,0.47394684,0.06,0.12,7.709668,23.129004,5075.0,,50
2930093,2931089,39.084404,-90.70884,2.4898982,0.6228858,0.06,0.12,4.1498303,12.4494915,368.0,,50
3600796,3600774,39.012573,-90.39516,3.0136511,0.57257175,0.055,0.11,5.022752,30.0,1601.0,,50
937130049,3600330,39.320854,-90.57549,4.191469,0.49501812,0.06,0.12,6.985782,20.957346,258.0,,50
3600094,3600100,39.367737,-90.63501,5.039735,0.4563612,0.055,0.11,8.399558,30.0,649.0,,50
2930693,2930701,39.113674,-90.735886,6.413478,0.410321,0.055,0.11,10.68913,32.06739,637.0,,50
937110039,2930679,39.12089,-90.68487,4.1669106,0.49630314,0.055,0.11,6.944851,30.0,398.0,,50
2511271,2511245,38.869247,-90.93905,6.4292774,0.40987584,0.055,0.11,10.715463,32.14639,2383.0,,50
2929955,2929995,39.129597,-90.75763,5.530421,0.4380332,0.055,0.11,9.217368,30.0,1337.0,,50
2511217,2511213,38.88668,-90.93978,9.698718,0.3418844,0.055,0.11,16.16453,50.0,2092.0,,50
5915487,5915521,39.191307,-90.4766,20.506767,0.24570629,0.05,0.1,34.177944,102.53384,245.0,,50
2511031,2511045,38.95895,-90.914894,21.098679,0.242641,0.05,0.1,35.164463,105.49339,988.0,,50
3601052,3601056,39.38414,-90.61459,15.557064,0.2775518,0.05,0.1,25.92844,77.78532,700.0,,50
3601054,3601056,39.38378,-90.617325,65.03461,0.14766507,0.045,0.09,108.39101,325.173,472.0,,50
3601258,3601058,39.384075,-90.61879,0.6606539,1.1184529,0.06,0.12,1.1010898,3.3032696,492.0,,50
2929983,2930681,39.11882,-90.69401,0.6627467,1.1168933,0.06,0.12,1.1045779,3.3137338,25.0,,50
2930097,2930101,39.08849,-90.696,1.2644049,0.83993304,0.06,0.12,2.1073415,6.322025,1908.0,,50
2938455,2930679,39.12225,-90.688,113.944244,0.11530023,0.045,0.09,189.90707,569.72125,635.0,,50
2930963,2931011,39.099205,-90.67028,2.7800872,0.5933164,0.06,0.12,4.6334786,13.900436,310.0,,50
2511079,2511077,38.93117,-90.94866,1.746198,0.72843117,0.06,0.12,2.91033,8.73099,1987.0,,51
2511085,2511075,38.929016,-90.976425,2.2294307,0.6540026,0.06,0.12,3.7157178,11.147154,3876.0,,51
2511107,2511077,38.923008,-90.95042,2.1936285,0.6586904,0.06,0.12,3.6560476,10.968143,2559.0,,51
2511117,2511099,38.916584,-90.91733,2.3145537,0.64328,0.06,0.12,3.8575895,11.572768,3563.0,,51
2511143,2511099,38.913116,-90.89727,2.084878,0.6736334,0.06,0.12,3.4747965,10.424389,2570.0,,51
2511309,2511271,38.85519,-90.94745,1.755063,0.72680557,0.06,0.12,2.925105,8.775315,1867.0,,51
2511341,2511453,38.82313,-90.97207,1.4933889,0.78046507,0.06,0.12,2.4889815,7.4669447,690.0,,51
2929971,2929955,39.131714,-90.777725,2.0835238,0.67382646,0.06,0.12,3.4725397,10.417619,3126.0,,51
2930045,2930023,39.102943,-90.79037,1.9523715,0.693434,0.06,0.12,3.2539525,9.761857,3415.0,,51
2930057,2930711,39.102043,-90.71313,1.535338,0.7709845,0.06,0.12,2.5588968,7.6766906,2261.0,,51
2930079,2930105,39.095306,-90.83258,1.3850772,0.8068252,0.06,0.12,2.3084621,6.9253864,1631.0,,51
2930081,2930105,39.097664,-90.8375,1.6086779,0.7552751,0.06,0.12,2.6811297,8.043389,2041.0,,51
2930107,2930131,39.09782,-90.85072,2.1402724,0.6658851,0.06,0.12,3.5671208,10.701362,3878.0,,51
2930465,2930053,39.098465,-90.74867,1.557889,0.76604074,0.06,0.12,2.5964816,7.789445,1351.0,,51
3600024,3607082,39.388855,-90.6241,1.4549361,0.7894989,0.06,0.12,2.4248936,7.274681,1957.0,,51
3600362,3600324,39.307465,-90.651276,2.2720025,0.6485676,0.06,0.12,3.786671,11.360013,3753.0,,51
3600392,3600394,39.271526,-90.52603,1.7446058,0.72872436,0.06,0.12,2.9076762,8.723029,1210.0,,51
3600544,3600566,39.098354,-90.315544,1.9200876,0.69855386,0.06,0.12,3.200146,9.600438,1644.0,,51
3600570,3600566,39.09132,-90.3104,1.807111,0.71749485,0.06,0.12,3.0118515,9.035555,1876.0,,51
3600798,3600796,39.014862,-90.40938,1.5308322,0.7719848,0.06,0.12,2.5513868,7.654161,1794.0,,51
5915393,5915431,39.216415,-90.47717,1.6390833,0.7490616,0.06,0.12,2.7318053,8.195416,2125.0,,51
5915395,5915431,39.216106,-90.48844,1.7465161,0.72837263,0.06,0.12,2.9108603,8.73258,2257.0,,51
5915485,5915487,39.196953,-90.47558,1.6351165,0.7498628,0.06,0.12,2.725194,8.175582,1822.0,,51
5915705,5915615,39.156616,-90.4638,2.0597768,0.6772428,0.06,0.12,3.4329612,10.298883,2745.0,,51
2511179,2511217,38.89446,-90.94747,2.9568012,0.5774027,0.06,0.12,4.928002,14.784005,231.0,,51
2930011,2930691,39.111107,-90.72843,2.1555984,0.66379225,0.06,0.12,3.5926638,10.777991,817.0,,51
2930055,2930053,39.097088,-90.741684,2.6834629,0.6026485,0.06,0.12,4.472438,13.417314,87.0,,51
2930073,2930023,39.09946,-90.7859,2.5409665,0.6173315,0.06,0.12,4.2349443,12.704832,2632.0,,51
3600384,3600378,39.28231,-90.51088,2.2879276,0.6465721,0.06,0.12,3.8132129,11.439638,525.0,,51
3600824,3600808,39.00358,-90.3814,2.100106,0.671474,0.06,0.12,3.500177,10.50053,739.0,,51
3600828,3600808,39.003,-90.38601,1.5159025,0.77532995,0.06,0.12,2.5265043,7.5795126,697.0,,51
2930007,2930013,39.11409,-90.79536,2.034304,0.680971,0.06,0.12,3.3905065,10.171519,1140.0,,51
2930039,2930961,39.09818,-90.66609,2.2353559,0.6532372,0.06,0.12,3.7255933,11.17678,644.0,,51
2930109,2930131,39.084263,-90.86005,2.4692798,0.6251751,0.06,0.12,4.1154666,12.346399,995.0,,51
3600174,3600094,39.36084,-90.64334,3.1343217,0.56273973,0.06,0.12,5.2238693,15.671608,1544.0,,51
3600206,3600256,39.344418,-90.57904,3.1073167,0.5648922,0.06,0.12,5.178861,15.536583,1799.0,,51
3600208,3600256,39.345295,-90.58969,3.2732973,0.5520711,0.06,0.12,5.4554954,16.366486,166.0,,51
3600320,3600324,39.319965,-90.64205,3.0089006,0.5729704,0.06,0.12,5.0148344,15.044503,1048.0,,51
3600946,3600378,39.28707,-90.50157,3.7427354,0.52037555,0.06,0.12,6.237892,18.713676,2058.0,,51
2511019,2511031,38.963276,-90.91325,3.0960512,0.56579804,0.06,0.12,5.160085,15.480255,80.0,,51
5915659,5915615,39.161385,-90.45126,4.189608,0.49511513,0.06,0.12,6.98268,20.94804,1576.0,,51
2511041,2511075,38.943233,-90.96959,4.0809884,0.50088626,0.06,0.12,6.8016477,20.404943,111.0,,51
2931077,2930093,39.088512,-90.7094,2.4681425,0.6253022,0.06,0.12,4.113571,12.3407135,607.0,,51
3600300,937130049,39.328636,-90.569756,4.178757,0.4956819,0.06,0.12,6.964595,20.893785,2761.0,,51
3600810,3600796,39.007206,-90.40159,2.7537873,0.59580964,0.055,0.11,4.5896454,30.0,554.0,,51
3600098,3600094,39.366005,-90.644135,4.5298724,0.47834888,0.06,0.12,7.5497875,22.649363,1028.0,,51
2929997,2930693,39.126373,-90.74681,6.3617935,0.41178834,0.055,0.11,10.602989,31.808968,3049.0,,51
937110040,937110039,39.122475,-90.68309,4.160432,0.49664396,0.055,0.11,6.934053,30.0,74.0,,51
2511277,2511271,38.86299,-90.95352,6.255452,0.4148622,0.055,0.11,10.425754,31.277262,1055.0,,51
2929927,2929955,39.13835,-90.76347,5.3620453,0.44404912,0.055,0.11,8.936743,30.0,881.0,,51
2511183,2511217,38.89496,-90.95032,9.572401,0.34386748,0.055,0.11,15.954002,50.0,699.0,,51
3607084,3601052,39.387314,-90.61283,15.555308,0.2775656,0.05,0.1,25.925514,77.77654,61.0,,51
5915495,5915487,39.188225,-90.467896,20.502516,0.24572878,0.05,0.1,34.17086,102.51257,1437.0,,51
2511021,2511031,38.96358,-90.91854,21.072014,0.24277642,0.05,0.1,35.12002,105.36006,902.0,,51
3601256,3601052,39.391434,-90.61199,0.8480221,1.0017965,0.06,0.12,1.4133703,4.2401104,938.0,,51
3601280,3601054,39.390144,-90.615456,65.03458,0.1476651,0.045,0.09,108.39096,325.17288,999.0,,51
2929985,2929983,39.119713,-90.6959,0.6627467,1.1168933,0.06,0.12,1.1045779,3.3137338,383.0,,51
2930651,2938455,39.124565,-90.69079,113.94418,0.11530025,0.045,0.09,189.90697,569.7209,96.0,,51
2930665,2938455,39.12361,-90.69433,1.0201315,0.9233696,0.06,0.12,1.7002192,5.1006575,772.0,,51
2930795,2930963,39.105194,-90.6708,2.6408021,0.6069243,0.06,0.12,4.401337,13.204011,1020.0,,51
2930957,2930963,39.10128,-90.67095,1.3679103,0.8112768,0.06,0.12,2.2798505,10.0,209.0,,51
2511013,2511021,38.971977,-90.919014,1.6223688,0.7524565,0.06,0.12,2.703948,8.111844,2227.0,,52
2511023,2511019,38.966103,-90.89804,2.1329606,0.66689116,0.06,0.12,3.5549343,10.664803,3215.0,,52
2511043,2511041,38.946304,-90.9785,1.5790502,0.7614946,0.06,0.12,2.6317503,7.8952513,1655.0,,52
2511173,2511179,38.903484,-90.94604,1.7154491,0.7341629,0.06,0.12,2.8590817,8.577246,1912.0,,52
2511175,2511179,38.907833,-90.96704,2.7132628,0.59971935,0.06,0.12,4.5221047,13.566314,4806.0,,52
2511247,2511183,38.88296,-90.958786,2.0176132,0.68345064,0.06,0.12,3.3626885,10.088065,2605.0,,52
2929923,2929927,39.139004,-90.7738,1.4877651,0.7817652,0.06,0.12,2.4796083,7.438825,1751.0,,52
2930009,2930011,39.117596,-90.72224,1.5677549,0.76391023,0.06,0.12,2.6129248,7.838774,1528.0,,52
2930015,2930011,39.109806,-90.71732,1.6863195,0.7397312,0.06,0.12,2.8105323,8.431597,1157.0,,52
2930037,2930039,39.104256,-90.652794,1.7650893,0.7249813,0.06,0.12,2.9418154,8.825446,2095.0,,52
2930077,2930055,39.092384,-90.742805,2.044192,0.67951584,0.06,0.12,3.406987,10.220961,986.0,,52
2930095,2930073,39.084373,-90.80372,1.7223383,0.732866,0.06,0.12,2.8705637,8.611691,2241.0,,52
2930467,2930055,39.089493,-90.75485,2.1866596,0.6596157,0.06,0.12,3.6444328,10.933298,2969.0,,52
3600084,3600098,39.37737,-90.65166,2.1290698,0.66742855,0.06,0.12,3.5484498,10.645349,2332.0,,52
3600204,3600206,39.350597,-90.55943,1.6383634,0.7492068,0.06,0.12,2.7306056,8.191817,2845.0,,52
3600212,3600208,39.344666,-90.60913,2.4126537,0.63160664,0.06,0.12,4.0210896,12.063269,3810.0,,52
3600218,3600174,39.348858,-90.64937,1.5794369,0.7614123,0.06,0.12,2.632395,7.897185,1547.0,,52
3600326,3600320,39.318222,-90.66134,2.1868653,0.65958834,0.06,0.12,3.6447754,10.934326,2582.0,,52
3600370,3600946,39.295513,-90.48456,1.828302,0.713814,0.06,0.12,3.0471702,9.14151,1953.0,,52
3600396,3600384,39.272385,-90.50675,1.6362002,0.7496436,0.06,0.12,2.7270002,8.181001,2025.0,,52
3600948,3600384,39.27935,-90.49795,1.7223383,0.732866,0.06,0.12,2.8705637,8.611691,2134.0,,52
3601750,3600828,38.99793,-90.39145,1.3153782,0.82541454,0.06,0.12,2.192297,6.5768905,1141.0,,52
3601764,3600824,38.993378,-90.381355,1.8085982,0.7172345,0.06,0.12,3.0143304,9.042991,1673.0,,52
5915519,5915495,39.18756,-90.4485,1.580982,0.76108396,0.06,0.12,2.63497,7.9049096,2096.0,,52
5915821,5915659,39.131947,-90.43969,2.8574476,0.5861754,0.06,0.12,4.7624125,14.287238,5696.0,,52
2929941,2929997,39.132877,-90.73254,2.52131,0.6194502,0.06,0.12,4.2021837,12.606551,2342.0,,52
2930041,2930039,39.097755,-90.65459,1.6822242,0.7405251,0.06,0.12,2.803707,8.41112,1454.0,,52
2930083,2930109,39.090088,-90.86471,2.2666457,0.6492434,0.06,0.12,3.7777429,11.333229,637.0,,52
2930695,2930007,39.11152,-90.80225,1.3735099,0.80981594,0.06,0.12,2.2891831,6.86755,282.0,,52
3600192,3600174,39.35305,-90.65468,2.737265,0.5973936,0.06,0.12,4.5621085,13.686326,1197.0,,52
3600202,3600208,39.351006,-90.58918,2.733004,0.5978043,0.06,0.12,4.555007,13.665021,1120.0,,52
3600282,3600300,39.327633,-90.553635,2.2943127,0.64577764,0.06,0.12,3.8238547,11.471564,1829.0,,52
3600306,3600320,39.329132,-90.65557,2.3976142,0.63335145,0.06,0.12,3.996024,11.988071,2112.0,,52
3600376,3600946,39.290833,-90.485535,3.0952134,0.56586564,0.06,0.12,5.158689,15.476068,1043.0,,52
3600934,3600206,39.362724,-90.578514,2.61548,0.6095097,0.06,0.12,4.3591332,13.077399,5857.0,,52
2511017,2511019,38.96993,-90.91284,2.6954322,0.60146636,0.06,0.12,4.492387,13.477161,1538.0,,52
2930955,2930957,39.101974,-90.671936,1.1483841,0.8763658,0.06,0.12,1.9139735,5.7419205,74.0,,52
2931081,2931077,39.091507,-90.709045,1.4196522,0.79809636,0.06,0.12,2.3660872,7.0982614,75.0,,52
3600820,3600810,39.004715,-90.40803,2.1374824,0.6662684,0.06,0.12,3.5624707,10.687412,1258.0,,52
5915671,5915659,39.153496,-90.44995,3.4073339,0.5423824,0.06,0.12,5.6788898,17.03667,180.0,,52
2511063,2511041,38.936848,-90.977135,3.992682,0.50574386,0.06,0.12,6.65447,19.96341,2145.0,,52
2931079,2931077,39.09145,-90.709366,2.1602392,0.6631627,0.06,0.12,3.6003988,10.801196,58.0,,52
3600818,3600810,39.003895,-90.401695,2.1247306,0.6680296,0.06,0.12,3.5412176,10.623652,218.0,,52
3600940,3600300,39.33476,-90.55953,3.2236173,0.5558086,0.06,0.12,5.3726954,16.118086,422.0,,52
3600118,3600098,39.366238,-90.65951,4.306631,0.48913398,0.06,0.12,7.177718,21.533155,1883.0,,52
3601048,3601280,39.39486,-90.61261,5.62478,0.43477598,0.055,0.11,9.374634,50.0,235.0,,52
2930457,2929997,39.142616,-90.74533,6.1132574,0.4190921,0.055,0.11,10.188762,30.566286,4272.0,,52
2931057,937110040,39.127068,-90.68583,4.1601367,0.4966595,0.055,0.11,6.9335613,30.0,1062.0,,52
2511451,2511277,38.86015,-90.96967,6.235883,0.41543603,0.055,0.11,10.393139,31.179417,2476.0,,52
2929901,2929927,39.14863,-90.77032,5.3074026,0.44606027,0.055,0.11,8.845672,30.0,1725.0,,52
2511417,2511183,38.89412,-90.96134,9.536155,0.3444435,0.055,0.11,15.893591,50.0,1557.0,,52
3600090,3607084,39.375355,-90.57322,15.555281,0.27756584,0.05,0.1,25.925468,77.776405,8494.0,,52
5915493,5915495,39.190712,-90.45737,20.490461,0.24579254,0.05,0.1,34.15077,102.4523,571.0,,52
2511015,2511021,38.9654,-90.92618,21.067017,0.24280183,0.05,0.1,35.111694,105.33508,515.0,,52
3601050,3601280,39.39821,-90.6139,65.01769,0.14768201,0.045,0.09,108.36282,325.08847,855.0,,52
2930649,2930651,39.12916,-90.695625,113.943825,0.11530042,0.045,0.09,189.90637,569.7191,1253.0,,52
2930655,2930651,39.124874,-90.694565,2.2009609,0.65772134,0.06,0.12,3.6682682,11.004805,577.0,,52
2930667,2930665,39.12101,-90.69732,0.7256347,1.0731055,0.06,0.12,1.2093911,3.6281734,13.0,,52
2931023,2930795,39.11061,-90.67427,2.5136461,0.6202827,0.06,0.12,4.18941,12.568231,373.0,,52
2930953,2930957,39.10261,-90.67164,0.96186113,0.9476432,0.06,0.12,1.603102,4.8093057,120.0,,52
2511005,2511017,38.977737,-90.90723,1.5732274,0.76273674,0.06,0.12,2.6220458,7.866137,1690.0,,53
2511055,2511063,38.94447,-90.990906,1.5175755,0.7749527,0.06,0.12,2.5292923,7.5878773,1654.0,,53
2929889,2929941,39.153236,-90.732216,1.924576,0.6978346,0.06,0.12,3.2076268,9.62288,1772.0,,53
2930025,2930695,39.108402,-90.80498,1.0326277,0.91842306,0.06,0.12,1.7210462,5.1631384,582.0,,53
2930051,2930041,39.097717,-90.642006,1.2779583,0.8359914,0.06,0.12,2.1299305,6.389791,883.0,,53
2930065,2930083,39.097893,-90.857834,1.481662,0.7831843,0.06,0.12,2.4694366,7.40831,1775.0,,53
2930067,2930083,39.10299,-90.86392,1.673975,0.7421329,0.06,0.12,2.7899585,8.369875,2669.0,,53
2930453,2930457,39.160023,-90.74226,2.1817143,0.6602749,0.06,0.12,3.6361904,10.908571,2787.0,,53
3600072,3600090,39.37729,-90.53952,1.7356365,0.7303834,0.06,0.12,2.8927274,8.678183,2333.0,,53
3600108,3600118,39.37465,-90.67083,1.5394121,0.7700836,0.06,0.12,2.565687,7.697061,1989.0,,53
3600168,3600202,39.365265,-90.59542,2.5641108,0.614867,0.06,0.12,4.273518,12.820554,3744.0,,53
3600232,3600940,39.34106,-90.5435,1.9016572,0.7015326,0.06,0.12,3.1694288,9.508286,3303.0,,53
3600242,3600192,39.3437,-90.67745,2.5312529,0.61837554,0.06,0.12,4.218755,12.656263,3520.0,,53
3600272,3600306,39.333675,-90.67193,1.7018418,0.7367469,0.06,0.12,2.8364031,8.50921,1228.0,,53
3600276,3600282,39.327755,-90.528244,2.0154476,0.68377453,0.06,0.12,3.3590794,10.077238,2796.0,,53
3600374,3600376,39.293053,-90.471695,2.2400742,0.65262985,0.06,0.12,3.733457,11.200371,2107.0,,53
3600382,3600376,39.28135,-90.46564,2.509561,0.62072796,0.06,0.12,4.182602,12.547805,3827.0,,53
2511003,2511017,38.971863,-90.904655,2.3467083,0.6393764,0.06,0.12,3.9111805,11.7335415,123.0,,53
2511027,2511015,38.959347,-90.96426,3.4018497,0.542768,0.06,0.12,5.6697497,17.009249,6925.0,,53
2511207,2511417,38.88913,-90.97089,2.6084905,0.6102297,0.06,0.12,4.347484,13.042453,1036.0,,53
2511449,2511451,38.861507,-90.983154,2.833898,0.5883194,0.06,0.12,4.723163,14.16949,96.0,,53
2929849,2929901,39.15526,-90.78086,2.5595748,0.61534745,0.06,0.12,4.2659583,12.797874,1120.0,,53
2930035,2930955,39.100742,-90.67316,1.1476659,0.8766077,0.06,0.12,1.9127765,5.7383294,291.0,,53
2930061,2931081,39.09379,-90.70595,1.4076656,0.80108756,0.06,0.12,2.3461094,7.038328,672.0,,53
3600832,3600818,39.002148,-90.40657,1.3555359,0.81453586,0.06,0.12,2.2592263,6.777679,871.0,,53
3600834,3600820,39.00147,-90.41634,1.2174821,0.8540639,0.06,0.12,2.029137,6.0874104,419.0,,53
3600836,3600820,39.00322,-90.419304,1.748105,0.72808045,0.06,0.12,2.9135084,8.740525,1034.0,,53
5915729,5915671,39.146877,-90.45147,3.4049857,0.5425474,0.06,0.12,5.6749763,17.02493,1806.0,,53
2511057,2511063,38.940136,-90.993904,3.7932813,0.51730496,0.06,0.12,6.3221354,18.966406,1319.0,,53
2930687,2931023,39.1123,-90.674805,2.235159,0.6532626,0.06,0.12,3.7252648,11.175795,81.0,,53
2930951,2930953,39.10322,-90.67217,0.7824522,1.0380024,0.06,0.12,1.304087,3.9122612,72.0,,53
2930063,2931079,39.0923,-90.709625,2.158343,0.6634197,0.06,0.12,3.5972383,10.791716,145.0,,53
3600230,3600940,39.344242,-90.558586,2.9574878,0.5773436,0.06,0.12,4.9291463,14.787438,1677.0,,53
3600830,3600818,39.00152,-90.40206,1.8959787,0.7024588,0.06,0.12,3.1599646,9.479894,330.0,,53
5915461,5915493,39.195137,-90.45636,3.0654004,0.568287,0.055,0.11,5.1090007,30.0,640.0,,53
3600110,3600118,39.365776,-90.670204,3.9656057,0.5072644,0.06,0.12,6.6093426,19.828028,38.0,,53
3599944,3601048,39.3945,-90.60882,5.62317,0.4348309,0.055,0.11,9.37195,50.0,449.0,,53
2930455,2930457,39.171444,-90.7508,5.900617,0.42568922,0.055,0.11,9.834362,30.0,5994.0,,53
2929939,2931057,39.129353,-90.68552,4.1238437,0.49858314,0.055,0.11,6.873073,30.0,166.0,,53
2511447,2511451,38.8627,-90.98456,5.841494,0.42758468,0.055,0.11,9.735823,30.0,414.0,,53
2929837,2929901,39.162483,-90.778015,5.0134616,0.45741478,0.055,0.11,8.355769,30.0,1553.0,,53
2511195,2511417,38.89036,-90.974434,9.425537,0.3462211,0.055,0.11,15.7092285,50.0,1186.0,,53
3600122,3600090,39.367672,-90.52946,15.514795,0.27788514,0.05,0.1,25.857992,77.57398,5665.0,,53
5915459,5915493,39.195515,-90.45092,20.462038,0.2459431,0.05,0.1,34.103397,102.310196,982.0,,53
2511011,2511015,38.97379,-90.92847,21.032717,0.24297643,0.05,0.1,35.054527,105.16359,3143.0,,53
3601044,3601050,39.402744,-90.61366,0.7854641,1.0362445,0.06,0.12,1.3091068,3.9273205,214.0,,53
3601046,3601050,39.403336,-90.61508,65.017395,0.14768231,0.045,0.09,108.36232,325.08694,324.0,,53
2938507,2930649,39.13877,-90.70272,113.94366,0.11530049,0.045,0.09,189.9061,569.71826,1200.0,,53
2930855,2930649,39.13569,-90.698906,1.2767907,0.83632857,0.06,0.12,2.1279845,6.3839536,383.0,,53
2930653,2930655,39.12491,-90.699814,2.1190636,0.66881716,0.06,0.12,3.5317726,10.595318,352.0,,53
2929973,2930667,39.120945,-90.69747,0.7256347,1.0731055,0.06,0.12,1.2093911,3.6281734,29.0,,53
2930663,2930655,39.12353,-90.699005,0.90953356,0.97132075,0.06,0.12,1.5158893,4.5476675,273.0,,53
2931025,2931023,39.112385,-90.67533,1.5825241,0.76075673,0.06,0.12,2.63754,7.91262,62.0,,53
2930949,2930953,39.104218,-90.67217,0.6321891,1.1403971,0.06,0.12,1.0536485,3.1609454,253.0,,53
2510999,2511003,38.97537,-90.89434,1.9161103,0.6991932,0.06,0.12,3.193517,9.580551,1906.0,,54
2511001,2511003,38.981155,-90.90274,1.769131,0.72425014,0.06,0.12,2.9485517,8.8456545,2088.0,,54
2511197,2511195,38.89098,-90.98805,1.5361546,0.77080363,0.06,0.12,2.5602577,7.680773,2026.0,,54
2511227,2511207,38.885303,-90.987724,1.7025106,0.73661923,0.06,0.12,2.8375175,8.512553,2730.0,,54
2511251,2511207,38.879417,-90.98533,2.2396817,0.6526803,0.06,0.12,3.7328029,11.198409,2834.0,,54
2511327,2511449,38.8456,-90.98047,2.832157,0.588479,0.06,0.12,4.7202616,14.160784,4432.0,,54
2512049,2511027,38.96399,-91.01195,1.8765308,0.7056614,0.06,0.12,3.1275513,9.382654,2273.0,,54
2929829,2929837,39.16851,-90.78866,1.7905923,0.72040755,0.06,0.12,2.9843204,8.952961,1889.0,,54
2929867,2929849,39.14955,-90.79131,1.1242079,0.8846309,0.06,0.12,1.8736799,5.6210394,1203.0,,54
2929911,2929849,39.14643,-90.790276,2.3237247,0.64215875,0.06,0.12,3.8728745,11.618623,1826.0,,54
2931009,2930035,39.09898,-90.67457,1.1067417,0.8907632,0.06,0.12,1.8445694,5.5337086,258.0,,54
2931083,2930061,39.096237,-90.70099,1.1899703,0.8627197,0.06,0.12,1.9832836,5.949851,494.0,,54
3600010,3599944,39.389652,-90.5922,1.7644658,0.7250943,0.06,0.12,2.9407763,8.8223295,6575.0,,54
3600228,3600230,39.347466,-90.53549,1.9625676,0.6918423,0.06,0.12,3.270946,9.812838,3658.0,,54
3601748,3600836,38.996986,-90.4254,1.1709199,0.86888415,0.06,0.12,1.9515331,5.8545995,779.0,,54
3601756,3600834,38.99741,-90.420876,1.114401,0.888057,0.06,0.12,1.8573351,5.5720053,853.0,,54
3601758,3600832,38.997276,-90.41475,1.1404357,0.87905526,0.06,0.12,1.9007261,5.702178,1018.0,,54
5915781,5915729,39.13465,-90.465675,1.7449244,0.72866565,0.06,0.12,2.9082074,8.724622,2380.0,,54
5915831,5915729,39.122227,-90.45628,3.0775201,0.5672986,0.06,0.12,5.1292,15.3876,4682.0,,54
2512125,2511057,38.94365,-91.003334,3.6124933,0.5285707,0.06,0.12,6.020822,18.062466,602.0,,54
2930005,2930687,39.114883,-90.665695,2.2343705,0.6533643,0.06,0.12,3.7239509,11.171853,1745.0,,54
2930027,2930951,39.10405,-90.67298,0.767044,1.0471504,0.06,0.12,1.2784066,3.83522,178.0,,54
3600148,3600110,39.362255,-90.67821,2.9722888,0.5760734,0.06,0.12,4.953815,14.861444,1636.0,,54
5915439,5915461,39.199844,-90.45606,2.049801,0.6786949,0.06,0.12,3.4163353,10.249005,472.0,,54
2931075,2930063,39.09853,-90.70702,2.1526349,0.66419524,0.06,0.12,3.5877247,10.763174,1485.0,,54
3600194,3600230,39.35107,-90.54694,2.3720753,0.6363508,0.06,0.12,3.9534588,11.860376,1226.0,,54
3601746,3600830,38.998676,-90.40191,1.7746978,0.723247,0.06,0.12,2.9578297,8.873489,313.0,,54
5915437,5915461,39.202976,-90.45153,2.6486197,0.60613334,0.06,0.12,4.414366,13.243098,1429.0,,54
3600106,3600110,39.36631,-90.67289,3.2776139,0.5517502,0.06,0.12,5.46269,16.38807,467.0,,54
2510997,2511011,38.97746,-90.94342,3.7593238,0.51936126,0.06,0.12,6.2655396,18.79662,1734.0,,54
3601042,3601046,39.40501,-90.616585,4.2528615,0.49185273,0.055,0.11,7.088103,30.0,176.0,,54
3600070,3600122,39.37185,-90.522415,3.6533976,0.5259516,0.055,0.11,6.088996,30.0,734.0,,54
2929751,2930455,39.181614,-90.767685,0.79436773,1.0311042,0.06,0.12,1.3239462,3.9718387,310.0,,54
3599942,3599944,39.394352,-90.60591,5.5527377,0.43725565,0.055,0.11,9.254562,50.0,128.0,,54
5915443,5915459,39.197754,-90.44149,5.111273,0.4535322,0.055,0.11,8.518788,30.0,963.0,,54
2929741,2930455,39.189053,-90.765526,5.4286795,0.4416362,0.055,0.11,9.047799,30.0,1624.0,,54
2931065,2929939,39.128727,-90.68451,4.1225233,0.4986536,0.055,0.11,6.870872,30.0,70.0,,54
2511283,2511447,38.86251,-90.99206,5.826469,0.42807078,0.055,0.11,9.710781,30.0,1131.0,,54
2929855,2929837,39.157444,-90.79857,4.8993745,0.4620837,0.055,0.11,8.165625,30.0,2564.0,,54
2511189,2511195,38.8965,-90.98539,9.404098,0.3465691,0.055,0.11,15.673495,50.0,1569.0,,54
3600078,3600122,39.367706,-90.516495,15.425138,0.27859655,0.05,0.1,25.708565,77.125694,1968.0,,54
5915429,5915459,39.2038,-90.437454,20.339895,0.2465936,0.05,0.1,33.899826,101.69947,2002.0,,54
2510993,2511011,38.97951,-90.933624,20.982533,0.24323264,0.05,0.1,34.97089,104.91267,528.0,,54
3599874,3601044,39.406387,-90.61303,0.68496674,1.1007614,0.06,0.12,1.1416112,3.4248338,667.0,,54
3601040,3601046,39.405067,-90.615685,65.0101,0.14768963,0.045,0.09,108.35017,325.0505,76.0,,54
2938505,2938507,39.14641,-90.70856,113.94357,0.11530053,0.045,0.09,189.90596,569.7179,788.0,,54
2930935,2930855,39.1378,-90.69835,1.1498178,0.8758835,0.06,0.12,1.916363,5.7490892,102.0,,54
2930829,2930653,39.127327,-90.70485,2.0853288,0.6735691,0.06,0.12,3.475548,10.426644,679.0,,54
2929959,2930663,39.1225,-90.70023,0.8254645,1.0137833,0.06,0.12,1.3757741,4.127322,43.0,,54
2929975,2929973,39.121532,-90.69902,0.7221187,1.0754074,0.06,0.12,1.203531,3.6105933,299.0,,54
2930685,2931025,39.11557,-90.67743,0.8620192,0.99458724,0.06,0.12,1.4366986,4.310096,747.0,,54
2930683,2931025,39.11526,-90.67481,1.4790314,0.7837985,0.06,0.12,2.4650524,7.395157,659.0,,54
2931007,2930949,39.10731,-90.67338,0.55473393,1.2080871,0.06,0.12,0.92455655,2.7736695,467.0,,54
2510989,2510993,38.983387,-90.92313,1.8233416,0.7146701,0.06,0.12,3.0389028,9.116709,1893.0,,55
2511155,2511189,38.909866,-90.99159,1.7893794,0.72062296,0.06,0.12,2.9822989,8.946897,2004.0,,55
2512117,2512125,38.963543,-91.02588,2.7879353,0.59257895,0.06,0.12,4.646559,13.939676,5635.0,,55
2512123,2512125,38.95239,-91.03557,2.793825,0.5920275,0.06,0.12,4.656375,13.969125,5870.0,,55
2930003,2930005,39.11332,-90.64718,1.8005388,0.7186491,0.06,0.12,3.000898,9.002694,1847.0,,55
2931091,2930027,39.106693,-90.674835,0.7444068,1.0610814,0.06,0.12,1.2406781,3.7220342,507.0,,55
3599940,3599942,39.406628,-90.60797,1.6649486,0.74390525,0.06,0.12,2.7749143,8.324742,2913.0,,55
3600050,3600070,39.382877,-90.528564,1.662502,0.74438804,0.06,0.12,2.7708368,8.3125105,2225.0,,55
3600102,3600106,39.36714,-90.69474,2.2877393,0.6465956,0.06,0.12,3.8128989,11.438697,3673.0,,55
3600188,3600078,39.356842,-90.51259,1.6157365,0.7538176,0.06,0.12,2.692894,8.078682,2213.0,,55
3600224,3600148,39.353016,-90.69921,2.5948443,0.6116434,0.06,0.12,4.3247404,12.974221,3108.0,,55
5915389,5915437,39.220108,-90.45061,2.0556123,0.67784774,0.06,0.12,3.4260206,10.278062,3180.0,,55
5915413,5915439,39.210175,-90.46203,1.5844475,0.7603491,0.06,0.12,2.6407459,7.9222374,2409.0,,55
5915415,5915439,39.20612,-90.46384,1.568147,0.76382595,0.06,0.12,2.6135783,7.840735,1752.0,,55
2511285,2511283,38.85995,-90.99848,1.402815,0.8023084,0.06,0.12,2.3380249,7.014075,434.0,,55
2929689,2929741,39.19631,-90.76313,2.9649062,0.5767058,0.06,0.12,4.94151,14.824532,438.0,,55
2930021,2931075,39.11106,-90.70671,1.6405212,0.7487719,0.06,0.12,2.734202,8.202605,1304.0,,55
3600164,3600194,39.359932,-90.54279,2.1804745,0.6604405,0.06,0.12,3.6341243,10.902373,1026.0,,55
3600166,3600194,39.36103,-90.54364,0.9628726,0.94720393,0.06,0.12,1.6047877,4.814363,1220.0,,55
3601914,3601746,38.996056,-90.40177,1.7108264,0.7350375,0.06,0.12,2.8513772,8.5541315,289.0,,55
5915381,5915429,39.22179,-90.43555,2.9783952,0.57555205,0.06,0.12,4.963992,14.891976,3578.0,,55
5915391,5915437,39.213722,-90.45313,1.9900894,0.6876048,0.06,0.12,3.3168159,10.0,1514.0,,55
5915441,5915443,39.201885,-90.42472,2.6266167,0.6083682,0.06,0.12,4.3776946,13.133083,2652.0,,55
2510987,2510997,38.988213,-90.95143,3.0034695,0.57342726,0.06,0.12,5.0057826,15.017347,1355.0,,55
3600092,3600106,39.373222,-90.68199,2.8204122,0.58955884,0.06,0.12,4.700687,14.10206,1918.0,,55
2511009,2510997,38.973167,-90.96199,2.7802162,0.5933042,0.06,0.12,4.6336937,13.901081,4209.0,,55
2931073,2931065,39.126312,-90.68179,0.7002882,1.0900707,0.06,0.12,1.1671469,3.501441,636.0,,55
3599916,3601042,39.40016,-90.63184,4.2511654,0.4919393,0.055,0.11,7.0852757,30.0,3202.0,,55
2929877,2929855,39.148804,-90.80936,2.3891602,0.6343392,0.06,0.12,3.9819336,11.945801,506.0,,55
3600048,3600070,39.375896,-90.52148,3.458136,0.53885263,0.055,0.11,5.7635603,30.0,164.0,,55
3599938,3599942,39.39591,-90.60334,5.4970613,0.43920398,0.055,0.11,9.161769,50.0,421.0,,55
5915481,5915443,39.19483,-90.43079,4.835746,0.46475628,0.055,0.11,8.059576,30.0,1373.0,,55
2929743,2929741,39.190502,-90.76883,5.0704503,0.4551395,0.055,0.11,8.45075,30.0,1931.0,,55
937110086,2931065,39.129635,-90.68415,4.1143417,0.49909082,0.055,0.11,6.857236,30.0,212.0,,55
2511289,2511283,38.857296,-90.99825,5.713933,0.43177003,0.055,0.11,9.523222,30.0,414.0,,55
2929857,2929855,39.151207,-90.81066,4.4725127,0.48104578,0.055,0.11,7.454188,30.0,214.0,,55
2511157,2511189,38.905952,-90.99428,9.350997,0.34743598,0.055,0.11,15.584995,50.0,1297.0,,55
3600932,3600078,39.368076,-90.50486,15.408821,0.27872667,0.05,0.1,25.681368,77.044106,1747.0,,55
5915379,5915429,39.21331,-90.424805,20.313316,0.24673589,0.05,0.1,33.85553,101.56659,1070.0,,55
2510991,2510993,38.979847,-90.94082,20.976568,0.24326316,0.05,0.1,34.960945,104.88284,2410.0,,55
3601038,3601040,39.40769,-90.61799,2.7442942,0.596718,0.06,0.12,4.5738235,13.721471,680.0,,55
3607060,3599874,39.409496,-90.61445,1.464,0.78733873,0.06,0.12,2.44,7.32,135.0,,55
3601036,3601040,39.407135,-90.61544,65.008095,0.14769164,0.045,0.09,108.34682,325.04047,391.0,,55
2930639,2938505,39.165462,-90.71003,113.941826,0.1153013,0.045,0.09,189.90305,569.7091,3622.0,,55
2930641,2938505,39.149536,-90.71374,3.74592,0.52018034,0.06,0.12,6.2432,18.729599,448.0,,55
2930931,2930935,39.14045,-90.698845,0.68885934,1.0980129,0.06,0.12,1.148099,3.4442968,501.0,,55
2930831,2930829,39.130306,-90.71178,1.2566179,0.8422254,0.06,0.12,2.0943632,6.2830896,753.0,,55
2930933,2930935,39.138355,-90.6989,1.0246284,0.92157954,0.06,0.12,1.707714,5.1231422,96.0,,55
2930833,2930829,39.130432,-90.70886,1.8180608,0.7155852,0.06,0.12,3.0301013,9.090303,317.0,,55
2929961,2929959,39.123367,-90.702156,0.81302154,1.0205994,0.06,0.12,1.3550359,4.065108,392.0,,55
2930817,2930683,39.11831,-90.67545,0.29510972,1.595972,0.06,0.12,0.49184954,1.4755486,30.0,,55
2930819,2930683,39.11832,-90.67532,1.1771085,0.8668658,0.06,0.12,1.9618477,5.885543,24.0,,55
2510981,2510987,38.99448,-90.96954,1.9724108,0.690317,0.06,0.12,3.2873511,9.862054,2474.0,,56
2512391,2511285,38.865925,-91.00232,1.1811996,0.86553997,0.06,0.12,1.968666,5.9059978,1080.0,,56
2929685,2929689,39.20347,-90.760506,2.1149037,0.66939723,0.06,0.12,3.5248394,10.574518,1613.0,,56
2929687,2929689,39.208347,-90.75027,2.4905372,0.6228153,0.06,0.12,4.1508956,12.452686,3840.0,,56
2929853,2929857,39.157974,-90.81767,1.4724149,0.78535044,0.06,0.12,2.4540248,7.3620744,1924.0,,56
2929943,2929877,39.138805,-90.81399,1.4959707,0.7798705,0.06,0.12,2.4932847,7.4798536,2161.0,,56
2929993,2930021,39.12042,-90.706436,1.1219596,0.8854126,0.06,0.12,1.8699325,5.6097975,848.0,,56
3600038,3600092,39.38471,-90.69765,1.889994,0.7034393,0.06,0.12,3.14999,9.44997,2310.0,,56
3600042,3600048,39.387184,-90.52482,1.802635,0.7182803,0.06,0.12,3.0043917,9.013175,2630.0,,56
3600220,3600164,39.349808,-90.52719,2.1027713,0.6710984,0.06,0.12,3.504619,10.513856,3339.0,,56
3601762,3601914,38.99074,-90.400764,1.4095968,0.80060315,0.06,0.12,2.349328,7.047984,852.0,,56
5915231,5915381,39.235973,-90.4676,2.2070353,0.65692216,0.06,0.12,3.6783922,11.035176,3821.0,,56
5915245,5915381,39.23161,-90.46856,1.9640882,0.691606,0.06,0.12,3.2734802,9.82044,3657.0,,56
5915307,5915391,39.22174,-90.464455,1.3780588,0.80863553,0.06,0.12,2.2967646,6.8902936,1428.0,,56
5915315,5915391,39.220028,-90.4683,1.4191766,0.7982144,0.06,0.12,2.3652942,7.095883,2104.0,,56
5915507,5915441,39.194725,-90.400635,2.2052164,0.6571611,0.06,0.12,3.6753607,11.026082,3064.0,,56
2510983,2510987,38.99009,-90.96215,2.5554793,0.6157824,0.06,0.12,4.259132,12.777396,808.0,,56
3599914,3599916,39.39893,-90.65852,3.324475,0.5483054,0.06,0.12,5.540792,16.622375,1895.0,,56
3600046,3600092,39.379658,-90.69642,1.9873705,0.6880197,0.06,0.12,3.312284,9.936852,1518.0,,56
3601244,3601038,39.41102,-90.61921,2.5307884,0.6184256,0.06,0.12,4.217981,12.653942,80.0,,56
5915505,5915481,39.187534,-90.427864,1.9027352,0.70135725,0.06,0.12,3.1712253,10.0,622.0,,56
2511441,2511009,38.96968,-90.98569,2.1255996,0.667909,0.06,0.12,3.5426662,10.627998,417.0,,56
3599898,3599916,39.40591,-90.65359,2.7437649,0.5967688,0.06,0.12,4.5729413,13.718824,1529.0,,56
5915351,5915379,39.217495,-90.41297,2.1372676,0.666298,0.06,0.12,3.5621126,10.686337,1474.0,,56
2929913,2929877,39.142536,-90.80814,2.1012173,0.67131734,0.06,0.12,3.502029,10.506087,962.0,,56
3599924,3599938,39.401093,-90.60089,3.8941844,0.511348,0.055,0.11,6.4903073,30.0,1068.0,,56
3600040,3600048,39.38109,-90.51513,3.271323,0.552218,0.055,0.11,5.452205,30.0,1887.0,,56
3599926,3599938,39.400463,-90.5898,4.7125106,0.47007957,0.055,0.11,7.854184,30.0,2321.0,,56
3600088,3600932,39.372482,-90.48874,4.2886863,0.49003586,0.055,0.11,7.1478105,30.0,3203.0,,56
5915527,5915481,39.18646,-90.42368,4.6556697,0.47260296,0.055,0.11,7.7594495,30.0,1633.0,,56
2929745,2929743,39.18202,-90.76994,5.0161295,0.45730743,0.055,0.11,8.360216,30.0,96.0,,56
937110087,937110086,39.12998,-90.68273,2.7692096,0.5943434,0.06,0.12,4.6153493,13.846047,131.0,,56
937110051,937110086,39.135387,-90.68671,3.6203907,0.52806175,0.06,0.12,6.033984,18.101954,1394.0,,56
2512399,2511289,38.856144,-91.000374,5.7050304,0.43206716,0.055,0.11,9.508384,30.0,50.0,,56
2929859,2929857,39.151352,-90.813515,4.4110045,0.48399368,0.055,0.11,7.351674,30.0,296.0,,56
2512257,2511157,38.90621,-91.00471,9.321603,0.3479189,0.055,0.11,15.536004,50.0,1039.0,,56
2510977,2510991,38.994118,-90.938416,6.805224,0.39972746,0.055,0.11,11.34204,34.02612,1382.0,,56
3600140,3600932,39.36138,-90.4977,15.279259,0.27976695,0.05,0.1,25.465431,76.39629,959.0,,56
5915317,5915379,39.218384,-90.41894,20.296228,0.24682751,0.05,0.1,33.82705,101.48115,460.0,,56
2510979,2510991,38.9923,-90.9491,20.710152,0.24463882,0.05,0.1,34.51692,103.55076,2045.0,,56
3601240,3601038,39.413284,-90.61841,1.5023878,0.77839917,0.06,0.12,2.5039797,7.511939,533.0,,56
3601030,3601036,39.409317,-90.61515,65.008064,0.14769165,0.045,0.09,108.34678,325.04034,101.0,,56
2938449,2930639,39.182926,-90.71399,113.94151,0.115301445,0.045,0.09,189.90251,569.7076,395.0,,56
2930861,2930641,39.15599,-90.72096,3.7343874,0.52088845,0.06,0.12,6.223979,18.671936,1763.0,,56
2930941,2930831,39.13381,-90.71465,0.31398228,1.5529164,0.06,0.12,0.5233038,1.5699115,150.0,,56
2929909,2930933,39.139877,-90.70046,1.0110203,0.9270315,0.06,0.12,1.6850338,5.0551014,392.0,,56
2930945,2930833,39.132423,-90.70987,1.7672678,0.7245869,0.06,0.12,2.9454463,8.836339,162.0,,56
2930947,2930833,39.13175,-90.71032,0.5301118,1.2325287,0.06,0.12,0.88351965,2.650559,118.0,,56
2931027,2929961,39.12509,-90.70269,0.33087736,1.5174209,0.06,0.12,0.5514623,1.6543869,178.0,,56
2929979,2930819,39.119175,-90.67564,1.1771085,0.8668658,0.06,0.12,1.9618477,5.885543,161.0,,56
2929981,2930817,39.11845,-90.67603,0.29510972,1.595972,0.06,0.12,0.49184954,1.4755486,80.0,,56
2510985,2510983,38.98573,-90.97463,1.3994001,0.8031716,0.06,0.12,2.3323336,6.997,1658.0,,57
2510995,2510983,38.981262,-90.98054,2.292626,0.6459872,0.06,0.12,3.8210433,11.46313,3764.0,,57
2929807,2929745,39.173454,-90.79775,2.3907173,0.6341569,0.06,0.12,3.9845288,11.953587,5289.0,,57
2929861,2929859,39.158398,-90.82628,2.0250378,0.682344,0.06,0.12,3.3750627,10.125189,2663.0,,57
3599836,3601244,39.42198,-90.63892,2.5292394,0.6185927,0.06,0.12,4.215399,12.646196,4503.0,,57
3599842,3599898,39.414066,-90.67086,1.6635514,0.7441808,0.06,0.12,2.7725856,8.317757,2187.0,,57
3599912,3599914,39.404255,-90.6828,2.1942415,0.6586092,0.06,0.12,3.6570692,10.971208,3132.0,,57
3599954,3599914,39.395187,-90.68676,2.343657,0.6397435,0.06,0.12,3.906095,11.718286,3264.0,,57
3600052,3600046,39.378716,-90.71143,1.5977868,0.757542,0.06,0.12,2.662978,7.988934,1267.0,,57
5915565,5915505,39.178986,-90.43202,1.3295668,0.82151675,0.06,0.12,2.2159448,6.6478343,1786.0,,57
5915575,5915505,39.17989,-90.438576,1.5618498,0.7651831,0.06,0.12,2.6030831,7.8092494,2213.0,,57
2511007,2511441,38.969704,-90.99426,2.0302749,0.6815669,0.06,0.12,3.3837914,10.151375,1136.0,,57
2931061,937110087,39.129738,-90.68162,1.8253874,0.7143166,0.06,0.12,3.0423121,9.126937,100.0,,57
3599840,3599898,39.411564,-90.659454,2.3371701,0.6405263,0.06,0.12,3.8952835,11.68585,324.0,,57
3599974,3600040,39.38863,-90.510124,2.1680012,0.6621142,0.06,0.12,3.6133354,10.840006,534.0,,57
3599996,3600088,39.386616,-90.48004,1.9741673,0.69004595,0.06,0.12,3.290279,10.0,557.0,,57
3600184,3600140,39.3534,-90.495865,2.363796,0.63733315,0.06,0.12,3.93966,11.81898,1114.0,,57
5915535,5915527,39.18207,-90.41532,2.3409584,0.64006877,0.06,0.12,3.9015973,11.704792,943.0,,57
5916037,5915351,39.21257,-90.40557,1.9438812,0.6947686,0.06,0.12,3.239802,9.719406,561.0,,57
2930643,2929913,39.138042,-90.80816,1.9464616,0.6943621,0.06,0.12,3.2441027,9.732308,276.0,,57
3599862,3599924,39.415737,-90.60056,3.3786795,0.544407,0.06,0.12,5.631132,16.893396,2215.0,,57
3599972,3600040,39.391506,-90.5047,2.6847057,0.60252535,0.06,0.12,4.4745097,13.423529,1375.0,,57
3600924,3599924,39.40585,-90.59588,2.565016,0.61477125,0.06,0.12,4.275027,12.82508,854.0,,57
2512413,2512399,38.85195,-91.00264,3.1417658,0.5621511,0.06,0.12,5.2362766,15.70883,954.0,,57
3599880,3599926,39.40225,-90.57494,4.098733,0.49992844,0.06,0.12,6.831222,20.493666,437.0,,57
3599906,3599926,39.399384,-90.57792,3.0767787,0.5673589,0.06,0.12,5.127964,15.383893,431.0,,57
3599994,3600088,39.38825,-90.47067,3.8069947,0.51648206,0.055,0.11,6.344991,30.0,1988.0,,57
5915567,5915527,39.17824,-90.41894,4.3745914,0.4857669,0.055,0.11,7.290986,30.0,782.0,,57
2929739,2929745,39.18864,-90.7758,4.8136673,0.46569553,0.055,0.11,8.0227785,30.0,1818.0,,57
2931069,937110087,39.128536,-90.68121,2.4575336,0.6264916,0.06,0.12,4.0958896,12.287668,292.0,,57
5915289,5915317,39.22846,-90.424095,4.5442305,0.47768152,0.06,0.12,7.573717,22.721151,3407.0,,57
2510973,2510977,38.99937,-90.92213,4.2818356,0.4903816,0.06,0.12,7.1363926,21.409178,1946.0,,57
2930623,2938449,39.186424,-90.71262,2.5352705,0.61794305,0.06,0.12,4.2254505,12.676352,479.0,,57
937110050,937110051,39.14124,-90.689545,3.5086794,0.5354142,0.06,0.12,5.847799,17.543396,100.0,,57
2512403,2512399,38.85825,-91.01355,5.347227,0.44459158,0.055,0.11,8.9120455,30.0,2988.0,,57
2929873,2929859,39.148525,-90.817635,4.247542,0.49212438,0.055,0.11,7.079237,30.0,645.0,,57
2512251,2512257,38.91135,-91.00864,6.0460033,0.42114243,0.055,0.11,10.076672,30.230017,1013.0,,57
2512261,2512257,38.90542,-91.00994,8.326788,0.3656802,0.055,0.11,13.87798,41.63394,372.0,,57
2510971,2510977,38.998047,-90.93073,6.0978775,0.41955808,0.055,0.11,10.16313,30.489388,548.0,,57
3600142,3600140,39.357887,-90.49417,15.252643,0.2799822,0.05,0.1,25.42107,76.263214,90.0,,57
5915287,5915317,39.221146,-90.415184,20.211039,0.24728596,0.05,0.1,33.685066,101.0552,451.0,,57
2507383,2510979,39.00254,-90.949135,20.706503,0.24465783,0.05,0.1,34.510838,103.53252,670.0,,57
3601032,3601030,39.412373,-90.615204,65.00806,0.14769167,0.045,0.09,108.34676,325.04028,571.0,,57
2930625,2938449,39.187054,-90.71491,113.940956,0.1153017,0.045,0.09,189.90158,569.7048,546.0,,57
2930859,2930861,39.169735,-90.728676,3.1867197,0.55863863,0.06,0.12,5.3111997,15.9335985,1669.0,,57
2930839,2930861,39.17252,-90.71844,2.5122335,0.62043655,0.06,0.12,4.187056,12.561168,2150.0,,57
2930927,2930945,39.136917,-90.71254,0.9998721,0.93157744,0.06,0.12,1.6664535,4.9993606,960.0,,57
2930929,2929909,39.142063,-90.70027,0.9474786,0.95396286,0.06,0.12,1.579131,4.737393,94.0,,57
2929935,2930947,39.132446,-90.71204,0.4921254,1.2736303,0.06,0.12,0.820209,2.460627,237.0,,57
2930939,2930945,39.133167,-90.71078,1.6325823,0.75037605,0.06,0.12,2.7209706,8.162911,116.0,,57
2930669,2929979,39.119183,-90.676796,1.0626479,0.9068847,0.06,0.12,1.7710799,5.31324,88.0,,57
2930673,2929981,39.118763,-90.67687,1.464,0.78733873,0.06,0.12,2.44,7.32,87.0,,57
2507325,2507383,39.004215,-90.95178,1.5349295,0.771075,0.06,0.12,2.5582159,7.6746473,1160.0,,58
2510969,2510973,38.996292,-90.90085,2.0544527,0.67801654,0.06,0.12,3.4240878,10.272264,1932.0,,58
2512011,2511007,38.97321,-91.00613,1.6190592,0.7531347,0.06,0.12,2.698432,8.095296,1171.0,,58
2512419,2512403,38.8565,-91.02951,1.9153128,0.69932157,0.06,0.12,3.192188,9.576564,2582.0,,58
2930459,2931061,39.130024,-90.670166,1.8192369,0.7153811,0.06,0.12,3.0320613,9.096184,1982.0,,58
3599788,3599862,39.428703,-90.593056,2.0387888,0.6803098,0.06,0.12,3.3979812,10.193944,1609.0,,58
3599828,3599840,39.422157,-90.67254,2.1364074,0.6664163,0.06,0.12,3.5606792,10.682037,3211.0,,58
3599858,3600924,39.415253,-90.58944,1.7572658,0.72640353,0.06,0.12,2.9287763,8.786329,2212.0,,58
3599866,3599880,39.403526,-90.55227,2.0565393,0.677713,0.06,0.12,3.4275653,10.282696,3564.0,,58
3599948,3599974,39.39865,-90.5112,1.35865,0.81371164,0.06,0.12,2.2644167,6.7932496,1821.0,,58
3599950,3599974,39.399315,-90.51853,1.926944,0.6974562,0.06,0.12,3.2115734,9.63472,2546.0,,58
3599960,3599996,39.396057,-90.482574,1.6886995,0.73927104,0.06,0.12,2.8144991,8.443497,2125.0,,58
3599962,3599996,39.39324,-90.48477,1.3126153,0.8261806,0.06,0.12,2.1876922,6.563076,1369.0,,58
3600004,3599906,39.388275,-90.584366,1.9546746,0.69307345,0.06,0.12,3.257791,9.773373,2377.0,,58
3600222,3600142,39.34493,-90.48834,1.7011727,0.73687476,0.06,0.12,2.8352878,8.505863,2999.0,,58
3600936,3600184,39.344345,-90.506386,1.8875352,0.7038434,0.06,0.12,3.145892,9.437675,2384.0,,58
3600938,3600184,39.33875,-90.49806,1.6469615,0.7474787,0.06,0.12,2.7449358,8.234807,2394.0,,58
5915425,5916037,39.202106,-90.40075,1.7541174,0.7269784,0.06,0.12,2.923529,8.770587,2363.0,,58
5915545,5915535,39.182827,-90.400185,1.6781094,0.7413257,0.06,0.12,2.796849,8.390547,2049.0,,58
5915581,5915535,39.17537,-90.40081,1.7151197,0.73422515,0.06,0.12,2.858533,8.575599,2508.0,,58
5915959,5915289,39.247963,-90.427414,2.0958726,0.67207205,0.06,0.12,3.4931211,10.479363,2057.0,,58
2512443,2512413,38.84337,-91.00679,2.2318044,0.6536956,0.06,0.12,3.719674,11.159022,1527.0,,58
2930645,2930643,39.13686,-90.80873,1.8673569,0.7071887,0.06,0.12,3.1122615,9.336784,7.0,,58
3599856,3600924,39.420013,-90.58236,2.172591,0.66149676,0.06,0.12,3.6209848,10.862954,5016.0,,58
3599902,3599972,39.397224,-90.50237,2.3231764,0.6422256,0.06,0.12,3.8719606,11.615882,301.0,,58
3599930,3599994,39.395397,-90.466034,2.7440295,0.5967434,0.06,0.12,4.5733824,13.720147,617.0,,58
3600918,3599862,39.436874,-90.59618,2.7650437,0.5947383,0.06,0.12,4.608406,13.825218,3204.0,,58
5915281,5915287,39.22638,-90.411156,1.1784753,0.8664221,0.06,0.12,1.9641255,5.8923764,1475.0,,58
5915599,5915567,39.172436,-90.42206,2.3493943,0.6390538,0.06,0.12,3.915657,11.746971,1012.0,,58
2512233,2512251,38.9156,-91.01026,2.084201,0.6737299,0.06,0.12,3.4736683,10.421005,164.0,,58
2512281,2512261,38.901398,-91.01324,2.898817,0.58246994,0.06,0.12,4.831362,14.494085,937.0,,58
2512421,2512413,38.848083,-91.009094,2.5864112,0.6125224,0.06,0.12,4.310685,12.932055,621.0,,58
2929885,2929873,39.146187,-90.82222,2.6831863,0.60267586,0.06,0.12,4.471977,13.415932,387.0,,58
2931067,2931069,39.12729,-90.68045,1.6914115,0.7387479,0.06,0.12,2.819019,8.457058,28.0,,58
3599868,3599880,39.40765,-90.57171,3.8726075,0.51260304,0.06,0.12,6.4543457,19.363037,1011.0,,58
3599928,3599994,39.394955,-90.46367,2.8842344,0.58376735,0.06,0.12,4.8070574,14.421172,577.0,,58
3599952,3599906,39.397713,-90.57078,2.7561507,0.59558415,0.06,0.12,4.5935845,13.780753,1594.0,,58
5915625,5915567,39.169685,-90.41511,4.0634637,0.5018382,0.055,0.11,6.772439,30.0,1800.0,,58
2929701,2929739,39.195698,-90.77545,4.2512784,0.49193352,0.06,0.12,7.085464,21.256392,178.0,,58
2929707,2929739,39.198196,-90.78195,2.91526,0.5810182,0.06,0.12,4.8587666,14.576301,1672.0,,58
2931071,2931069,39.125954,-90.67988,2.127336,0.66766846,0.06,0.12,3.5455601,10.636681,321.0,,58
5915195,5915289,39.239986,-90.437996,4.1338415,0.4980508,0.06,0.12,6.8897357,20.669207,2364.0,,58
2510967,2510973,38.9989,-90.91113,3.9923625,0.5057617,0.06,0.12,6.6539373,19.961813,328.0,,58
2929733,2930623,39.185898,-90.7063,2.5032508,0.6214178,0.06,0.12,4.172085,12.516254,1197.0,,58
937110049,937110050,39.14262,-90.68914,3.4587271,0.538812,0.06,0.12,5.7645454,17.293636,200.0,,58
2512377,2512403,38.866695,-91.0291,5.0742245,0.45499012,0.055,0.11,8.457041,30.0,554.0,,58
2929903,2929873,39.144444,-90.819664,3.808816,0.51637304,0.055,0.11,6.3480268,30.0,642.0,,58
2512235,2512251,38.91733,-91.02201,5.937067,0.42453423,0.055,0.11,9.895111,30.0,2125.0,,58
2512267,2512261,38.905106,-91.01661,8.192188,0.3683188,0.055,0.11,13.653647,40.96094,975.0,,58
2515905,2510971,39.000065,-90.929276,6.085469,0.4199353,0.055,0.11,10.142447,30.427343,9.0,,58
3600150,3600142,39.358143,-90.48955,15.244371,0.28004923,0.05,0.1,25.407286,76.221855,809.0,,58
5915279,5915287,39.225376,-90.40878,20.208565,0.24729931,0.05,0.1,33.680943,101.04282,995.0,,58
2507319,2507383,39.005226,-90.946754,20.70212,0.24468069,0.05,0.1,34.503532,103.5106,106.0,,58
3601242,3601032,39.423527,-90.61681,65.008,0.14769171,0.045,0.09,108.34667,325.04,1981.0,,58
2930621,2930625,39.19846,-90.71774,113.9397,0.11530226,0.045,0.09,189.8995,569.6985,2080.0,,58
2930619,2930625,39.19153,-90.71395,3.3617218,0.54561687,0.06,0.12,5.6028695,16.808609,554.0,,58
2930825,2930859,39.18987,-90.73312,2.0154476,0.68377453,0.06,0.12,3.3590794,10.077238,3009.0,,58
2930849,2930859,39.1769,-90.73388,2.7852383,0.592832,0.06,0.12,4.6420636,13.926191,204.0,,58
2930841,2930929,39.143303,-90.70286,0.92942363,0.9620947,0.06,0.12,1.5490394,4.647118,551.0,,58
2929929,2930939,39.13378,-90.71231,1.629313,0.75104,0.06,0.12,2.7155216,8.1465645,205.0,,58
2930943,2929935,39.133125,-90.71374,1.464,0.78733873,0.06,0.12,2.44,7.32,110.0,,58
2930671,2930669,39.118996,-90.67814,1.0448371,0.91367275,0.06,0.12,1.7413951,5.2241855,168.0,,58
2507317,2507319,39.011375,-90.94146,1.3994001,0.8031716,0.06,0.12,2.3323336,6.997,1710.0,,59
2512211,2512235,38.924873,-91.049095,1.9841478,0.68851244,0.06,0.12,3.306913,9.920739,3148.0,,59
2512229,2512233,38.923744,-91.01102,1.7394915,0.72966886,0.06,0.12,2.8991525,8.697457,1728.0,,59
2512247,2512267,38.914124,-91.03229,1.966112,0.6912918,0.06,0.12,3.2768533,9.83056,2593.0,,59
2512539,2512443,38.834873,-91.00845,1.8681946,0.70704883,0.06,0.12,3.1136575,9.340973,610.0,,59
2929693,2929701,39.21308,-90.79657,2.772715,0.59401184,0.06,0.12,4.6211915,13.863575,5675.0,,59
2929717,2929707,39.19258,-90.80245,1.8011382,0.7185436,0.06,0.12,3.0018969,9.005691,2305.0,,59
2929915,2929885,39.141163,-90.841415,1.8047265,0.717913,0.06,0.12,3.0078773,9.023632,3286.0,,59
2929989,2930645,39.128788,-90.81074,1.8673569,0.7071887,0.06,0.12,3.1122615,9.336784,2068.0,,59
3599666,3600918,39.453167,-90.58425,1.6815398,0.7406581,0.06,0.12,2.8025663,8.407699,1089.0,,59
3599728,3599856,39.44455,-90.57643,1.5650046,0.7645022,0.06,0.12,2.608341,7.8250227,1175.0,,59
3599882,3599930,39.40913,-90.47073,2.0204933,0.68302065,0.06,0.12,3.3674889,10.102467,3025.0,,59
3599884,3599930,39.406895,-90.47967,2.2649188,0.64946175,0.06,0.12,3.7748644,11.324594,3418.0,,59
3599888,3599902,39.406555,-90.501686,2.026945,0.68206066,0.06,0.12,3.378242,10.134726,1950.0,,59
3599892,3599902,39.402744,-90.509384,1.5665773,0.7641635,0.06,0.12,2.6109622,7.832886,1781.0,,59
3599896,3599928,39.404133,-90.45253,2.4174008,0.6310591,0.06,0.12,4.0290017,12.087005,2901.0,,59
3599956,3599952,39.3912,-90.55375,1.8757004,0.7057992,0.06,0.12,3.1261673,9.378502,2668.0,,59
5915163,5915195,39.248142,-90.459656,2.0074685,0.6849722,0.06,0.12,3.3457808,10.037342,2530.0,,59
5915321,5915279,39.222343,-90.399506,1.4467298,0.79147154,0.06,0.12,2.4112165,7.2336493,1755.0,,59
5915611,5915599,39.167282,-90.431335,1.6572359,0.74543065,0.06,0.12,2.7620597,8.28618,1711.0,,59
5915651,5915599,39.160107,-90.42773,1.8035319,0.71812266,0.06,0.12,3.0058866,9.017659,2320.0,,59
2512227,2512233,38.91911,-91.00531,1.5328835,0.7715289,0.06,0.12,2.5548058,7.6644173,1063.0,,59
2512299,2512281,38.89216,-91.01686,2.5119195,0.6204708,0.06,0.12,4.1865325,12.559597,1681.0,,59
2512313,2512281,38.89076,-91.00809,1.8369926,0.71232224,0.06,0.12,3.0616543,9.184963,1734.0,,59
2512423,2512377,38.8575,-91.04203,1.8589405,0.7085995,0.06,0.12,3.0982342,9.294703,2909.0,,59
2512429,2512421,38.848602,-91.022896,2.0607,0.67710894,0.06,0.12,3.4345,10.3035,2157.0,,59
2512445,2512421,38.83989,-91.016525,1.9177032,0.6989369,0.06,0.12,3.1961718,9.588515,1575.0,,59
2929753,2929733,39.18119,-90.702644,1.6856382,0.7398631,0.06,0.12,2.809397,10.0,506.0,,59
2929881,2929885,39.147987,-90.826004,2.3440166,0.63970023,0.06,0.12,3.9066942,11.720082,460.0,,59
2930461,2931067,39.127094,-90.669044,1.691073,0.7388131,0.06,0.12,2.818455,8.455365,2040.0,,59
3599822,3599868,39.413155,-90.55686,2.6038108,0.6107133,0.06,0.12,4.3396845,13.019053,2421.0,,59
3599824,3599868,39.420334,-90.56888,3.2789254,0.5516528,0.06,0.12,5.4648757,16.394627,1871.0,,59
3599894,3599928,39.402454,-90.45959,2.0655336,0.67640936,0.06,0.12,3.4425561,10.327668,1261.0,,59
3600018,3599952,39.386147,-90.566986,2.0446608,0.6794471,0.06,0.12,3.4077678,10.223304,1333.0,,59
3601028,3601242,39.432785,-90.61599,1.6026868,0.7565194,0.06,0.12,2.6711447,8.013433,172.0,,59
5915647,5915625,39.159092,-90.41288,2.6955693,0.6014529,0.06,0.12,4.492615,13.477846,761.0,,59
5915695,5915625,39.155987,-90.40046,3.3775303,0.5444887,0.06,0.12,5.6292176,16.887651,2633.0,,59
2929691,2929701,39.202908,-90.77317,3.7891836,0.51755166,0.06,0.12,6.315306,18.945919,1522.0,,59
2929721,2929707,39.19119,-90.790184,2.5011935,0.6216433,0.06,0.12,4.168656,12.505967,715.0,,59
2931059,2931071,39.124176,-90.67823,2.1107278,0.6699812,0.06,0.12,3.5178795,10.553638,182.0,,59
5915961,5915195,39.258324,-90.44522,3.8410378,0.5144575,0.06,0.12,6.4017296,19.205189,2715.0,,59
937110085,937110049,39.143055,-90.688255,2.3616734,0.6375858,0.06,0.12,3.9361222,11.808366,36.0,,59
2507385,2510967,39.00502,-90.908295,3.9839742,0.50623125,0.06,0.12,6.639957,19.91987,1516.0,,59
2929735,2929733,39.183304,-90.702736,2.0302749,0.6815669,0.06,0.12,3.3837914,10.151375,217.0,,59
2929921,2929903,39.139843,-90.82621,2.9455423,0.57837534,0.06,0.12,4.9092374,14.727712,1040.0,,59
2930925,2930619,39.193466,-90.71149,2.9771533,0.57565796,0.06,0.12,4.961922,14.885767,117.0,,59
937110084,937110049,39.143574,-90.688354,3.0090113,0.5729611,0.06,0.12,5.015019,15.045056,93.0,,59
2512375,2512377,38.86699,-91.03261,4.971477,0.459115,0.055,0.11,8.285795,30.0,70.0,,59
2929945,2929903,39.13623,-90.82315,3.022012,0.57187235,0.06,0.12,5.0366864,15.11006,1331.0,,59
2512207,2512235,38.925617,-91.0342,5.7800016,0.42958564,0.055,0.11,9.633336,30.0,650.0,,59
2512269,2512267,38.905273,-91.02943,8.120237,0.36975506,0.055,0.11,13.53373,40.60119,1647.0,,59
2507323,2515905,39.00955,-90.93081,6.085469,0.4199353,0.055,0.11,10.142447,30.427343,2377.0,,59
3600152,3600150,39.35569,-90.48439,0.74273807,1.0621325,0.06,0.12,1.2378968,3.7136905,262.0,,59
3600156,3600150,39.354645,-90.48425,15.240477,0.2800808,0.05,0.1,25.400795,76.202385,417.0,,59
5915251,5915279,39.23051,-90.40087,20.203943,0.24732427,0.05,0.1,33.67324,101.019714,789.0,,59
2507373,2507319,39.01455,-90.94505,20.69954,0.24469414,0.05,0.1,34.499233,103.497696,1897.0,,59
3601026,3601242,39.436165,-90.61363,65.007164,0.14769256,0.045,0.09,108.34527,325.0358,940.0,,59
2938445,2930621,39.210194,-90.71661,113.93954,0.115302324,0.045,0.09,189.89923,569.6977,544.0,,59
2930827,2930825,39.204544,-90.730675,1.6649486,0.74390525,0.06,0.12,2.7749143,8.324742,361.0,,59
2930615,2930825,39.20318,-90.73165,1.464,0.78733873,0.06,0.12,2.44,7.32,128.0,,59
2930847,2930619,39.19746,-90.708176,2.197097,0.65823144,0.06,0.12,3.6618285,10.985485,1168.0,,59
2929777,2930849,39.18866,-90.73961,2.7795713,0.59336495,0.06,0.12,4.6326184,13.897856,3312.0,,59
2930937,2929929,39.134434,-90.71401,1.6190592,0.7531347,0.06,0.12,2.698432,8.095296,157.0,,59
2930677,2930671,39.119682,-90.6826,0.9913498,0.9351021,0.06,0.12,1.6522497,4.956749,668.0,,59
2507283,2507373,39.021133,-90.9653,2.1279867,0.66757846,0.06,0.12,3.5466442,10.639933,3260.0,,60
2507303,2507385,39.01306,-90.90351,1.1562271,0.87373817,0.06,0.12,1.9270451,5.7811356,1140.0,,60
2511109,2512227,38.92203,-90.9991,0.92507505,0.9640873,0.06,0.12,1.5417918,4.6253753,275.0,,60
2512187,2512207,38.933647,-91.03274,1.7604033,0.72583205,0.06,0.12,2.9340055,8.802016,1769.0,,60
2512271,2512269,38.907722,-91.052505,1.9027352,0.70135725,0.06,0.12,3.1712253,9.513676,2794.0,,60
2512329,2512299,38.88763,-91.03485,1.8872616,0.7038884,0.06,0.12,3.145436,9.436308,2667.0,,60
2512347,2512299,38.884193,-91.021835,1.7884686,0.72078484,0.06,0.12,2.980781,8.942343,1932.0,,60
2512373,2512375,38.87262,-91.035385,1.3994001,0.8031716,0.06,0.12,2.3323336,6.997,1341.0,,60
2512531,2512313,38.88298,-91.006645,1.1526749,0.874925,0.06,0.12,1.9211248,5.763375,166.0,,60
2512535,2512423,38.845623,-91.043106,0.8254645,1.0137833,0.06,0.12,1.3757741,4.127322,157.0,,60
2512537,2512429,38.841373,-91.03385,1.3450537,0.81733024,0.06,0.12,2.2417562,6.7252684,311.0,,60
2512541,2512445,38.837383,-91.02518,1.2608225,0.8409851,0.06,0.12,2.1013708,6.3041124,383.0,,60
2929659,2929691,39.22973,-90.79333,2.578671,0.61333287,0.06,0.12,4.297785,12.893354,6211.0,,60
2929757,2929753,39.179363,-90.70162,0.19597684,1.9118643,0.06,0.12,0.32662806,0.9798842,75.0,,60
2929769,2929721,39.183216,-90.80058,1.6473178,0.7474074,0.06,0.12,2.7455297,8.236589,2012.0,,60
2929785,2929753,39.175457,-90.69848,1.5898093,0.7592167,0.06,0.12,2.6496823,7.9490466,981.0,,60
2929863,2929881,39.15545,-90.83422,1.6205318,0.7528327,0.06,0.12,2.7008862,8.102659,1876.0,,60
2929875,2929881,39.149292,-90.83951,1.9397386,0.69542277,0.06,0.12,3.2328978,9.698693,2317.0,,60
2929937,2930461,39.133896,-90.65612,1.3694419,0.81087637,0.06,0.12,2.282403,6.8472095,1079.0,,60
3599772,3601028,39.436695,-90.62605,1.5871328,0.7597813,0.06,0.12,2.6452212,7.935664,1927.0,,60
3599794,3599824,39.42791,-90.547775,2.1715496,0.6616367,0.06,0.12,3.619249,10.857747,3546.0,,60
3599820,3599822,39.416763,-90.531456,2.1536942,0.6640511,0.06,0.12,3.5894902,10.768471,2394.0,,60
3599830,3599894,39.415073,-90.46361,1.6787965,0.7411918,0.06,0.12,2.7979944,8.393983,1849.0,,60
3600044,3600018,39.379887,-90.56415,1.6961374,0.73783904,0.06,0.12,2.8268957,8.480687,981.0,,60
3600916,3599824,39.434666,-90.56303,2.5131755,0.62033397,0.06,0.12,4.188626,12.565877,1691.0,,60
5915725,5915647,39.148605,-90.42339,1.9166415,0.69910765,0.06,0.12,3.1944025,9.583207,2337.0,,60
5915767,5915647,39.141953,-90.416016,2.2080445,0.65678966,0.06,0.12,3.6800742,11.040222,3303.0,,60
5915787,5915695,39.13677,-90.39084,2.223873,0.65472317,0.06,0.12,3.7064548,11.119364,3537.0,,60
5915807,5915695,39.131714,-90.40876,2.439541,0.628526,0.06,0.12,4.0659018,12.197705,4051.0,,60
2929657,2929691,39.21664,-90.77422,3.2448711,0.5541995,0.06,0.12,5.4081187,16.224356,1636.0,,60
2929727,2929721,39.188713,-90.799126,2.169046,0.6619735,0.06,0.12,3.6150765,10.84523,1014.0,,60
2929897,937110085,39.141262,-90.67317,2.3600786,0.63777584,0.06,0.12,3.9334645,11.800393,2726.0,,60
2929957,2931059,39.12333,-90.667046,2.061853,0.6769419,0.06,0.12,3.4364214,10.309264,1990.0,,60
5915107,5915961,39.265793,-90.45672,3.397485,0.54307556,0.06,0.12,5.662475,16.987425,366.0,,60
2507279,2507323,39.020267,-90.92578,2.4187539,0.63090336,0.06,0.12,4.0312567,12.09377,680.0,,60
2507301,2507385,39.03198,-90.90084,3.8394527,0.51455116,0.06,0.12,6.399088,19.197264,6399.0,,60
2929925,2929921,39.136974,-90.83372,1.682908,0.7403924,0.06,0.12,2.8048468,8.41454,455.0,,60
3601024,3601026,39.440777,-90.61306,1.7055134,0.7360468,0.06,0.12,2.8425221,8.527567,151.0,,60
5915213,5915251,39.23347,-90.39892,2.5989676,0.6112151,0.06,0.12,4.3316126,12.994838,322.0,,60
2929879,937110084,39.144016,-90.687836,3.0065753,0.57316583,0.06,0.12,5.010959,15.032877,49.0,,60
2929947,2929921,39.133663,-90.83604,2.6491864,0.6060761,0.06,0.12,4.4153104,13.245932,1191.0,,60
2930451,2930925,39.191708,-90.703964,2.9764755,0.5757158,0.06,0.12,4.9607925,14.882378,1366.0,,60
2930627,2929735,39.18162,-90.70116,2.0147247,0.6838827,0.06,0.12,3.3578746,10.073624,262.0,,60
2512383,2512375,38.86871,-91.04668,4.911157,0.46159428,0.055,0.11,8.185262,30.0,2613.0,,60
2929963,2929945,39.12772,-90.823715,2.937449,0.57907784,0.06,0.12,4.895748,14.687244,723.0,,60
2512189,2512207,38.931572,-91.04156,5.7082243,0.43196046,0.055,0.11,9.513707,30.0,1245.0,,60
2512291,2512269,38.897213,-91.03458,8.055656,0.37105992,0.055,0.11,13.426095,40.278282,2253.0,,60
2507281,2507323,39.024204,-90.93035,5.8383484,0.4276863,0.055,0.11,9.73058,30.0,1289.0,,60
3600162,3600156,39.355503,-90.47952,15.239148,0.28009155,0.05,0.1,25.39858,76.19574,600.0,,60
5915211,5915251,39.23294,-90.39691,20.185394,0.24742453,0.05,0.1,33.642323,100.92697,90.0,,60
2507315,2507373,39.014946,-90.96421,20.687332,0.24475783,0.05,0.1,34.478886,103.43666,3115.0,05514500,60
3601022,3601026,39.447365,-90.61139,65.006485,0.14769325,0.045,0.09,108.34415,325.03244,1615.0,,60
2938441,2938445,39.213963,-90.71707,113.939514,0.11530234,0.045,0.09,189.89919,569.6976,330.0,,60
2930609,2930827,39.2088,-90.72985,1.6220016,0.75253165,0.06,0.12,2.7033362,8.110008,605.0,,60
2930917,2930847,39.204437,-90.709305,0.9411829,0.95677286,0.06,0.12,1.5686382,4.7059145,448.0,,60
2930921,2930847,39.204693,-90.7076,1.8776369,0.70547795,0.06,0.12,3.1293948,9.388185,465.0,,60
2930617,2929777,39.2032,-90.73278,1.7936177,0.7198712,0.06,0.12,2.9893627,8.968088,89.0,,60
2930857,2930937,39.137814,-90.715675,1.6079314,0.75542974,0.06,0.12,2.6798856,8.039657,759.0,,60
2507251,2507301,39.06146,-90.91839,1.7933156,0.7199247,0.06,0.12,2.9888594,8.966578,2185.0,,61
2507275,2507281,39.03621,-90.93068,1.746198,0.72843117,0.06,0.12,2.91033,8.73099,1993.0,,61
2507305,2507315,39.026134,-90.97901,2.104766,0.67081773,0.06,0.12,3.5079432,10.523829,3629.0,,61
2512155,2512189,38.943157,-91.0499,1.8189429,0.71543205,0.06,0.12,3.0315716,9.094715,2008.0,,61
2929609,2929657,39.236458,-90.76398,2.046299,0.6792071,0.06,0.12,3.4104984,10.231495,3789.0,,61
2929699,2930451,39.202316,-90.69501,1.681882,0.7405916,0.06,0.12,2.8031366,8.40941,1911.0,,61
2929729,2929727,39.19013,-90.81009,1.0997592,0.8932539,0.06,0.12,1.832932,5.498796,1063.0,,61
2929789,2929727,39.185505,-90.81839,1.9441395,0.69472784,0.06,0.12,3.2402325,9.720697,2609.0,,61
2929883,2929897,39.14575,-90.652626,1.6722466,0.7424712,0.06,0.12,2.7870774,8.361233,1197.0,,61
2929951,2929957,39.12458,-90.65087,1.810083,0.71697485,0.06,0.12,3.0168052,9.050415,1266.0,,61
2930449,2929657,39.23426,-90.78065,2.8382418,0.58792204,0.06,0.12,4.730403,14.191209,3664.0,,61
5915955,5915213,39.24592,-90.40636,1.9930475,0.68715435,0.06,0.12,3.3217459,9.965238,3054.0,,61
5915963,5915107,39.257492,-90.46841,1.8740375,0.70607543,0.06,0.12,3.1233957,9.370188,3137.0,,61
5915965,5915107,39.267857,-90.48278,2.7596884,0.5952472,0.06,0.12,4.5994806,13.798442,5084.0,,61
2507369,2507301,39.060047,-90.9062,2.4778576,0.62421936,0.06,0.12,4.1297626,12.389288,847.0,,61
2507389,2507279,39.02463,-90.91854,2.3425784,0.6398735,0.06,0.12,3.904297,11.712892,1507.0,,61
2930647,2929925,39.137043,-90.836266,1.6469615,0.7474787,0.06,0.12,2.7449358,8.234807,230.0,,61
3599726,3601024,39.44143,-90.61683,1.6971468,0.73764545,0.06,0.12,2.828578,8.485734,527.0,,61
5915225,5915213,39.232304,-90.4047,2.0952027,0.6721668,0.06,0.12,3.4920046,10.476014,970.0,,61
5915271,5915211,39.22902,-90.393105,2.3382537,0.64039534,0.06,0.12,3.8970895,11.691268,1174.0,,61
2512301,2512291,38.895298,-91.047806,1.9848924,0.6883985,0.06,0.12,3.3081539,9.924461,1305.0,,61
2929703,2930451,39.19324,-90.692055,2.6823568,0.60275805,0.06,0.12,4.470595,13.411784,1097.0,,61
2929999,2929963,39.121094,-90.82502,2.3313742,0.6412283,0.06,0.12,3.8856237,11.656872,837.0,,61
2930629,2930627,39.180717,-90.70028,1.8600669,0.7084102,0.06,0.12,3.1001115,9.300335,8.0,,61
2930657,2929947,39.1304,-90.84139,2.473495,0.62470484,0.06,0.12,4.122492,12.3674755,58.0,,61
2931055,2929879,39.148666,-90.6894,3.0059104,0.5732218,0.06,0.12,5.0098505,15.0295515,1097.0,,61
2512385,2512383,38.86824,-91.064926,4.0833755,0.5007571,0.06,0.12,6.805626,20.416878,1571.0,,61
2512441,2512383,38.850693,-91.056854,3.2970881,0.5503101,0.06,0.12,5.4951468,16.485441,3333.0,,61
2930605,2938441,39.216644,-90.71697,3.1559477,0.5610352,0.06,0.12,5.259913,15.779738,351.0,,61
3600160,3600162,39.358807,-90.47722,1.8943502,0.7027252,0.06,0.12,3.1572502,9.471751,1008.0,,61
2929967,2929963,39.124226,-90.82481,2.0200138,0.6830922,0.06,0.12,3.36669,10.100069,220.0,,61
3601018,3601022,39.45505,-90.6118,4.4561543,0.48182404,0.055,0.11,7.4269238,30.0,145.0,,61
2512159,2512189,38.934666,-91.05041,5.6018925,0.43555877,0.055,0.11,9.336488,30.0,1069.0,,61
2512285,2512291,38.897423,-91.05211,7.982936,0.3725474,0.055,0.11,13.3048935,39.91468,1947.0,,61
2507277,2507281,39.029892,-90.93892,5.721951,0.431503,0.055,0.11,9.536585,30.0,2703.0,,61
3600158,3600162,39.35501,-90.47295,15.221909,0.28023148,0.05,0.1,25.369848,76.10954,634.0,,61
5915209,5915211,39.233307,-90.39638,20.173235,0.2474903,0.05,0.1,33.62206,100.86617,31.0,,61
2507307,2507315,39.009697,-90.979454,20.668797,0.24485464,0.05,0.1,34.447994,103.34398,323.0,,61
3601016,3601022,39.455402,-90.61096,64.99762,0.14770213,0.045,0.09,108.32936,324.98807,197.0,,61
2930607,2938441,39.218155,-90.71976,113.93848,0.1153028,0.045,0.09,189.89746,569.6924,718.0,,61
2931003,2930609,39.213566,-90.72938,1.4639503,0.78735054,0.06,0.12,2.439917,7.3197513,464.0,,61
2930853,2930921,39.210426,-90.71183,1.7269015,0.73201096,0.06,0.12,2.878169,8.634507,979.0,,61
2930845,2930917,39.207184,-90.7136,0.8016421,1.0269659,0.06,0.12,1.3360703,4.0082107,580.0,,61
2931001,2930609,39.211597,-90.72947,0.7393786,1.0642589,0.06,0.12,1.2322977,3.696893,92.0,,61
2930919,2930921,39.206444,-90.70933,0.34624565,1.4873297,0.06,0.12,0.5770761,1.7312282,109.0,,61
2930613,2930617,39.20391,-90.73228,1.7854263,0.7213264,0.06,0.12,2.9757104,8.927131,113.0,,61
2930851,2930857,39.143005,-90.71471,1.4920948,0.7807636,0.06,0.12,2.4868245,7.460474,468.0,,61
2507245,2507369,39.07112,-90.90091,1.4666336,0.78671473,0.06,0.12,2.444389,7.3331676,2019.0,,62
2507247,2507369,39.07373,-90.91239,2.052362,0.6783211,0.06,0.12,3.4206033,10.26181,2444.0,,62
2507269,2507277,39.042213,-90.954285,2.0542207,0.67805034,0.06,0.12,3.423701,10.271103,2490.0,,62
2507273,2507389,39.03861,-90.91709,1.7857308,0.7212721,0.06,0.12,2.9762182,8.928655,1826.0,,62
2512275,2512285,38.912907,-91.06578,2.0669107,0.6762105,0.06,0.12,3.4448512,10.334554,2796.0,,62
2512411,2512385,38.86644,-91.087425,2.2681787,0.64904976,0.06,0.12,3.780298,11.340894,3683.0,,62
2512459,2512441,38.832535,-91.06078,1.5685389,0.76374173,0.06,0.12,2.6142316,7.8426943,1766.0,,62
2929697,2929703,39.19902,-90.68405,1.5328835,0.7715289,0.06,0.12,2.5548058,7.6644173,1146.0,,62
2929931,2930647,39.1363,-90.85027,1.5704957,0.76332176,0.06,0.12,2.617493,7.852479,2384.0,,62
3599722,3599726,39.44465,-90.62691,1.6278558,0.7513365,0.06,0.12,2.713093,8.139279,1436.0,,62
5915365,5915271,39.21838,-90.38312,1.7327343,0.7309228,0.06,0.12,2.8878906,8.6636715,2059.0,,62
5915397,5915271,39.21527,-90.389336,1.8215847,0.7149741,0.06,0.12,3.0359745,9.1079235,2391.0,,62
5915957,5915225,39.241013,-90.41503,1.870703,0.7066304,0.06,0.12,3.1178384,9.353515,2742.0,,62
2512517,2512301,38.88957,-91.054405,1.537785,0.77044296,0.06,0.12,2.5629752,7.6889253,419.0,,62
2929695,2929703,39.195724,-90.67922,2.3402376,0.64015573,0.06,0.12,3.900396,11.701188,1297.0,,62
2929759,2930629,39.179493,-90.6955,1.8600669,0.7084102,0.06,0.12,3.1001115,9.300335,1119.0,,62
2929839,2931055,39.154785,-90.6756,2.5122335,0.62043655,0.06,0.12,4.187056,12.561168,3247.0,,62
2930659,2930657,39.130985,-90.84266,2.0898283,0.6729289,0.06,0.12,3.483047,10.4491415,232.0,,62
2930661,2930657,39.12986,-90.84203,1.7930135,0.7199782,0.06,0.12,2.9883556,8.965067,107.0,,62
2930689,2929999,39.11663,-90.82353,2.090726,0.67280143,0.06,0.12,3.484543,10.4536295,304.0,,62
5915207,5915209,39.23847,-90.39669,1.1709199,0.86888415,0.06,0.12,1.9515331,5.8545995,1142.0,,62
2512427,2512385,38.853905,-91.065605,3.7062464,0.5226296,0.06,0.12,6.1770773,18.53123,3173.0,,62
2512467,2512441,38.823666,-91.060616,2.6452138,0.6064775,0.06,0.12,4.40869,13.226069,3543.0,,62
2929633,2930605,39.22033,-90.69739,3.1391184,0.5623602,0.06,0.12,5.231864,15.695592,3457.0,,62
3601064,3600160,39.363674,-90.47591,1.7151197,0.73422515,0.06,0.12,2.858533,8.575599,152.0,,62
2512173,2512159,38.93346,-91.06641,3.2993102,0.5501465,0.06,0.12,5.4988503,16.496552,2329.0,,62
2930675,2929967,39.123943,-90.82678,2.0089238,0.68475324,0.06,0.12,3.3482063,10.044619,145.0,,62
3600238,3600158,39.34361,-90.468765,5.00239,0.45786113,0.055,0.11,8.3373165,30.0,3193.0,,62
3599648,3601018,39.45876,-90.630936,4.45507,0.48187578,0.055,0.11,7.4251165,30.0,3402.0,,62
2507313,2507307,39.009186,-90.98341,4.137243,0.49787012,0.06,0.12,6.895405,20.686214,384.0,,62
2512153,2512159,38.939404,-91.06162,5.109809,0.4535895,0.06,0.12,8.516348,25.549044,1481.0,,62
2512293,2512285,38.89866,-91.06264,7.911058,0.37403694,0.055,0.11,13.185097,39.55529,1166.0,,62
2507371,2507277,39.044693,-90.93921,5.5468035,0.43746194,0.055,0.11,9.244673,30.0,2291.0,,62
3601012,3601016,39.456707,-90.61007,6.100067,0.41949162,0.055,0.11,10.166779,30.500336,143.0,,62
3600146,3600158,39.358303,-90.46774,15.020535,0.28188276,0.05,0.1,25.034225,75.10268,508.0,,62
5915205,5915209,39.23535,-90.391846,20.171627,0.247499,0.05,0.1,33.619377,100.85814,869.0,05587000,62
2507299,2507307,39.015274,-90.98561,20.606411,0.24518141,0.05,0.1,34.34402,103.03206,1402.0,,62
3601014,3601016,39.46275,-90.60797,64.9766,0.1477232,0.045,0.09,108.294334,324.88303,1525.0,,62
2930603,2930607,39.222866,-90.72179,113.9384,0.11530284,0.045,0.09,189.89734,569.692,409.0,,62
2930999,2931003,39.218487,-90.7252,1.3959689,0.8040419,0.06,0.12,2.3266149,6.9798446,865.0,,62
2929645,2931001,39.212692,-90.72737,0.73084754,1.0697218,0.06,0.12,1.2180792,3.6542375,393.0,,62
2929661,2930919,39.206295,-90.710106,0.1707394,2.0317523,0.06,0.12,0.28456566,0.85369694,29.0,,62
2929665,2930613,39.204792,-90.73213,1.7802309,0.7222544,0.06,0.12,2.9670515,8.9011545,88.0,,62
2930843,2930851,39.147167,-90.71551,1.364837,0.8120822,0.06,0.12,2.2747283,6.8241854,483.0,,62
2507261,2507371,39.059803,-90.93392,1.9490354,0.6939574,0.06,0.12,3.2483923,9.745177,2270.0,,63
2507321,2507313,39.002502,-90.984795,1.606062,0.75581753,0.06,0.12,2.6767702,8.030311,1586.0,,63
2512127,2512153,38.952316,-91.06633,1.710164,0.7351631,0.06,0.12,2.8502734,8.550819,2285.0,,63
2512213,2512173,38.926033,-91.08094,1.8401592,0.71178114,0.06,0.12,3.066932,9.200796,1625.0,,63
2512333,2512517,38.88473,-91.057785,1.3203231,0.82404923,0.06,0.12,2.2005386,6.601616,908.0,,63
2512349,2512293,38.882854,-91.067345,2.035486,0.68079656,0.06,0.12,3.3924766,10.17743,2640.0,,63
2512447,2512427,38.844505,-91.08461,1.781456,0.7220352,0.06,0.12,2.9690933,8.90728,2188.0,,63
2929683,2929695,39.196987,-90.66452,1.9094454,0.7002688,0.06,0.12,3.182409,9.547227,1424.0,,63
2929737,2929759,39.183353,-90.68225,1.5057886,0.7776231,0.06,0.12,2.5096476,7.528943,1455.0,,63
2929831,2929839,39.160988,-90.6537,1.6849564,0.7399951,0.06,0.12,2.8082607,8.424783,1218.0,,63
2929965,2930659,39.1318,-90.85844,2.0648444,0.67650896,0.06,0.12,3.4414074,10.324223,2739.0,,63
2929991,2930661,39.123512,-90.847206,1.5418466,0.7695469,0.06,0.12,2.5697443,7.7092333,1526.0,,63
2930033,2930689,39.10865,-90.821,1.9366205,0.6959166,0.06,0.12,3.2277007,9.683102,1728.0,,63
3600128,3600146,39.36541,-90.45909,2.0437233,0.67958456,0.06,0.12,3.4062057,10.218617,1960.0,,63
2512457,2512427,38.838215,-91.0795,3.2363446,0.55484325,0.06,0.12,5.3939075,16.181723,2102.0,,63
2512523,2512467,38.814674,-91.07744,1.3719871,0.8102123,0.06,0.12,2.2866452,6.8599358,407.0,,63
2929631,2929633,39.21742,-90.6782,1.9587561,0.6924359,0.06,0.12,3.2645936,10.0,132.0,,63
2929641,2929633,39.21453,-90.67553,1.812454,0.71656096,0.06,0.12,3.0207565,9.062269,784.0,,63
3601062,3601064,39.364334,-90.47563,1.5939977,0.75833595,0.06,0.12,2.6566627,7.9699883,11.0,,63
5915189,5915205,39.241005,-90.3883,1.8239266,0.714569,0.06,0.12,3.0398777,9.119633,866.0,,63
2512169,2512173,38.933758,-91.08125,2.8184035,0.58974415,0.06,0.12,4.697339,14.092017,437.0,,63
3600264,3600238,39.33098,-90.46605,2.724041,0.5986713,0.06,0.12,4.540068,13.620204,595.0,,63
2930017,2930675,39.11817,-90.83482,1.9868753,0.68809533,0.06,0.12,3.3114588,9.934377,1906.0,,63
3599628,3599648,39.462433,-90.654144,2.9896395,0.57459605,0.06,0.12,4.982733,14.948198,1035.0,,63
3600244,3600238,39.33298,-90.46486,4.4631133,0.48149246,0.055,0.11,7.438522,30.0,238.0,,63
2930599,2930603,39.225555,-90.720726,3.3224683,0.5484515,0.06,0.12,5.537447,16.61234,294.0,,63
3599644,3599648,39.458286,-90.650505,3.4503493,0.5393888,0.06,0.12,5.750582,17.251747,507.0,,63
2507379,2507313,39.01031,-90.990364,4.0418634,0.5030196,0.06,0.12,6.736439,20.209318,1611.0,,63
3601008,3601014,39.46956,-90.60415,3.5588062,0.5320739,0.06,0.12,5.9313436,17.794031,182.0,,63
2512129,2512153,38.946026,-91.07761,4.9667974,0.4593058,0.06,0.12,8.277995,24.833986,1981.0,,63
2512295,2512293,38.896374,-91.06956,7.8475213,0.37536997,0.055,0.11,13.079202,39.237606,831.0,,63
2507263,2507371,39.054832,-90.94592,5.318265,0.44565812,0.055,0.11,8.863775,30.0,688.0,,63
3599664,3601012,39.456135,-90.57442,6.099674,0.41950354,0.055,0.11,10.166124,30.498371,6011.0,,63
3600132,3600146,39.35855,-90.4605,15.00501,0.28201142,0.05,0.1,25.00835,75.02505,947.0,,63
2507289,2507299,39.021355,-90.9951,14.64086,0.2850847,0.05,0.1,24.401432,73.2043,3327.0,,63
5915187,5915205,39.23982,-90.38093,20.161076,0.24755614,0.05,0.1,33.601795,100.80538,1255.0,,63
2507291,2507299,39.016586,-90.99301,17.64544,0.2625485,0.05,0.1,29.409063,88.22719,117.0,,63
3601006,3601014,39.47431,-90.60031,64.97183,0.147728,0.045,0.09,108.28639,324.85916,1400.0,,63
2930601,2930603,39.2298,-90.72133,113.93718,0.11530338,0.045,0.09,189.89531,569.6859,1124.0,,63
2930997,2929645,39.214962,-90.727715,1.464,0.78733873,0.06,0.12,2.44,7.32,136.0,,63
2930923,2929661,39.206207,-90.71044,1.464,0.78733873,0.06,0.12,2.44,7.32,32.0,,63
2930611,2929665,39.205654,-90.731186,0.40838942,1.3828633,0.06,0.12,0.680649,2.0419471,176.0,,63
2507257,2507263,39.066154,-90.96069,2.3286479,0.6415594,0.06,0.12,3.8810797,11.643239,3981.0,,64
2512101,2512129,38.960796,-91.0786,2.0623136,0.6768751,0.06,0.12,3.4371893,10.311568,2749.0,,64
2512165,2512169,38.9409,-91.088066,1.4272218,0.7962262,0.06,0.12,2.378703,7.136109,1710.0,,64
2512471,2512457,38.826347,-91.10172,2.8952444,0.5827869,0.06,0.12,4.825407,14.476222,3602.0,,64
2512473,2512523,38.811367,-91.083275,1.2032235,0.85851437,0.06,0.12,2.0053725,6.016117,905.0,,64
2929625,2929631,39.223408,-90.67178,1.6401619,0.74884427,0.06,0.12,2.7336032,8.2008095,1665.0,,64
2929627,2929631,39.21821,-90.66996,1.4243923,0.7969236,0.06,0.12,2.3739872,7.121962,1373.0,,64
2929653,2929641,39.21129,-90.66622,1.6863195,0.7397312,0.06,0.12,2.8105323,8.431597,1063.0,,64
3599600,3599628,39.46475,-90.65984,1.4964002,0.77977175,0.06,0.12,2.4940004,7.4820013,209.0,,64
3599662,3599664,39.455482,-90.52662,2.0231266,0.6826283,0.06,0.12,3.371878,10.115634,2919.0,,64
3599718,3599644,39.45032,-90.64884,1.8617542,0.70812684,0.06,0.12,3.1029236,9.308771,1784.0,,64
3600082,3601062,39.370773,-90.471855,1.590191,0.7591363,0.06,0.12,2.6503181,7.950955,1587.0,,64
3600304,3600264,39.324722,-90.47596,1.682908,0.7403924,0.06,0.12,2.8048468,8.41454,2118.0,,64
5915953,5915189,39.248547,-90.39504,1.7200478,0.73329633,0.06,0.12,2.8667464,8.600239,2241.0,,64
2507295,2507291,39.013695,-90.99771,1.2376608,0.8478925,0.06,0.12,2.062768,6.188304,1078.0,,64
2507327,2507379,39.00368,-90.99041,1.6398025,0.7489166,0.06,0.12,2.733004,8.199013,775.0,,64
2512167,2512169,38.934517,-91.085526,2.6452138,0.6064775,0.06,0.12,4.40869,13.226069,318.0,,64
3600120,3600132,39.365585,-90.44419,2.70662,0.60036826,0.06,0.12,4.5110335,13.5331,2530.0,,64
3600274,3600264,39.32802,-90.479454,2.449312,0.6274185,0.06,0.12,4.0821867,12.24656,2380.0,,64
2930697,2930017,39.10986,-90.83892,1.2860733,0.83366007,0.06,0.12,2.1434555,6.4303665,141.0,,64
3599602,3599628,39.464207,-90.662605,2.7457485,0.5965786,0.06,0.12,4.5762477,13.728743,514.0,,64
3600252,3600244,39.333076,-90.453354,3.6776092,0.52442116,0.06,0.12,6.1293488,18.388046,1924.0,,64
3600278,3600244,39.328655,-90.46134,3.3520591,0.5463102,0.06,0.12,5.5867653,16.760296,1253.0,,64
3601002,3601006,39.48094,-90.59667,1.9371408,0.6958341,0.06,0.12,3.228568,9.685704,252.0,,64
2512499,2512295,38.90619,-91.08224,4.4432116,0.48244274,0.06,0.12,7.4053526,22.216059,3193.0,,64
2930597,2930599,39.22644,-90.71945,3.3044837,0.54976636,0.06,0.12,5.507473,16.522419,3.0,,64
3599686,3599644,39.45253,-90.65754,3.2085469,0.55695885,0.06,0.12,5.347578,16.042734,1286.0,,64
5915161,5915187,39.244297,-90.37592,4.405416,0.48426443,0.06,0.12,7.34236,22.02708,558.0,,64
2507381,2507379,39.005463,-90.99672,3.8953242,0.511282,0.06,0.12,6.492207,19.476622,1007.0,,64
3600902,3601008,39.474216,-90.62694,3.5556083,0.532285,0.06,0.12,5.9260135,17.778042,4045.0,,64
2512103,2512129,38.957527,-91.09318,4.6604066,0.47239098,0.06,0.12,7.7673445,23.302032,1856.0,,64
2512287,2512295,38.899925,-91.07956,7.290591,0.38776073,0.055,0.11,12.150985,36.452953,1752.0,,64
2507255,2507263,39.06117,-90.94493,5.1056495,0.4537525,0.055,0.11,8.509417,30.0,1567.0,,64
3599696,3599664,39.446854,-90.533325,5.9009166,0.42567968,0.055,0.11,9.834861,30.0,1357.0,,64
3600134,3600132,39.35858,-90.45394,14.965656,0.28233832,0.05,0.1,24.94276,74.828285,924.0,,64
2509809,2507289,39.035004,-91.00069,14.629028,0.2851864,0.05,0.1,24.381714,73.14514,139.0,,64
5915159,5915187,39.242504,-90.37413,20.077318,0.24801123,0.05,0.1,33.462196,100.3866,61.0,,64
2507293,2507291,39.017227,-90.99544,17.642946,0.26256487,0.05,0.1,29.40491,88.21473,331.0,,64
3601000,3601006,39.48607,-90.59249,64.970566,0.14772926,0.045,0.09,108.28427,324.8528,1618.0,,64
2930593,2930601,39.247723,-90.72659,113.91464,0.11531345,0.045,0.09,189.85773,569.5732,2994.0,,64
2930595,2930601,39.242992,-90.737045,9.038931,0.3526778,0.055,0.11,15.064885,50.0,3128.0,,64
2509965,2507295,39.01561,-91.00326,0.98365325,0.9383231,0.06,0.12,1.639422,4.9182663,894.0,,65
2510975,2507327,38.99735,-90.98757,1.4467298,0.79147154,0.06,0.12,2.4112165,7.2336493,840.0,,65
2512047,2512103,38.971172,-91.10514,1.8606297,0.7083157,0.06,0.12,3.1010494,9.303148,2099.0,,65
2512161,2512167,38.938904,-91.10069,2.375056,0.63599837,0.06,0.12,3.9584267,11.87528,2792.0,,65
2512203,2512167,38.92895,-91.09216,1.6593462,0.7450123,0.06,0.12,2.765577,8.296731,1633.0,,65
2512245,2512499,38.924397,-91.1176,2.9276793,0.5799296,0.06,0.12,4.8794656,14.638397,5386.0,,65
3599552,3600902,39.476166,-90.65514,1.7213573,0.73305017,0.06,0.12,2.868929,8.606787,2183.0,,65
3599596,3599602,39.474102,-90.669685,1.9327089,0.69653755,0.06,0.12,3.2211814,9.663545,2278.0,,65
3599746,3599686,39.4427,-90.65476,2.145618,0.66515267,0.06,0.12,3.57603,10.72809,2215.0,,65
3599796,3599696,39.430035,-90.52123,2.8270457,0.58894813,0.06,0.12,4.711743,14.135229,3962.0,,65
3600032,3600120,39.385384,-90.43574,1.8566835,0.7089794,0.06,0.12,3.0944726,9.283418,2279.0,,65
3600034,3600120,39.382786,-90.44255,1.8274286,0.7139645,0.06,0.12,3.0457144,9.137143,1394.0,,65
3600210,3600134,39.3492,-90.445,1.9878653,0.6879441,0.06,0.12,3.313109,9.939327,2213.0,,65
3600350,3600278,39.313366,-90.451355,2.2786644,0.6477304,0.06,0.12,3.7977738,11.393322,3759.0,,65
3600942,3600274,39.327305,-90.498634,1.6815398,0.7406581,0.06,0.12,2.8025663,8.407699,1477.0,,65
3600944,3600274,39.319035,-90.494484,1.5551047,0.76664555,0.06,0.12,2.5918412,7.7755237,2139.0,,65
5915967,5915161,39.24969,-90.38443,1.5947568,0.7581767,0.06,0.12,2.6579282,7.9737844,1931.0,,65
2507285,2507293,39.02162,-90.99715,1.5951363,0.7580971,0.06,0.12,2.6585605,7.9756813,874.0,,65
2509795,2509809,39.035824,-91.00071,1.6494528,0.74698037,0.06,0.12,2.749088,8.247264,117.0,,65
2930699,2930697,39.109367,-90.83943,1.0237321,0.9219354,0.06,0.12,1.7062201,5.1186604,7.0,,65
3599502,3601002,39.483284,-90.607124,1.924576,0.6978346,0.06,0.12,3.2076268,9.62288,1679.0,,65
3599612,3599602,39.46354,-90.67255,2.2782845,0.64777803,0.06,0.12,3.797141,11.391423,1258.0,,65
3600246,3600252,39.332283,-90.443146,2.4222987,0.63049585,0.06,0.12,4.0371647,12.111494,412.0,,65
3600298,3600252,39.325798,-90.443016,3.0613399,0.56861943,0.06,0.12,5.102233,15.306699,1744.0,,65
3600302,3600278,39.322124,-90.45955,2.8300397,0.5886731,0.06,0.12,4.716733,14.150199,883.0,,65
5915369,5915159,39.226353,-90.365036,3.5329027,0.5337915,0.06,0.12,5.888171,17.664515,4240.0,,65
2507241,2507255,39.06829,-90.9445,2.9944496,0.57418865,0.06,0.12,4.9907494,14.972248,301.0,,65
2512253,2512499,38.909286,-91.10991,3.7102287,0.5223821,0.06,0.12,6.1837144,18.551144,2590.0,,65
2929597,2930597,39.228504,-90.715004,3.304299,0.5497799,0.06,0.12,5.5071654,16.521496,991.0,,65
3599700,3599686,39.44806,-90.663185,2.5961711,0.6115055,0.06,0.12,4.3269515,12.980855,359.0,,65
5915951,5915161,39.259964,-90.37997,4.3172517,0.48860276,0.06,0.12,7.1954193,21.586258,3085.0,,65
2510093,2507381,39.003845,-91.00692,3.8609126,0.5132874,0.06,0.12,6.4348545,19.304564,1670.0,,65
2512365,2512287,38.88616,-91.09707,4.497494,0.47986513,0.06,0.12,7.4958234,22.48747,5059.0,,65
3599550,3600902,39.4826,-90.644104,2.949113,0.57806635,0.06,0.12,4.915188,14.745564,1992.0,,65
2512055,2512103,38.961742,-91.10322,4.36042,0.48646274,0.06,0.12,7.2673674,21.802103,597.0,,65
2512339,2512287,38.896713,-91.11579,6.611922,0.40484163,0.055,0.11,11.01987,33.05961,7982.0,,65
2507243,2507255,39.073124,-90.95019,4.6640005,0.47223035,0.055,0.11,7.773334,30.0,1973.0,,65
3599694,3599696,39.44544,-90.523575,5.5560365,0.4371411,0.055,0.11,9.26006,30.0,620.0,,65
2930913,2930595,39.253216,-90.74962,9.003202,0.35329455,0.055,0.11,15.005338,50.0,114.0,,65
3600136,3600134,39.35765,-90.44106,14.949395,0.2824738,0.05,0.1,24.915657,74.74697,1397.0,,65
2509815,2509809,39.034122,-91.003624,14.620769,0.28525746,0.05,0.1,24.367947,73.10384,662.0,,65
5915157,5915159,39.244225,-90.370605,20.03603,0.24823658,0.05,0.1,33.393383,100.18015,664.0,,65
2938521,2930593,39.260178,-90.73326,19.14383,0.2532757,0.05,0.1,31.906382,95.71915,278.0,,65
2507287,2507293,39.01852,-90.99862,17.637537,0.2626004,0.05,0.1,29.395897,88.18769,299.0,,65
3600996,3601000,39.496407,-90.58875,64.964264,0.14773558,0.045,0.09,108.27378,324.82135,812.0,,65
3600998,3601000,39.49539,-90.59171,3.8583198,0.5134396,0.06,0.12,6.430533,19.2916,525.0,,65
2930591,2930593,39.261806,-90.74082,113.70965,0.11540511,0.045,0.09,189.51608,568.5482,1321.0,,65
2930915,2930595,39.258614,-90.74894,1.3020118,0.8291422,0.06,0.12,2.1700199,6.5100594,1169.0,,65
2507233,2507243,39.092304,-90.96004,2.0202537,0.6830564,0.06,0.12,3.3670895,10.101269,2854.0,,66
2507239,2507241,39.069077,-90.933945,1.5213265,0.7741091,0.06,0.12,2.5355444,7.606633,1758.0,,66
2507271,2509795,39.03436,-90.991425,1.6340313,0.75008243,0.06,0.12,2.7233856,8.1701565,1600.0,,66
2509895,2507285,39.025166,-91.0072,1.5104405,0.7765656,0.06,0.12,2.5174007,7.552202,2182.0,,66
2512051,2512055,38.967278,-91.113464,1.5767261,0.7619896,0.06,0.12,2.627877,7.8836308,1861.0,,66
2512255,2512253,38.920383,-91.138374,2.1734233,0.66138494,0.06,0.12,3.6223724,10.867117,3686.0,,66
2512393,2512365,38.867992,-91.11595,2.1023276,0.6711609,0.06,0.12,3.5038793,10.511638,2568.0,,66
2929571,2929597,39.241184,-90.69855,2.8236701,0.5892586,0.06,0.12,4.7061167,14.11835,3396.0,,66
2930029,2930699,39.107666,-90.84047,1.0210339,0.92300946,0.06,0.12,1.7017232,5.10517,420.0,,66
3599496,3599502,39.483967,-90.62256,1.4972584,0.7795745,0.06,0.12,2.4954307,7.4862924,1020.0,,66
3599498,3599550,39.485855,-90.65815,1.7939197,0.71981776,0.06,0.12,2.9898663,8.969599,2039.0,,66
3599626,3599612,39.462265,-90.68447,1.309841,0.82695216,0.06,0.12,2.1830683,6.5492053,907.0,,66
3599738,3599694,39.443893,-90.512695,1.5989201,0.7573051,0.06,0.12,2.664867,7.994601,1584.0,,66
3599770,3599700,39.436565,-90.66622,1.7808436,0.7221447,0.06,0.12,2.968073,8.904219,2293.0,,66
3600236,3600246,39.335155,-90.42962,1.9620602,0.69192123,0.06,0.12,3.2701004,9.810301,2264.0,,66
3600270,3600246,39.329605,-90.42981,1.8014377,0.7184909,0.06,0.12,3.0023963,9.007189,2163.0,,66
3600340,3600302,39.313034,-90.478676,2.4841328,0.62352324,0.06,0.12,4.1402216,12.420664,4269.0,,66
3600342,3600298,39.31558,-90.422226,2.9157305,0.58097684,0.06,0.12,4.859551,14.578652,3912.0,,66
3600344,3600302,39.30925,-90.46239,1.7753142,0.7231362,0.06,0.12,2.958857,8.876572,2339.0,,66
5915099,5915951,39.284325,-90.38617,2.676953,0.60329455,0.06,0.12,4.4615884,13.384766,5358.0,,66
5915497,5915369,39.200645,-90.373955,2.9529045,0.57773876,0.06,0.12,4.9215074,14.764523,4155.0,,66
2507237,2507241,39.07544,-90.94027,2.836506,0.5880807,0.06,0.12,4.7275095,14.182529,1600.0,,66
2510095,2510093,39.00081,-91.01643,1.4328482,0.7948453,0.06,0.12,2.3880804,7.1642413,631.0,,66
2512263,2512253,38.907104,-91.12834,3.1492774,0.56155914,0.06,0.12,5.248796,15.7463875,782.0,,66
2929577,2929597,39.23078,-90.69476,2.2899973,0.64631426,0.06,0.12,3.816662,11.449986,3044.0,,66
3599736,3599700,39.44388,-90.668205,2.2394855,0.6527055,0.06,0.12,3.7324758,11.197428,995.0,,66
5915105,5915951,39.26634,-90.40849,3.611329,0.52864593,0.06,0.12,6.018882,18.056644,3607.0,,66
2509789,2509815,39.04174,-91.00636,2.1919928,0.65890723,0.06,0.12,3.6533213,10.959964,1365.0,,66
2510097,2510093,39.000126,-91.01318,3.4831276,0.53714347,0.06,0.12,5.805213,17.415638,18.0,,66
2512409,2512365,38.861927,-91.10255,3.8917687,0.511488,0.06,0.12,6.486281,19.458843,2538.0,,66
3599458,3599550,39.493958,-90.64775,2.5060942,0.6211067,0.06,0.12,4.1768236,12.530472,814.0,,66
3600126,3600136,39.36449,-90.430275,1.7712998,0.7238588,0.06,0.12,2.9521666,8.8565,1322.0,,66
2512065,2512055,38.960464,-91.10952,4.270875,0.49093643,0.06,0.12,7.118125,21.354374,954.0,,66
2512387,2512339,38.87245,-91.13885,5.3596654,0.44413608,0.06,0.12,8.9327755,26.798326,2530.0,,66
2512341,2512339,38.88434,-91.14679,4.529322,0.4783745,0.06,0.12,7.5488706,22.646612,1241.0,,66
2930587,2938521,39.261185,-90.73222,3.113127,0.5644268,0.06,0.12,5.1885448,15.565635,39.0,,66
5915949,5915157,39.248615,-90.366714,3.9184496,0.5099486,0.055,0.11,6.5307493,30.0,864.0,,66
2507231,2507243,39.090473,-90.95092,4.406155,0.4842286,0.055,0.11,7.3435917,30.0,2204.0,,66
3601276,3600998,39.49794,-90.5917,3.8176181,0.51584744,0.06,0.12,6.3626966,19.08809,61.0,,66
3599676,3599694,39.448635,-90.51458,5.4860835,0.4395915,0.055,0.11,9.143473,30.0,1070.0,,66
2930425,2930913,39.252525,-90.75207,9.002702,0.35330322,0.055,0.11,15.004503,50.0,348.0,,66
3600124,3600136,39.360085,-90.43149,14.928581,0.28264746,0.05,0.1,24.880968,74.64291,342.0,,66
2509791,2509815,39.036377,-91.00608,14.598993,0.2854451,0.05,0.1,24.331656,72.994965,149.0,,66
5915169,5915157,39.243675,-90.359085,19.978592,0.24855119,0.05,0.1,33.297653,99.89296,1606.0,,66
2930585,2938521,39.26717,-90.73355,19.111982,0.2534618,0.05,0.1,31.853302,95.559906,1327.0,,66
2509931,2507287,39.018726,-91.00466,17.637278,0.2626021,0.05,0.1,29.395462,88.186386,806.0,,66
3598212,3600996,39.502064,-90.58753,64.96419,0.14773566,0.045,0.09,108.27364,324.82095,446.0,,66
3601274,3600998,39.49971,-90.59023,0.8375536,1.0073014,0.06,0.12,1.3959227,4.187768,452.0,,66
2938437,2930591,39.266914,-90.75231,113.709526,0.115405165,0.045,0.09,189.51588,568.5476,1032.0,,66
2507223,2507231,39.125023,-90.95488,2.9945612,0.57417923,0.06,0.12,4.9909353,14.972806,6536.0,,67
2507227,2507237,39.089085,-90.92458,2.2152846,0.65584177,0.06,0.12,3.692141,11.076424,3101.0,,67
2507229,2507237,39.09038,-90.93443,1.7353145,0.7304432,0.06,0.12,2.8921907,8.676573,1906.0,,67
2509749,2509789,39.04672,-91.00255,1.3497902,0.81606364,0.06,0.12,2.2496502,6.748951,557.0,,67
2509801,2509791,39.038895,-91.01491,1.603438,0.756363,0.06,0.12,2.6723967,8.01719,2003.0,,67
2510039,2509931,39.014385,-91.01559,1.5217423,0.77401584,0.06,0.12,2.5362372,7.6087112,1614.0,,67
2510465,2510095,39.001816,-91.02041,1.2969302,0.830574,0.06,0.12,2.1615503,6.4846506,302.0,,67
2512259,2512263,38.91597,-91.15125,2.40396,0.6326133,0.06,0.12,4.0066,12.019799,3815.0,,67
2512279,2512263,38.903004,-91.15237,2.2453594,0.6519517,0.06,0.12,3.7422657,11.226797,3948.0,,67
2512321,2512341,38.892696,-91.16439,2.095426,0.67213523,0.06,0.12,3.492377,10.477131,2980.0,,67
2512449,2512409,38.84447,-91.10772,2.0789979,0.6744732,0.06,0.12,3.4649963,10.394989,2093.0,,67
2512463,2512387,38.846123,-91.15007,4.0140386,0.504555,0.06,0.12,6.6900644,20.070192,6255.0,,67
2929567,2929577,39.232777,-90.67416,1.2045333,0.8581024,0.06,0.12,2.0075555,6.0226665,700.0,,67
3599438,3599458,39.497967,-90.64794,0.98847723,0.93630004,0.06,0.12,1.647462,4.942386,726.0,,67
3599762,3599736,39.438255,-90.67966,1.7369233,0.7301446,0.06,0.12,2.8948722,8.684616,1684.0,,67
3600198,3600124,39.351944,-90.42764,1.8207049,0.7151265,0.06,0.12,3.0345082,9.103524,2062.0,,67
3600906,3599676,39.458492,-90.50092,1.8927189,0.7029923,0.06,0.12,3.1545315,9.463594,2418.0,,67
5915059,5915105,39.287266,-90.406944,2.6253197,0.6085008,0.06,0.12,4.375533,13.126598,3346.0,,67
5915061,5915105,39.283092,-90.42913,2.104323,0.67088,0.06,0.12,3.5072048,10.521615,2056.0,,67
2509763,2509789,39.04381,-91.002144,1.8515859,0.7098399,0.06,0.12,3.0859766,9.25793,592.0,,67
2511903,2510097,38.998367,-91.01471,3.4831276,0.53714347,0.06,0.12,5.805213,17.415638,447.0,,67
2512425,2512409,38.84862,-91.11547,3.4174738,0.5416719,0.06,0.12,5.6957893,17.087368,1734.0,,67
3599442,3599458,39.497395,-90.65633,2.3671498,0.63693464,0.06,0.12,3.9452496,11.835749,1226.0,,67
3601060,3600126,39.369152,-90.43433,1.5586827,0.7658686,0.06,0.12,2.5978045,7.7934136,255.0,,67
2512067,2512065,38.961597,-91.11925,1.7783903,0.72258407,0.06,0.12,2.9639838,8.891952,1020.0,,67
2512079,2512065,38.95806,-91.11722,4.051015,0.50251794,0.06,0.12,6.7516913,20.255075,566.0,,67
2512389,2512387,38.86819,-91.158,4.144862,0.49746615,0.06,0.12,6.9081035,20.72431,1712.0,,67
5915143,5915949,39.252323,-90.36143,3.0931175,0.56603473,0.06,0.12,5.1551957,15.465587,839.0,,67
2512325,2512341,38.884537,-91.1602,4.288575,0.49004146,0.06,0.12,7.147625,21.442875,1525.0,,67
2929515,2930587,39.262207,-90.72389,3.1129198,0.56444335,0.06,0.12,5.1881995,15.564599,1463.0,,67
5915141,5915949,39.264687,-90.37037,2.9970162,0.5739717,0.06,0.12,4.995027,14.985081,3228.0,,67
2507221,2507231,39.100304,-90.94147,3.648076,0.52628994,0.055,0.11,6.080127,30.0,825.0,,67
2929537,2930425,39.256836,-90.77925,3.5208724,0.53459543,0.06,0.12,5.8681207,17.60436,5070.0,,67
3599428,3601276,39.498577,-90.59586,3.8172,0.5158724,0.06,0.12,6.3619995,19.085999,716.0,,67
5915167,5915169,39.242954,-90.353935,5.8010836,0.4288962,0.055,0.11,9.668472,30.0,981.0,,67
3598208,3598212,39.50385,-90.584885,6.2611666,0.41469508,0.055,0.11,10.435278,31.305834,256.0,,67
3600910,3599676,39.451637,-90.50051,5.332657,0.4451271,0.055,0.11,8.887761,30.0,1510.0,,67
2930427,2930425,39.253635,-90.782234,8.803978,0.35679957,0.055,0.11,14.673296,50.0,4869.0,,67
3600112,3600124,39.36077,-90.427444,14.917796,0.2827376,0.05,0.1,24.862995,74.58898,393.0,,67
2509793,2509791,39.04357,-91.013466,14.591382,0.28551078,0.05,0.1,24.31897,72.95691,2422.0,,67
5915175,5915169,39.239292,-90.35022,19.787836,0.24960543,0.05,0.1,32.979725,98.93918,185.0,,67
2929487,2930585,39.274685,-90.74184,19.106012,0.25349674,0.05,0.1,31.843353,95.53006,967.0,,67
2509925,2509931,39.018974,-91.01036,17.631393,0.26264074,0.05,0.1,29.385656,88.15697,254.0,,67
3598210,3598212,39.503872,-90.58627,64.94121,0.14775872,0.045,0.09,108.235344,324.70602,34.0,,67
2930581,2938437,39.293816,-90.76685,113.69241,0.11541283,0.045,0.09,189.48735,568.4621,5492.0,,67
2930583,2938437,39.284523,-90.777145,8.215666,0.3678541,0.055,0.11,13.692776,50.0,4715.0,,67
2507217,2507221,39.102196,-90.92566,1.7569515,0.7264609,0.06,0.12,2.9282525,8.784757,2413.0,,68
2507267,2509763,39.046497,-90.98833,1.758522,0.72617453,0.06,0.12,2.93087,8.79261,2219.0,,68
2511953,2511903,38.99211,-91.00838,1.6561787,0.7456405,0.06,0.12,2.7602978,8.280893,2173.0,,68
2512005,2511903,38.97854,-91.037476,3.3283,0.5480273,0.06,0.12,5.547167,16.6415,6404.0,,68
2512143,2512079,38.948196,-91.11998,1.7984378,0.71901935,0.06,0.12,2.9973965,8.992189,2551.0,,68
2512451,2512425,38.846573,-91.13558,2.0762732,0.67486364,0.06,0.12,3.4604552,10.381366,2499.0,,68
2512469,2512425,38.83,-91.123314,2.817901,0.5897906,0.06,0.12,4.6965013,14.089504,4877.0,,68
2929497,2929537,39.27404,-90.80578,2.104323,0.67088,0.06,0.12,3.5072048,10.521615,2067.0,,68
2929513,2929515,39.266037,-90.699425,2.1732154,0.6614129,0.06,0.12,3.6220255,10.866076,3168.0,,68
3597746,3599442,39.50295,-90.66774,1.820118,0.71522826,0.06,0.12,3.03353,9.10059,1294.0,,68
3599636,3600910,39.463272,-90.490555,1.5747843,0.76240396,0.06,0.12,2.6246405,7.8739214,2223.0,,68
3600062,3601060,39.37387,-90.43061,1.4750684,0.78472686,0.06,0.12,2.4584475,7.375342,1022.0,,68
3600180,3600112,39.356457,-90.42002,1.4903657,0.7811631,0.06,0.12,2.483943,7.451829,1747.0,,68
5915057,5915141,39.284477,-90.37476,1.8651197,0.70756286,0.06,0.12,3.108533,9.325599,2200.0,,68
5915133,5915143,39.265953,-90.35865,1.6931022,0.73842233,0.06,0.12,2.8218372,8.465511,2400.0,,68
5915193,5915175,39.2391,-90.33828,1.5238174,0.7735506,0.06,0.12,2.5396957,7.619087,1999.0,,68
5915947,5915167,39.250504,-90.35088,1.3810751,0.80785584,0.06,0.12,2.301792,6.905376,1940.0,,68
2512107,2512079,38.955696,-91.13236,3.8955925,0.51126647,0.06,0.12,6.492654,19.477962,2384.0,,68
2512453,2512389,38.847897,-91.18393,4.0117607,0.50468135,0.06,0.12,6.6862683,20.058805,5356.0,,68
2512509,2512067,38.964745,-91.12549,1.5786633,0.76157695,0.06,0.12,2.6311057,7.8933167,280.0,,68
3598206,3598210,39.50498,-90.58632,1.600052,0.7570687,0.06,0.12,2.6667533,8.000259,209.0,,68
5915131,5915143,39.262897,-90.35297,2.8546317,0.5864304,0.06,0.12,4.7577195,14.273159,2175.0,,68
2512317,2512325,38.88613,-91.16807,4.162024,0.49656013,0.06,0.12,6.9367065,20.81012,158.0,,68
2929517,2929515,39.26012,-90.70089,2.474304,0.6246147,0.06,0.12,4.12384,12.37152,2650.0,,68
5915055,5915141,39.285545,-90.36302,2.3086472,0.6440056,0.06,0.12,3.8477452,11.543236,2719.0,,68
2507215,2507221,39.103424,-90.93883,3.4431245,0.53988785,0.055,0.11,5.738541,30.0,69.0,,68
2509713,2509793,39.06178,-91.0343,3.4110672,0.54212046,0.06,0.12,5.6851125,17.055336,3630.0,,68
2929495,2929537,39.271397,-90.790344,2.5270674,0.61882716,0.06,0.12,4.211779,12.635338,1237.0,,68
2509919,2509925,39.01979,-91.0167,3.0743396,0.56755745,0.06,0.12,5.1238995,15.371698,1060.0,,68
2929457,2929487,39.27961,-90.74071,4.7094517,0.47021422,0.055,0.11,7.8490863,30.0,996.0,,68
3597738,3599428,39.50074,-90.601944,3.792787,0.5173347,0.06,0.12,6.321312,18.963936,566.0,,68
5915151,5915167,39.2441,-90.346245,5.761279,0.430201,0.055,0.11,9.602132,30.0,547.0,,68
3598396,3598208,39.503834,-90.58281,6.2599125,0.41473174,0.055,0.11,10.4331875,31.299562,98.0,,68
3599642,3600910,39.454105,-90.49286,5.1761746,0.45101452,0.055,0.11,8.626958,30.0,212.0,,68
2930911,2930583,39.296505,-90.79911,7.7485814,0.37747705,0.055,0.11,12.914303,50.0,57.0,,68
2930429,2930427,39.25046,-90.8125,7.239036,0.38897666,0.055,0.11,12.065061,50.0,508.0,,68
2929541,2930427,39.25609,-90.82452,6.542138,0.40674114,0.055,0.11,10.9035635,32.71069,2762.0,,68
3600096,3600112,39.37214,-90.415924,14.911439,0.28279078,0.05,0.1,24.852398,74.55719,4878.0,,68
2509711,2509793,39.05566,-91.01638,14.508229,0.28623155,0.05,0.1,24.180382,72.541145,598.0,,68
5915197,5915175,39.23682,-90.34493,19.784096,0.24962625,0.05,0.1,32.973495,98.92048,886.0,,68
2930415,2929487,39.287384,-90.74761,18.998163,0.2541306,0.05,0.1,31.663607,94.99082,2130.0,,68
2509913,2509925,39.02274,-91.01517,17.59587,0.26287454,0.05,0.1,29.326448,87.97935,951.0,,68
3598204,3598210,39.512886,-90.58156,64.940796,0.14775914,0.045,0.09,108.23466,324.70398,2199.0,,68
2930575,2930581,39.312275,-90.78868,3.2503095,0.5537903,0.06,0.12,5.4171824,16.251547,423.0,,68
2930577,2930581,39.31465,-90.802315,113.69082,0.11541355,0.045,0.09,189.4847,568.4541,2715.0,,68
2930821,2930583,39.300865,-90.80501,4.1054626,0.49956676,0.06,0.12,6.8424377,20.527313,1464.0,,68
2509727,2509713,39.056522,-91.053375,1.8515859,0.7098399,0.06,0.12,3.0859766,9.25793,1634.0,,69
2509875,2509913,39.026302,-91.02729,1.5200782,0.77438956,0.06,0.12,2.5334637,7.600391,1735.0,,69
2509981,2509919,39.017624,-91.03354,1.4881991,0.78166467,0.06,0.12,2.480332,7.4409957,2245.0,,69
2512031,2512509,38.967133,-91.13059,1.3413472,0.8183259,0.06,0.12,2.2355788,6.706736,749.0,,69
2512171,2512107,38.942963,-91.14774,1.7908952,0.7203538,0.06,0.12,2.9848254,8.954476,2237.0,,69
2512237,2512107,38.941616,-91.16797,3.3385484,0.5472845,0.06,0.12,5.5642476,16.692743,6569.0,,69
2512359,2512317,38.881145,-91.17398,1.6343932,0.7500092,0.06,0.12,2.7239885,8.171966,1878.0,,69
2512543,2512453,38.833122,-91.20543,1.2923805,0.8318627,0.06,0.12,2.1539674,6.461902,349.0,,69
2929477,2929457,39.273403,-90.721985,2.1089647,0.67022824,0.06,0.12,3.514941,10.544824,3600.0,,69
2929525,2929541,39.266277,-90.844925,1.5562992,0.7663859,0.06,0.12,2.593832,7.781496,2376.0,,69
2929559,2930429,39.246662,-90.824005,1.5882809,0.75953895,0.06,0.12,2.647135,7.941405,2058.0,,69
3597690,3598206,39.508133,-90.59545,1.5875157,0.7597005,0.06,0.12,2.6458595,7.9375787,2078.0,,69
5915087,5915131,39.292458,-90.344826,2.6782022,0.60317045,0.06,0.12,4.4636703,13.39101,5189.0,,69
5915327,5915197,39.22269,-90.34048,2.1663275,0.6623398,0.06,0.12,3.6105459,10.831637,2673.0,,69
5915945,5915151,39.2571,-90.34367,1.9308783,0.69682884,0.06,0.12,3.2181304,9.654391,3115.0,,69
2507213,2507215,39.111534,-90.93988,2.4340427,0.62915194,0.06,0.12,4.0567374,12.170213,1734.0,,69
2512311,2512317,38.889385,-91.17206,4.050891,0.50252473,0.06,0.12,6.7514844,20.254454,971.0,,69
2929473,2929495,39.27643,-90.79435,1.4234468,0.79715705,0.06,0.12,2.3724113,7.117234,55.0,,69
2929511,2929517,39.26132,-90.68539,1.6652975,0.74383646,0.06,0.12,2.7754958,8.326488,157.0,,69
2930413,2930415,39.29954,-90.74207,2.0969884,0.6719143,0.06,0.12,3.4949806,10.4849415,2504.0,,69
3599652,3599642,39.452755,-90.49136,1.8121579,0.7166126,0.06,0.12,3.0202632,10.0,222.0,,69
3600016,3600096,39.38561,-90.40867,2.5314076,0.6183589,0.06,0.12,4.2190127,12.657038,1422.0,,69
3601272,3597738,39.500057,-90.606636,1.5402246,0.7699044,0.06,0.12,2.567041,7.7011228,339.0,,69
5916029,5915055,39.29639,-90.36042,1.5091745,0.7768529,0.06,0.12,2.515291,7.5458727,75.0,,69
2507211,2507215,39.107285,-90.93476,2.9566867,0.57741255,0.06,0.12,4.927811,14.783433,1018.0,,69
2509661,2509713,39.063534,-91.05838,2.593221,0.6118123,0.06,0.12,4.322035,12.966105,970.0,,69
2931029,2929495,39.276443,-90.78713,2.2543085,0.6508086,0.06,0.12,3.7571807,11.271543,1189.0,,69
2509985,2509919,39.01848,-91.02565,2.8908262,0.5831797,0.06,0.12,4.8180437,14.454131,842.0,,69
2930579,2930821,39.30582,-90.81029,3.9527464,0.5079918,0.06,0.12,6.5879107,19.763733,113.0,,69
2929429,2929457,39.290436,-90.72944,4.5331206,0.47819763,0.055,0.11,7.555201,30.0,2181.0,,69
3599432,3597738,39.49812,-90.61192,3.6382298,0.5269179,0.06,0.12,6.0637164,18.191149,1399.0,,69
5915149,5915151,39.245956,-90.33996,5.6665897,0.4333578,0.055,0.11,9.444317,30.0,612.0,,69
3598198,3598204,39.522858,-90.582504,3.4683259,0.53815365,0.06,0.12,5.7805433,17.341629,160.0,,69
3597722,3598396,39.503044,-90.580734,6.2588716,0.41476217,0.055,0.11,10.431453,31.294357,304.0,,69
3599640,3599642,39.455936,-90.487526,5.092814,0.45425665,0.055,0.11,8.488024,30.0,869.0,,69
2929395,2930911,39.295975,-90.79939,7.7484756,0.3774793,0.055,0.11,12.914126,50.0,87.0,,69
2929647,2930429,39.22767,-90.8234,7.088306,0.39260438,0.055,0.11,11.813843,50.0,4950.0,,69
2929531,2929541,39.259228,-90.84414,6.454019,0.4091819,0.055,0.11,10.756699,32.270096,1204.0,,69
3600022,3600096,39.379704,-90.4045,14.856999,0.28324747,0.05,0.1,24.761665,74.284996,299.0,,69
2509679,2509711,39.058834,-91.01446,14.461738,0.28663716,0.05,0.1,24.102896,72.308685,161.0,,69
2509677,2509711,39.058315,-91.01424,2.9248765,0.5801747,0.06,0.12,4.874794,14.624382,104.0,,69
5915235,5915197,39.23145,-90.334175,19.772058,0.24969329,0.05,0.1,32.95343,98.86029,1314.0,,69
2929389,2930415,39.297634,-90.75578,18.97743,0.25425306,0.05,0.1,31.62905,94.88715,663.0,,69
2509869,2509913,39.027893,-91.020424,17.589096,0.26291922,0.05,0.1,29.31516,87.94548,519.0,,69
3598196,3598204,39.53563,-90.57885,64.93616,0.14776379,0.045,0.09,108.22693,324.6808,3057.0,,69
2930573,2930575,39.31621,-90.79273,3.2089374,0.55692893,0.06,0.12,5.3482294,16.044687,719.0,,69
2930571,2930575,39.315163,-90.78945,0.87801206,0.98655367,0.06,0.12,1.4633535,4.3900604,264.0,,69
2930569,2930577,39.3212,-90.81823,113.690575,0.11541366,0.045,0.09,189.48428,568.4529,383.0,,69
2930823,2930821,39.31267,-90.814445,1.710164,0.7351631,0.06,0.12,2.8502734,8.550819,1647.0,,69
2507187,2507213,39.124958,-90.93464,1.6572359,0.74543065,0.06,0.12,2.7620597,8.28618,1853.0,,70
2507189,2507213,39.12079,-90.92592,1.6708612,0.7427427,0.06,0.12,2.7847686,8.354306,1807.0,,70
2507201,2507211,39.114048,-90.91981,1.8314979,0.7132642,0.06,0.12,3.0524964,9.15749,2265.0,,70
2509849,2509869,39.039738,-91.0339,2.2950618,0.64568466,0.06,0.12,3.8251028,11.475308,3604.0,,70
2510027,2509985,39.013634,-91.037186,1.5171576,0.7750469,0.06,0.12,2.528596,7.585788,2035.0,,70
2512381,2512311,38.88307,-91.19075,2.2965581,0.645499,0.06,0.12,3.827597,11.482791,3306.0,,70
2512455,2512311,38.875973,-91.20785,3.721687,0.5216719,0.06,0.12,6.2028117,18.608435,10671.0,,70
2929359,2930413,39.30828,-90.72735,1.1959695,0.8608078,0.06,0.12,1.9932824,5.9798474,829.0,,70
2929447,2929395,39.287403,-90.78651,1.1777923,0.8666437,0.06,0.12,1.9629872,5.888962,2925.0,,70
2929469,2929473,39.28002,-90.79973,1.4220262,0.7975083,0.06,0.12,2.3700435,7.110131,1197.0,,70
2929507,2929511,39.26445,-90.682365,1.4903657,0.7811631,0.06,0.12,2.483943,7.451829,778.0,,70
2929533,2929531,39.260044,-90.86026,1.6628519,0.7443189,0.06,0.12,2.77142,8.31426,2429.0,,70
2929709,2929647,39.203396,-90.82358,1.8375691,0.7122236,0.06,0.12,3.0626152,9.187845,2428.0,,70
3597720,3597722,39.511932,-90.57673,1.750008,0.72773105,0.06,0.12,2.9166799,8.75004,2019.0,,70
3597740,3601272,39.50663,-90.61268,1.5104405,0.7765656,0.06,0.12,2.5174007,7.552202,1870.0,,70
3599632,3599640,39.46618,-90.484406,1.537785,0.77044296,0.06,0.12,2.5629752,7.6889253,2352.0,,70
3599714,3599652,39.448795,-90.48401,1.4370401,0.7938216,0.06,0.12,2.3950667,7.1852,1772.0,,70
3599720,3599652,39.445553,-90.49202,1.3994001,0.8031716,0.06,0.12,2.3323336,6.997,1459.0,,70
3599946,3600016,39.394295,-90.42145,1.8628774,0.7079385,0.06,0.12,3.1047955,9.314386,1696.0,,70
3599966,3600016,39.386917,-90.42439,1.7197201,0.73335797,0.06,0.12,2.8662002,8.5986,1889.0,,70
5914989,5916029,39.300983,-90.36176,1.4393587,0.7932572,0.06,0.12,2.398931,7.196793,1079.0,,70
2507203,2507211,39.108253,-90.92406,2.6020515,0.6108954,0.06,0.12,4.3367524,13.010258,1011.0,,70
2509645,2509661,39.066536,-91.06569,2.2654946,0.6493889,0.06,0.12,3.7758245,11.327474,959.0,,70
2509665,2509661,39.06358,-91.06233,1.4820995,0.78308225,0.06,0.12,2.470166,7.4104977,335.0,,70
2929381,2929389,39.309116,-90.772736,2.0427852,0.67972225,0.06,0.12,3.404642,10.213926,3682.0,,70
3599436,3599432,39.49793,-90.6289,2.349752,0.6390109,0.06,0.12,3.916253,11.748759,1785.0,,70
3600080,3600022,39.369423,-90.404816,2.929778,0.57974625,0.06,0.12,4.8829637,14.6488905,2108.0,,70
5915239,5915235,39.228226,-90.32673,1.7320881,0.7310431,0.06,0.12,2.8868134,8.66044,171.0,,70
27570634,2931029,39.27525,-90.77582,1.8850701,0.7042493,0.06,0.12,3.1417835,9.42535,803.0,,70
2510101,2509985,39.006557,-91.031746,2.691866,0.6018178,0.06,0.12,4.486443,13.45933,2933.0,,70
2929361,2930579,39.31984,-90.83651,3.9513779,0.5080694,0.06,0.12,6.5856295,19.75689,5695.0,,70
3598188,3598196,39.549118,-90.57548,1.9577373,0.6925949,0.06,0.12,3.2628953,9.788687,136.0,,70
2509687,2509677,39.058876,-91.008835,2.9227707,0.58035904,0.06,0.12,4.8712845,14.613853,928.0,,70
2929391,2929429,39.296925,-90.717865,3.571939,0.53120995,0.06,0.12,5.9532313,17.859695,625.0,,70
2929401,2929429,39.293694,-90.71334,3.1605806,0.5606723,0.06,0.12,5.2676344,15.802903,1000.0,,70
3599424,3599432,39.4997,-90.61988,3.0921733,0.566111,0.06,0.12,5.153622,15.460866,129.0,,70
5915943,5915149,39.250576,-90.33634,3.6457908,0.5264355,0.06,0.12,6.0763183,18.228954,790.0,,70
5916017,5915149,39.2503,-90.32224,5.0727396,0.45504886,0.055,0.11,8.454566,30.0,3240.0,,70
3597562,3598198,39.5235,-90.58885,3.466057,0.538309,0.06,0.12,5.776762,17.330286,1138.0,,70
3597718,3597722,39.503765,-90.57427,6.197472,0.41657004,0.055,0.11,10.329121,30.98736,822.0,,70
3599634,3599640,39.45521,-90.47698,5.025426,0.456934,0.055,0.11,8.37571,30.0,1184.0,,70
2930417,2929395,39.28743,-90.804276,7.7379665,0.3777054,0.055,0.11,12.896611,50.0,2752.0,,70
2929651,2929647,39.212597,-90.82746,6.970202,0.39552546,0.055,0.11,11.617003,50.0,319.0,,70
2929545,2929531,39.25473,-90.85254,6.384271,0.4111481,0.055,0.11,10.640451,31.921354,839.0,,70
3600020,3600022,39.38001,-90.40011,14.813896,0.28361076,0.05,0.1,24.689827,74.06948,698.0,,70
2509671,2509679,39.060272,-91.01637,14.461585,0.2866385,0.05,0.1,24.102642,72.30792,617.0,,70
2509673,2509677,39.058933,-91.01379,1.464,0.78733873,0.06,0.12,2.44,7.32,62.0,,70
5915269,5915235,39.225655,-90.32828,19.762623,0.24974588,0.05,0.1,32.937702,98.81311,767.0,,70
2930409,2929389,39.310287,-90.76331,18.963009,0.25433835,0.05,0.1,31.605015,94.81504,2444.0,,70
2509879,2509869,39.02929,-91.03649,17.573082,0.2630249,0.05,0.1,29.288471,87.86541,2757.0,,70
3598186,3598196,39.54944,-90.57473,64.93424,0.14776571,0.045,0.09,108.22374,324.67123,177.0,,70
2930899,2930573,39.334656,-90.81551,3.1272535,0.56330055,0.06,0.12,5.212089,15.636268,4884.0,,70
2929347,2930571,39.31835,-90.791595,0.78994024,1.0336499,0.06,0.12,1.3165671,3.9497013,583.0,,70
2930909,2930569,39.324047,-90.821495,113.6905,0.11541369,0.045,0.09,189.48416,568.4525,465.0,,70
2930901,2930569,39.323475,-90.8193,1.0725707,0.9031736,0.06,0.12,1.7876178,5.3628535,241.0,,70
2507205,2507203,39.114216,-90.90406,2.408229,0.6321183,0.06,0.12,4.0137153,12.041145,3396.0,,71
2507219,2507203,39.10232,-90.91255,1.2493458,0.8443847,0.06,0.12,2.082243,6.2467294,1767.0,,71
2509617,2509645,39.078053,-91.076294,1.8230491,0.7147207,0.06,0.12,3.0384152,9.115245,2617.0,,71
2509623,2509645,39.067726,-91.076256,1.3730026,0.8099479,0.06,0.12,2.288338,6.8650136,1476.0,,71
2509659,2509671,39.064545,-91.0284,1.5246459,0.77336514,0.06,0.12,2.5410767,7.6232295,2060.0,,71
2509689,2509665,39.05929,-91.06786,1.4243923,0.7969236,0.06,0.12,2.3739872,7.121962,1077.0,,71
2929333,2929381,39.322067,-90.79058,0.71318,1.0813332,0.06,0.12,1.1886333,3.5659,736.0,,71
2929443,2929401,39.28545,-90.701454,1.8139327,0.71630317,0.06,0.12,3.023221,9.069663,2043.0,,71
2930421,27570634,39.27296,-90.76764,1.6390833,0.7490616,0.06,0.12,2.7318053,8.195416,732.0,,71
2930431,2929545,39.24637,-90.85068,1.8748692,0.7059372,0.06,0.12,3.124782,9.374347,1531.0,,71
3597526,3597562,39.53597,-90.59773,1.8806721,0.7049754,0.06,0.12,3.1344535,9.40336,2895.0,,71
3597744,3599436,39.503716,-90.64374,1.4370401,0.7938216,0.06,0.12,2.3950667,7.1852,1344.0,,71
3599616,3599634,39.46746,-90.47927,1.5708866,0.76323795,0.06,0.12,2.6181443,7.8544326,2750.0,,71
3600172,3600080,39.35688,-90.403854,1.4968295,0.7796731,0.06,0.12,2.4947157,7.4841475,1756.0,,71
3600196,3600080,39.35182,-90.40112,2.4670043,0.62542945,0.06,0.12,4.111674,12.335022,3076.0,,71
5915137,5915943,39.260357,-90.338036,1.585983,0.76002425,0.06,0.12,2.643305,7.9299154,1950.0,,71
5915237,5915239,39.23262,-90.31865,1.7242968,0.7324986,0.06,0.12,2.873828,8.621484,2170.0,,71
5915353,5915269,39.21783,-90.33355,1.8653997,0.707516,0.06,0.12,3.1089995,9.326999,1956.0,,71
2509699,2509687,39.056465,-91.00207,1.9428471,0.6949317,0.06,0.12,3.2380786,9.714235,431.0,,71
2511905,2510101,38.998672,-91.045334,2.152211,0.664253,0.06,0.12,3.587018,10.761054,412.0,,71
2929301,2929361,39.332542,-90.87021,3.00247,0.5735115,0.06,0.12,5.0041165,15.01235,1782.0,,71
2929331,2929361,39.327694,-90.87,2.7438972,0.5967561,0.06,0.12,4.573162,13.719486,2214.0,,71
2929377,2929391,39.3097,-90.714424,2.2997317,0.64510584,0.06,0.12,3.8328865,11.498659,2380.0,,71
3597370,3598188,39.547768,-90.58164,1.9536517,0.6932335,0.06,0.12,3.256086,9.768258,1039.0,,71
5915111,5916017,39.26819,-90.3037,2.6651018,0.6044767,0.06,0.12,4.4418364,13.325509,2319.0,,71
2509685,2509687,39.05781,-91.002106,2.4815621,0.6238081,0.06,0.12,4.1359367,12.40781,403.0,,71
2929379,2929391,39.302647,-90.71153,3.1643977,0.5603738,0.06,0.12,5.2739964,15.821989,1329.0,,71
2929405,2929401,39.29342,-90.70076,2.7999454,0.59145623,0.06,0.12,4.6665754,13.999726,1362.0,,71
2929423,2930417,39.285988,-90.81255,3.8915,0.51150364,0.06,0.12,6.485833,19.4575,109.0,,71
2929649,2929651,39.21422,-90.82923,3.5596845,0.532016,0.06,0.12,5.9328074,17.798424,288.0,,71
3597736,3597718,39.50176,-90.56953,2.8052793,0.5909598,0.06,0.12,4.6754656,14.026397,409.0,,71
3597742,3599424,39.503086,-90.620415,3.0909135,0.5662128,0.06,0.12,5.1515226,15.454568,649.0,,71
5915135,5915943,39.26198,-90.32849,3.5138447,0.53506684,0.06,0.12,5.856408,17.569223,2432.0,,71
2929345,2930409,39.318478,-90.762474,3.4943357,0.53638273,0.06,0.12,5.8238926,17.471678,1587.0,,71
5915127,5916017,39.261414,-90.29527,4.5206532,0.47877902,0.055,0.11,7.534422,30.0,3722.0,,71
3597528,3597562,39.52713,-90.60283,3.1685064,0.5600531,0.06,0.12,5.2808437,15.842532,1983.0,,71
3597710,3597718,39.503635,-90.568474,5.973146,0.42340103,0.055,0.11,9.955243,30.0,171.0,,71
3599620,3599634,39.458073,-90.47044,4.849627,0.46416894,0.055,0.11,8.082711,30.0,402.0,,71
2509865,2509879,39.030544,-91.0496,7.8065615,0.3762376,0.055,0.11,13.010936,50.0,1067.0,,71
2929427,2930417,39.28548,-90.81538,7.335724,0.3867064,0.055,0.11,12.226206,50.0,524.0,,71
2929667,2929651,39.208897,-90.83634,6.6233506,0.4045333,0.055,0.11,11.038918,50.0,1619.0,,71
2929553,2929545,39.25213,-90.85538,6.3125653,0.41320202,0.055,0.11,10.520943,31.562826,633.0,,71
3598182,3598186,39.550694,-90.57417,11.4987755,0.3171465,0.055,0.11,19.164627,57.493877,152.0,,71
3600014,3600020,39.381306,-90.39442,0.5854696,1.179685,0.06,0.12,0.9757827,2.9273481,332.0,,71
3600026,3600020,39.378872,-90.39816,14.810927,0.28363585,0.05,0.1,24.68488,74.054634,646.0,,71
2509657,2509671,39.064663,-91.01742,14.453586,0.28670847,0.05,0.1,24.08931,72.26793,394.0,,71
5915277,5915269,39.22215,-90.31421,19.755236,0.24978706,0.05,0.1,32.925392,98.77618,3517.0,,71
2929343,2930409,39.32082,-90.77258,18.91085,0.25464758,0.05,0.1,31.518085,94.55425,566.0,,71
2509953,2509879,39.024216,-91.0538,16.991613,0.26695856,0.05,0.1,28.319357,84.95807,1535.0,,71
3598184,3598186,39.556458,-90.57609,64.79822,0.14790247,0.045,0.09,107.99703,323.9911,1414.0,,71
2930879,2930899,39.3515,-90.846664,2.6844296,0.6025527,0.06,0.12,4.4740496,13.422148,1855.0,,71
2930837,2929347,39.319374,-90.79534,0.5457524,1.2168185,0.06,0.12,0.9095874,2.7287621,217.0,,71
2930907,2930909,39.326187,-90.82388,113.69048,0.115413696,0.045,0.09,189.48413,568.4524,165.0,,71
2929315,2930901,39.325184,-90.81904,1.0273083,0.9205181,0.06,0.12,1.7121805,5.1365414,158.0,,71
2507265,2509699,39.052464,-90.983246,1.8943502,0.7027252,0.06,0.12,3.1572502,9.471751,3109.0,,72
2509621,2509657,39.075832,-91.0279,1.8233416,0.7146701,0.06,0.12,3.0389028,9.116709,3070.0,,72
2509829,2509865,39.03841,-91.05218,1.4768323,0.7843132,0.06,0.12,2.4613872,7.3841615,1340.0,,72
2510065,2509953,39.01213,-91.05798,1.6274911,0.7514108,0.06,0.12,2.7124853,8.137456,2197.0,,72
2511933,2511905,38.99404,-91.05493,1.7759303,0.7230255,0.06,0.12,2.9598837,8.879651,2129.0,,72
2511955,2511905,38.989822,-91.0485,1.4959707,0.7798705,0.06,0.12,2.4932847,7.4798536,1612.0,,72
2929335,2929301,39.32885,-90.9027,2.4418664,0.6282618,0.06,0.12,4.0697775,12.209332,4566.0,,72
2929339,2929377,39.3224,-90.70642,1.3492655,0.81620365,0.06,0.12,2.2487757,6.7463274,904.0,,72
2929349,2929331,39.323143,-90.89411,2.1199372,0.6686955,0.06,0.12,3.5332289,10.599687,2489.0,,72
2929363,2929379,39.311306,-90.70209,1.6347549,0.7499359,0.06,0.12,2.7245915,8.173775,2190.0,,72
2929421,2929423,39.294956,-90.8263,2.445512,0.62784845,0.06,0.12,4.0758533,12.22756,3683.0,,72
2929441,2929405,39.286526,-90.687965,1.815114,0.7160975,0.06,0.12,3.0251899,9.07557,1677.0,,72
2929543,2929553,39.25976,-90.87298,2.1794405,0.6605787,0.06,0.12,3.6324008,10.8972025,3369.0,,72
2929671,2929649,39.214436,-90.8642,2.845905,0.58722305,0.06,0.12,4.743175,14.229526,6497.0,,72
2929797,2929667,39.18979,-90.83457,2.218288,0.65544987,0.06,0.12,3.6971464,11.091439,4204.0,,72
2930403,2929343,39.33029,-90.75946,2.0481682,0.67893356,0.06,0.12,3.4136138,10.240842,3118.0,,72
2930407,2929345,39.31558,-90.74262,1.6708612,0.7427427,0.06,0.12,2.7847686,8.354306,2094.0,,72
3597380,3597370,39.54624,-90.592316,1.4733005,0.7851421,0.06,0.12,2.4555006,7.3665023,1113.0,,72
3597708,3597710,39.503555,-90.56014,1.0733896,0.9028696,0.06,0.12,1.7889826,5.366948,1248.0,,72
3597712,3597742,39.513046,-90.6236,1.7015073,0.73681086,0.06,0.12,2.8358455,8.507537,2000.0,,72
3599606,3599620,39.464874,-90.473976,1.4526657,0.7900431,0.06,0.12,2.4211094,7.263328,1585.0,,72
3600086,3600026,39.370754,-90.390656,1.7141308,0.734412,0.06,0.12,2.8568847,8.570654,2038.0,,72
5915047,5915111,39.285454,-90.302376,1.5483023,0.7681297,0.06,0.12,2.580504,7.741512,2278.0,,72
5915049,5915111,39.28444,-90.30682,1.4305091,0.79541844,0.06,0.12,2.384182,7.1525455,1753.0,,72
5915081,5915135,39.2971,-90.33389,2.804899,0.59099513,0.06,0.12,4.674832,14.024495,6788.0,,72
2507253,2509685,39.05962,-90.99846,2.411974,0.63168514,0.06,0.12,4.0199566,12.05987,353.0,,72
2929365,2929379,39.30596,-90.69476,2.9277961,0.5799194,0.06,0.12,4.87966,14.63898,2086.0,,72
2929403,2929405,39.29327,-90.68607,2.189124,0.659288,0.06,0.12,3.6485403,10.9456215,1442.0,,72
2929643,2929649,39.21851,-90.83314,2.771288,0.5941468,0.06,0.12,4.618813,13.85644,948.0,,72
2930411,2929423,39.310642,-90.82332,3.520138,0.5346446,0.06,0.12,5.8668966,17.60069,7747.0,,72
3597714,3597742,39.51258,-90.639915,2.8405945,0.58770716,0.06,0.12,4.734324,14.202972,3722.0,,72
3601270,3597736,39.500065,-90.570274,2.77828,0.5934866,0.06,0.12,4.630467,13.8914,66.0,,72
5915079,5915135,39.27434,-90.32785,2.4746275,0.6245787,0.06,0.12,4.124379,12.373137,365.0,,72
5915085,5915127,39.281948,-90.2853,2.6768143,0.6033084,0.06,0.12,4.461357,13.384071,2662.0,,72
2929433,2929427,39.28465,-90.81839,2.6329398,0.6077232,0.06,0.12,4.3882327,13.164699,151.0,,72
3598176,3598184,39.562325,-90.57911,2.3958936,0.6335521,0.06,0.12,3.993156,11.979468,148.0,,72
2930405,2929345,39.32003,-90.75149,3.221971,0.5559339,0.06,0.12,5.3699517,16.109856,660.0,,72
5915083,5915127,39.27419,-90.273834,3.7108917,0.5223409,0.06,0.12,6.184819,18.554459,1252.0,,72
3597530,3597528,39.526695,-90.618744,2.805533,0.59093624,0.06,0.12,4.675888,14.027664,955.0,,72
3597706,3597710,39.51002,-90.566895,5.959229,0.42383698,0.055,0.11,9.932049,30.0,1462.0,,72
3599604,3599620,39.461018,-90.46751,4.7280684,0.46939653,0.055,0.11,7.8801136,30.0,412.0,,72
2509831,2509865,39.042515,-91.06384,7.777615,0.37685472,0.055,0.11,12.962692,50.0,4862.0,,72
5915313,5915277,39.219204,-90.29848,8.564493,0.3611673,0.055,0.11,14.274156,50.0,1131.0,,72
2929425,2929427,39.28925,-90.82784,7.208883,0.38969362,0.055,0.11,12.014804,50.0,1826.0,,72
2929675,2929667,39.204014,-90.844635,6.485661,0.40829995,0.055,0.11,10.809435,50.0,501.0,,72
2929549,2929553,39.25185,-90.860275,6.211104,0.41616642,0.055,0.11,10.35184,31.055521,507.0,,72
3597350,3598182,39.551407,-90.57076,11.498219,0.31715328,0.055,0.11,19.163696,57.491093,479.0,,72
3600028,3600026,39.378887,-90.39478,14.801463,0.28371584,0.05,0.1,24.669106,74.00732,873.0,,72
2509631,2509657,39.065414,-91.01531,14.441886,0.2868109,0.05,0.1,24.069809,72.20943,746.0,,72
5915265,5915277,39.223846,-90.301674,19.157185,0.2531978,0.05,0.1,31.92864,95.78592,83.0,,72
2929317,2929343,39.327557,-90.777306,18.898743,0.25471956,0.05,0.1,31.497906,94.49372,1132.0,,72
2509955,2509953,39.018696,-91.05962,16.980925,0.2670327,0.05,0.1,28.30154,84.904625,661.0,,72
3598174,3598184,39.56885,-90.58146,64.79641,0.1479043,0.045,0.09,107.99401,323.98203,1571.0,,72
2930877,2930879,39.35447,-90.8567,0.6709925,1.1108171,0.06,0.12,1.1183208,3.3549623,431.0,,72
2930779,2930879,39.368534,-90.87081,2.4972277,0.62207866,0.06,0.12,4.162046,12.486138,3756.0,,72
2930905,2930907,39.331505,-90.83037,113.69037,0.11541375,0.045,0.09,189.48395,568.45184,1462.0,,72
2930893,2930907,39.328045,-90.823746,1.4571998,0.7889576,0.06,0.12,2.4286664,7.2859993,327.0,,72
2930895,2929315,39.326088,-90.821304,0.98171073,0.9391417,0.06,0.12,1.6361846,4.9085536,345.0,,72
2507249,2507253,39.066788,-90.98963,1.8447464,0.7109998,0.06,0.12,3.0745773,9.223732,2190.0,,73
2507259,2507253,39.05622,-90.982864,1.9227303,0.6981301,0.06,0.12,3.2045505,9.613651,2972.0,,73
2509751,2509831,39.048267,-91.095505,2.2604935,0.6500224,0.06,0.12,3.767489,11.302467,4081.0,,73
2929319,2930405,39.33171,-90.741974,1.8617542,0.70812684,0.06,0.12,3.1029236,9.308771,2690.0,,73
2929353,2929365,39.32257,-90.68822,2.490697,0.6227977,0.06,0.12,4.1511617,12.453485,2390.0,,73
2929367,2930411,39.30776,-90.8676,1.6988266,0.7373236,0.06,0.12,2.8313775,8.494132,2473.0,,73
2929383,2930411,39.305843,-90.87299,2.5432687,0.6170849,0.06,0.12,4.238781,12.716343,4682.0,,73
2929397,2929403,39.29425,-90.673065,1.7477875,0.7281388,0.06,0.12,2.9129791,8.738937,947.0,,73
2929485,2929425,39.274525,-90.8397,2.4308658,0.6295146,0.06,0.12,4.051443,12.154329,3403.0,,73
2929551,2929549,39.253216,-90.87349,1.6296768,0.750966,0.06,0.12,2.716128,8.148384,2012.0,,73
2929617,2929643,39.23028,-90.83312,2.0609307,0.6770755,0.06,0.12,3.4348843,10.304653,2454.0,,73
2929619,2929643,39.228325,-90.84931,2.203192,0.65742743,0.06,0.12,3.6719866,11.01596,3180.0,,73
2930419,2929433,39.28358,-90.8319,1.426751,0.7963421,0.06,0.12,2.3779182,7.133755,2529.0,,73
3597602,3597706,39.52461,-90.56692,1.8603483,0.7083629,0.06,0.12,3.1005807,9.301742,1777.0,,73
3597624,3597714,39.51624,-90.661766,1.4517555,0.79026157,0.06,0.12,2.4195926,7.2587776,980.0,,73
3599582,3599604,39.47235,-90.46906,1.5790502,0.7614946,0.06,0.12,2.6317503,7.8952513,2574.0,,73
3600990,3601270,39.476593,-90.582405,2.773363,0.59395057,0.06,0.12,4.622272,13.866816,6755.0,,73
5914999,5915085,39.297092,-90.29414,1.4095968,0.80060315,0.06,0.12,2.349328,7.047984,1784.0,,73
5915001,5915085,39.297657,-90.30608,2.1415577,0.6657087,0.06,0.12,3.569263,10.707788,3457.0,,73
5915035,5915083,39.298763,-90.284904,2.459008,0.6263259,0.06,0.12,4.0983467,12.295039,5184.0,,73
5915063,5915079,39.28583,-90.320625,2.061853,0.6769419,0.06,0.12,3.4364214,10.309264,3052.0,,73
5915065,5915079,39.287457,-90.32917,1.7786973,0.72252905,0.06,0.12,2.9644954,8.893487,2853.0,,73
2509911,2509955,39.03015,-91.078926,3.9625604,0.50743634,0.06,0.12,6.6042676,19.812803,4739.0,,73
2929445,2929433,39.282124,-90.81828,2.45458,0.62682414,0.06,0.12,4.0909667,12.2729,416.0,,73
3597288,3598176,39.561615,-90.58809,2.3922725,0.63397497,0.06,0.12,3.9871206,11.961362,1469.0,,73
3598172,3598174,39.576046,-90.5846,2.0830722,0.67389095,0.06,0.12,3.4717867,10.41536,172.0,,73
5915347,5915313,39.213127,-90.30571,2.320248,0.6425831,0.06,0.12,3.86708,11.60124,1168.0,,73
2509607,2509631,39.0675,-91.01116,2.473657,0.62468684,0.06,0.12,4.1227612,12.368284,497.0,,73
2929321,2930405,39.323605,-90.74316,2.9275627,0.5799398,0.06,0.12,4.879271,14.637814,1201.0,,73
2929677,2929675,39.202805,-90.84725,2.839109,0.58784276,0.06,0.12,4.7318482,14.195545,62.0,,73
5915259,5915265,39.22498,-90.30688,2.4441876,0.62799853,0.06,0.12,4.073646,12.220938,893.0,,73
5915033,5915083,39.281487,-90.27054,3.143901,0.56198263,0.06,0.12,5.2398353,15.719505,604.0,,73
3598340,3597530,39.527157,-90.62494,2.6575193,0.60523695,0.06,0.12,4.4291987,13.287597,173.0,,73
2930401,2929317,39.339058,-90.78739,4.917177,0.46134487,0.055,0.11,8.195295,30.0,1998.0,,73
3597600,3597706,39.517197,-90.56246,5.855563,0.42713112,0.055,0.11,9.759273,30.0,776.0,,73
3599586,3599604,39.46194,-90.46531,4.652348,0.4727518,0.055,0.11,7.7539134,30.0,76.0,,73
2509745,2509831,39.06027,-91.08825,7.6177745,0.38032305,0.055,0.11,12.696291,50.0,6376.0,,73
5915355,5915313,39.211773,-90.29967,8.463107,0.3630698,0.055,0.11,14.105178,50.0,562.0,,73
2929467,2929425,39.289753,-90.8589,7.088851,0.39259106,0.055,0.11,11.814752,50.0,3839.0,,73
3597382,3597350,39.550297,-90.533295,6.359206,0.41186225,0.055,0.11,10.598677,31.79603,6108.0,,73
2929705,2929675,39.19923,-90.84744,6.2815113,0.41410202,0.055,0.11,10.469186,50.0,891.0,,73
2930433,2929549,39.248894,-90.86288,6.165885,0.41751018,0.055,0.11,10.276475,30.829426,920.0,,73
3597340,3597350,39.557095,-90.52758,10.7675295,0.3264744,0.055,0.11,17.945883,53.837646,7472.0,,73
3600008,3600028,39.38206,-90.391815,14.799735,0.28373045,0.05,0.1,24.666225,73.99867,158.0,,73
2509595,2509631,39.07389,-91.01715,14.412812,0.287066,0.05,0.1,24.021355,72.064064,1802.0,,73
5915263,5915265,39.224163,-90.3014,19.139856,0.25329888,0.05,0.1,31.899761,95.69929,63.0,,73
2938529,2930779,39.379086,-90.88699,0.6869184,1.0993806,0.06,0.12,1.144864,3.434592,66.0,,73
2929295,2929317,39.336105,-90.78819,18.767344,0.25550482,0.05,0.1,31.278908,93.83672,1541.0,,73
2509959,2509955,39.01984,-91.06664,16.898777,0.26760462,0.05,0.1,28.164627,84.49388,863.0,,73
3598170,3598174,39.57704,-90.58422,64.79494,0.14790578,0.045,0.09,107.99156,323.9747,349.0,,73
2930547,2930779,39.378998,-90.88833,1.6212671,0.75268203,0.06,0.12,2.7021117,8.106336,181.0,,73
2930883,2930905,39.33532,-90.84071,1.7468342,0.7283141,0.06,0.12,2.9113903,8.734171,841.0,,73
2930889,2930905,39.337543,-90.83739,113.69007,0.11541388,0.045,0.09,189.48344,568.4503,349.0,,73
2930891,2930893,39.33076,-90.82518,1.3230549,0.8232982,0.06,0.12,2.2050915,6.6152744,396.0,,73
2930903,2930893,39.329964,-90.82361,0.6275833,1.1440818,0.06,0.12,1.0459722,3.1379166,117.0,,73
2509511,2509595,39.08033,-91.007095,1.6351165,0.7498628,0.06,0.12,2.725194,8.175582,1356.0,,74
2509561,2509745,39.077927,-91.09844,1.4851553,0.782371,0.06,0.12,2.475259,7.425777,1516.0,,74
2509615,2509607,39.068188,-91.00474,1.1953057,0.8610186,0.06,0.12,1.9921763,5.9765286,1027.0,,74
2509813,2509911,39.05164,-91.143166,3.7118487,0.52228147,0.06,0.12,6.1864147,18.559244,10679.0,,74
2929313,2929321,39.32344,-90.730705,1.8718158,0.70644504,0.06,0.12,3.119693,9.359078,1508.0,,74
2929493,2929445,39.274178,-90.83381,1.5894275,0.7592972,0.06,0.12,2.6490457,7.9471374,3537.0,,74
2929715,2929677,39.198257,-90.85955,1.4314456,0.7951888,0.06,0.12,2.3857427,7.1572285,2462.0,,74
2929819,2929705,39.181362,-90.84193,2.0226483,0.6826995,0.06,0.12,3.3710806,10.113242,3921.0,,74
2930423,2929445,39.2688,-90.8364,2.1671646,0.662227,0.06,0.12,3.611941,10.835823,5416.0,,74
3597230,3598172,39.574604,-90.60032,2.0751357,0.6750268,0.06,0.12,3.4585595,10.375679,2683.0,,74
3597324,3597288,39.562313,-90.610504,2.0290868,0.6817429,0.06,0.12,3.3818116,10.145434,2831.0,,74
3598032,3597382,39.54998,-90.49597,1.5133862,0.7758984,0.06,0.12,2.5223105,7.5669317,1934.0,,74
3599614,3599586,39.457703,-90.45137,2.2353559,0.6532372,0.06,0.12,3.7255933,11.17678,2856.0,,74
5915019,5915033,39.300804,-90.26177,2.363973,0.6373121,0.06,0.12,3.9399548,11.819864,4653.0,,74
5915253,5915259,39.23196,-90.3022,2.2377174,0.652933,0.06,0.12,3.7295291,11.188587,2711.0,,74
5915383,5915347,39.211464,-90.322464,1.8743148,0.70602936,0.06,0.12,3.123858,9.371574,2001.0,,74
5915401,5915355,39.206573,-90.28996,1.5295988,0.77225935,0.06,0.12,2.5493314,7.647994,1888.0,,74
5915407,5915347,39.20555,-90.316956,1.4643981,0.7872443,0.06,0.12,2.4406636,7.3219905,1618.0,,74
2509583,2509607,39.074516,-91.00647,2.3058684,0.6443479,0.06,0.12,3.843114,11.529342,1310.0,,74
2929305,2929321,39.328712,-90.72496,2.4903774,0.62283295,0.06,0.12,4.150629,12.451887,2715.0,,74
2929461,2929467,39.2839,-90.880295,2.3097568,0.6438691,0.06,0.12,3.8495948,11.548784,1486.0,,74
2929557,2930433,39.24714,-90.86642,1.9920624,0.68730426,0.06,0.12,3.3201041,10.0,121.0,,74
2929673,2929677,39.203835,-90.84948,2.7036273,0.60066134,0.06,0.12,4.5060453,13.518136,401.0,,74
2930567,2930883,39.33716,-90.845245,1.5150647,0.7755191,0.06,0.12,2.5251079,7.575323,70.0,,74
3597260,3597340,39.569035,-90.50126,2.127336,0.66766846,0.06,0.12,3.5455601,10.636681,1063.0,,74
3599998,3600008,39.383938,-90.392586,0.8828209,0.9841792,0.06,0.12,1.4713681,4.4141045,479.0,,74
5915255,5915259,39.226795,-90.31889,1.2715112,0.8378588,0.06,0.12,2.1191854,6.357556,1206.0,,74
5915261,5915263,39.229134,-90.295296,1.4453533,0.791804,0.06,0.12,2.4089222,7.2267666,1730.0,,74
5915021,5915033,39.291763,-90.26794,2.5489302,0.6164799,0.06,0.12,4.248217,12.744651,1801.0,,74
2510015,2509959,39.014862,-91.07012,3.2129364,0.55662304,0.06,0.12,5.3548937,16.064682,536.0,,74
3598398,3598340,39.52838,-90.62621,2.6253197,0.6085008,0.06,0.12,4.375533,13.126598,239.0,,74
2929263,2930401,39.346172,-90.79631,3.4223063,0.5413343,0.06,0.12,5.703844,17.111532,463.0,,74
2929261,2930401,39.34743,-90.78988,4.113859,0.49911666,0.06,0.12,6.8564324,20.569298,1197.0,,74
3597588,3597600,39.519497,-90.55723,4.0077057,0.50490654,0.06,0.12,6.679509,20.038528,451.0,,74
3597704,3597600,39.50788,-90.552605,5.1026354,0.4538707,0.06,0.12,8.504392,25.513176,2387.0,,74
2929275,2929295,39.34891,-90.802956,4.9125676,0.4615358,0.055,0.11,8.187613,30.0,2803.0,,74
3598166,3598170,39.5794,-90.58422,5.914654,0.42524323,0.055,0.11,9.857756,30.0,237.0,,74
3599584,3599586,39.464787,-90.46215,4.461311,0.48157826,0.055,0.11,7.4355183,30.0,801.0,,74
2509577,2509745,39.072083,-91.1036,7.454929,0.38396612,0.055,0.11,12.424881,50.0,585.0,,74
5915399,5915355,39.20586,-90.30033,8.441263,0.363484,0.055,0.11,14.068771,50.0,783.0,,74
2929471,2929467,39.279995,-90.877014,6.936838,0.39636362,0.055,0.11,11.561397,50.0,594.0,,74
3598034,3597382,39.541862,-90.50034,6.2199254,0.41590592,0.055,0.11,10.366543,31.099628,639.0,,74
2929755,2929705,39.18872,-90.85391,6.191534,0.41674623,0.055,0.11,10.319223,50.0,1997.0,,74
2929563,2930433,39.242992,-90.8714,6.0704055,0.42039472,0.055,0.11,10.117342,30.352026,1265.0,,74
3598028,3597340,39.564217,-90.49473,10.681709,0.327629,0.055,0.11,17.802849,53.408546,1510.0,,74
3600000,3600008,39.38238,-90.38928,14.798293,0.28374264,0.05,0.1,24.663822,73.99147,323.0,,74
2509509,2509595,39.0827,-91.0142,14.398792,0.2871893,0.05,0.1,23.997988,71.99396,759.0,,74
5915337,5915263,39.218586,-90.28367,19.136585,0.25331798,0.05,0.1,31.894308,95.68292,3341.0,,74
2930545,2930547,39.379368,-90.88916,0.6869184,1.0993806,0.06,0.12,1.144864,3.434592,69.0,,74
2930787,2938529,39.381184,-90.886314,0.6790461,1.1049855,0.06,0.12,1.1317434,3.3952303,460.0,,74
2929277,2929295,39.338543,-90.80732,18.637094,0.25629106,0.05,0.1,31.061825,93.18548,2127.0,,74
2509963,2509959,39.026043,-91.07899,16.853374,0.26792243,0.05,0.1,28.088959,84.26688,2852.0,,74
3598168,3598170,39.580555,-90.585846,64.775604,0.14792526,0.045,0.09,107.95934,323.87802,478.0,,74
2930873,2930547,39.378773,-90.89194,1.5535094,0.7669928,0.06,0.12,2.5891824,7.7675467,454.0,,74
2931049,2930883,39.340347,-90.84677,0.85571194,0.9978148,0.06,0.12,1.4261866,4.2785597,782.0,,74
2931051,2930889,39.340786,-90.8409,113.690056,0.11541389,0.045,0.09,189.48343,568.4503,585.0,,74
2930885,2930891,39.338673,-90.83084,1.2773747,0.8361598,0.06,0.12,2.128958,6.3868737,1551.0,,74
2929299,2930903,39.331512,-90.82391,0.58011395,1.1844776,0.06,0.12,0.96685654,2.9005697,239.0,,74
2507235,2509583,39.077248,-90.987755,2.1619222,0.66293496,0.06,0.12,3.6032035,10.80961,2448.0,,75
2509473,2509509,39.087383,-91.009674,1.6419566,0.74848306,0.06,0.12,2.7365942,8.209783,1427.0,,75
2509701,2509577,39.065056,-91.11315,1.9121168,0.699837,0.06,0.12,3.1868613,9.560584,2457.0,,75
2510089,2510015,39.00677,-91.06467,1.5618498,0.7651831,0.06,0.12,2.6030831,7.8092494,1893.0,,75
2929241,2929261,39.354805,-90.77974,1.3915333,0.8051716,0.06,0.12,2.319222,6.9576664,2035.0,,75
2929257,2929277,39.349266,-90.819305,1.12271,0.88515145,0.06,0.12,1.8711833,5.6135497,1222.0,,75
2929279,2929305,39.338425,-90.709404,1.7768536,0.72285974,0.06,0.12,2.9614227,8.884268,1324.0,,75
2929283,2930567,39.33959,-90.85469,1.5121251,0.7761838,0.06,0.12,2.5202086,7.560626,1735.0,,75
2929413,2929461,39.295406,-90.87149,1.5535094,0.7669928,0.06,0.12,2.5891824,7.7675467,1942.0,,75
2929415,2929461,39.295033,-90.88611,1.7890759,0.7206769,0.06,0.12,2.9817932,8.945379,2074.0,,75
2929561,2929557,39.241585,-90.8743,1.3076134,0.82757336,0.06,0.12,2.1793556,6.538067,1738.0,,75
2929565,2929563,39.2397,-90.886505,1.5324737,0.7716199,0.06,0.12,2.5541227,7.6623683,2051.0,,75
2929603,2929563,39.23123,-90.87344,1.6347549,0.7499359,0.06,0.12,2.7245915,8.173775,1806.0,,75
2929669,2929673,39.210518,-90.86138,1.4110419,0.80024135,0.06,0.12,2.3517363,7.055209,2145.0,,75
2929713,2929673,39.198837,-90.873665,2.5425017,0.61716706,0.06,0.12,4.237503,12.712508,4586.0,,75
2930435,2929557,39.247215,-90.88073,1.7660235,0.7248121,0.06,0.12,2.9433725,8.830117,2517.0,,75
3597224,3597260,39.579914,-90.50473,1.8795694,0.7051579,0.06,0.12,3.1326158,9.397847,1564.0,,75
3597334,3598028,39.557194,-90.4747,2.2965581,0.645499,0.06,0.12,3.827597,11.482791,3717.0,,75
3598038,3598034,39.533535,-90.50199,1.8312079,0.71331406,0.06,0.12,3.052013,9.156039,2150.0,,75
3599564,3599584,39.47405,-90.46547,1.3087281,0.8272623,0.06,0.12,2.1812136,6.5436406,1668.0,,75
5914981,5915021,39.301094,-90.28005,1.3570946,0.8141229,0.06,0.12,2.2618244,6.785473,1742.0,,75
5915419,5915337,39.201992,-90.2637,2.0295622,0.68167245,0.06,0.12,3.3826036,10.147811,2107.0,,75
2929215,2929275,39.365253,-90.813126,2.914083,0.58112174,0.06,0.12,4.8568053,14.5704155,1971.0,,75
3597564,3597588,39.532154,-90.55698,2.3229935,0.6422479,0.06,0.12,3.871656,11.614967,2401.0,,75
3597734,3597704,39.501926,-90.5434,3.8774827,0.51231855,0.06,0.12,6.462471,19.387413,406.0,,75
3598164,3598168,39.582493,-90.58766,1.4603575,0.78820455,0.06,0.12,2.4339292,7.301788,145.0,,75
5914979,5915021,39.303226,-90.27152,2.141986,0.66565,0.06,0.12,3.5699763,10.709929,1096.0,,75
2510071,2510015,39.008648,-91.07153,2.9895275,0.5746055,0.06,0.12,4.982546,14.947638,963.0,,75
3597522,3598398,39.53366,-90.62735,2.6033711,0.6107588,0.06,0.12,4.338952,13.016856,941.0,,75
2930561,2929263,39.350586,-90.79715,3.3255687,0.5482258,0.06,0.12,5.5426145,16.627844,534.0,,75
2509951,2509963,39.01898,-91.08768,2.3606105,0.6377125,0.06,0.12,3.9343507,11.803052,169.0,,75
2929247,2929261,39.349697,-90.773796,4.018839,0.504289,0.06,0.12,6.698065,20.094194,1739.0,,75
2929795,2929755,39.178955,-90.85981,3.739328,0.5205847,0.06,0.12,6.232213,18.69664,878.0,,75
3597568,3597588,39.521458,-90.55626,3.7061725,0.5226342,0.06,0.12,6.1769543,18.530863,121.0,,75
3597700,3597704,39.503414,-90.543106,4.0907025,0.5003612,0.06,0.12,6.8178377,20.453512,252.0,,75
2929217,2929275,39.370777,-90.823494,4.4392624,0.48263204,0.055,0.11,7.398771,30.0,3288.0,,75
3598390,3598166,39.579967,-90.58245,5.9128356,0.4253009,0.055,0.11,9.854726,30.0,114.0,,75
2929479,2929471,39.27639,-90.88064,4.7661486,0.46773824,0.055,0.11,7.943581,30.0,432.0,,75
3599562,3599584,39.468678,-90.45832,4.400131,0.48452094,0.055,0.11,7.3335524,30.0,399.0,,75
3599990,3600000,39.383465,-90.38808,5.644031,0.4341211,0.055,0.11,9.406718,30.0,81.0,,75
5915403,5915399,39.202976,-90.301994,5.991013,0.4228435,0.055,0.11,9.985022,30.0,290.0,,75
2509573,2509577,39.073997,-91.10756,7.4036717,0.38513663,0.055,0.11,12.339454,50.0,527.0,,75
5915467,5915399,39.196095,-90.29264,7.227747,0.3892446,0.055,0.11,12.046246,36.138737,2687.0,,75
2929475,2929471,39.279472,-90.88263,6.0430894,0.42123199,0.055,0.11,10.0718155,30.215448,757.0,,75
3597402,3598034,39.54145,-90.49539,6.1449556,0.41813695,0.055,0.11,10.241592,30.724777,395.0,,75
2929763,2929755,39.180984,-90.86476,5.546027,0.43748897,0.055,0.11,9.243379,50.0,642.0,,75
2929585,2929563,39.235386,-90.88477,5.949229,0.42415112,0.055,0.11,9.915381,30.0,1697.0,,75
3597250,3598028,39.5706,-90.48237,10.614253,0.328546,0.055,0.11,17.690422,53.071266,1294.0,,75
3599988,3600000,39.384872,-90.38627,14.495496,0.28634244,0.05,0.1,24.15916,72.47748,499.0,,75
2509475,2509509,39.086983,-91.01889,14.388587,0.28727913,0.05,0.1,23.980978,71.94293,727.0,,75
5915983,5915337,39.21075,-90.25598,19.115305,0.25344238,0.05,0.1,31.85884,95.57652,1958.0,,75
937110106,2930545,39.38157,-90.88992,0.67302346,1.109337,0.06,0.12,1.1217058,3.3651173,479.0,,75
2929259,2929277,39.346844,-90.82772,18.625923,0.2563589,0.05,0.1,31.043203,93.12961,2337.0,,75
2509947,2509963,39.01907,-91.088234,16.825056,0.26812127,0.05,0.1,28.04176,84.12528,207.0,,75
3607112,3598168,39.58534,-90.58806,64.77523,0.14792563,0.045,0.09,107.95872,323.87613,685.0,,75
2930555,2930873,39.3773,-90.89906,0.9923038,0.93470544,0.06,0.12,1.6538396,4.961519,890.0,,75
2930785,2930873,39.379112,-90.89474,1.2767907,0.83632857,0.06,0.12,2.1279845,6.3839536,111.0,,75
2930565,2931051,39.343197,-90.844955,113.690025,0.115413904,0.045,0.09,189.48338,568.45013,307.0,,75
2930897,2929299,39.332382,-90.8253,1.464,0.78733873,0.06,0.12,2.44,7.32,90.0,,75
2509949,2509947,39.026634,-91.096344,1.5701047,0.7634056,0.06,0.12,2.6168413,7.850524,2395.0,,76
2929181,2929215,39.377827,-90.815056,2.290373,0.6462675,0.06,0.12,3.8172886,11.451866,2100.0,,76
2929183,2929215,39.37307,-90.802155,1.8250954,0.71436703,0.06,0.12,3.0418255,9.125477,2668.0,,76
2929229,2930561,39.35734,-90.784546,1.8631579,0.70789146,0.06,0.12,3.1052632,9.315789,2670.0,,76
2929245,2929247,39.357857,-90.764565,1.4877651,0.7817652,0.06,0.12,2.4796083,7.438825,2067.0,,76
2929463,2929475,39.286316,-90.89026,1.3612345,0.81302965,0.06,0.12,2.2687242,6.806173,1646.0,,76
2929481,2929479,39.275078,-90.882866,1.0559316,0.909425,0.06,0.12,1.7598859,5.279658,148.0,,76
2929681,2929585,39.214127,-90.90892,2.9143186,0.58110106,0.06,0.12,4.8571978,14.571592,5153.0,,76
2929821,2929795,39.170624,-90.85293,1.5006818,0.77878946,0.06,0.12,2.5011363,7.503409,1719.0,,76
2929851,2929763,39.1677,-90.87945,2.065304,0.67644256,0.06,0.12,3.4421732,10.32652,4120.0,,76
3597192,3598164,39.58297,-90.59773,1.4453533,0.791804,0.06,0.12,2.4089222,7.2267666,1653.0,,76
3597398,3597564,39.54731,-90.55925,1.4540288,0.78971624,0.06,0.12,2.4233813,7.270144,1304.0,,76
3597452,3597522,39.54192,-90.62364,1.9102476,0.70013905,0.06,0.12,3.183746,9.551238,1649.0,,76
3597694,3597568,39.51209,-90.55006,1.3565754,0.81426036,0.06,0.12,2.260959,6.782877,2305.0,,76
3599558,3599562,39.472206,-90.4477,1.7700611,0.7240822,0.06,0.12,2.9501019,8.850306,1863.0,,76
3600898,3597734,39.470592,-90.546364,3.856817,0.51352787,0.06,0.12,6.428028,19.284084,6400.0,,76
5914947,5914979,39.313614,-90.27902,1.4295714,0.7956486,0.06,0.12,2.382619,7.1478567,1710.0,,76
5914949,5914979,39.31175,-90.2864,1.6639009,0.74411184,0.06,0.12,2.773168,8.319505,2533.0,,76
2510107,2510071,39.002396,-91.06984,1.7141308,0.734412,0.06,0.12,2.8568847,8.570654,514.0,,76
2510109,2510071,39.00236,-91.07272,2.6692963,0.60405743,0.06,0.12,4.4488273,13.346481,558.0,,76
2929225,2929259,39.359413,-90.83602,2.6378055,0.6072284,0.06,0.12,4.3963428,13.189028,939.0,,76
3597462,3597522,39.539906,-90.643234,2.1021056,0.67119217,0.06,0.12,3.5035093,10.510528,2409.0,,76
3599982,3599990,39.384834,-90.39001,1.7622806,0.72549087,0.06,0.12,2.9371343,8.811402,447.0,,76
5915593,5915467,39.176567,-90.280846,3.021134,0.57194567,0.06,0.12,5.0352235,15.10567,2729.0,,76
2929153,2929217,39.392498,-90.82858,3.476202,0.53761536,0.06,0.12,5.7936697,17.38101,4188.0,,76
2929231,2930561,39.368202,-90.78902,3.087339,0.5665019,0.06,0.12,5.145565,15.436694,4506.0,,76
3597214,3597250,39.57573,-90.474815,2.7169096,0.59936404,0.06,0.12,4.528183,13.584549,572.0,,76
2510431,2509951,39.016777,-91.08683,2.3563497,0.6382209,0.06,0.12,3.9272497,11.781749,402.0,,76
2929243,2929247,39.349712,-90.76214,3.8139904,0.51606387,0.06,0.12,6.3566504,19.069952,352.0,,76
2929869,2929795,39.159283,-90.86461,3.606665,0.5289474,0.06,0.12,6.011108,18.033325,3812.0,,76
3597500,3597402,39.53492,-90.492134,1.5258871,0.77308756,0.06,0.12,2.5431452,7.6294355,1614.0,,76
3597566,3597568,39.52142,-90.54929,3.6380768,0.52692765,0.06,0.12,6.0634613,18.190384,1067.0,,76
3597698,3597700,39.503246,-90.52295,3.2230365,0.55585283,0.06,0.12,5.3717275,16.115183,3365.0,,76
5915421,5915403,39.20034,-90.30711,4.2234993,0.49335837,0.06,0.12,7.039166,21.117496,855.0,,76
3597732,3597700,39.50175,-90.5403,3.2367287,0.55481416,0.06,0.12,5.394548,16.183643,443.0,,76
2509455,2509475,39.089672,-91.02374,4.230306,0.493008,0.06,0.12,7.0505104,21.151531,348.0,,76
2929155,2929217,39.385704,-90.83777,3.373193,0.5447975,0.06,0.12,5.6219883,16.865965,945.0,,76
3597198,3598390,39.580444,-90.57649,5.9121795,0.42532173,0.055,0.11,9.853633,30.0,915.0,,76
2929489,2929479,39.275097,-90.88915,4.7338595,0.4691431,0.055,0.11,7.8897657,30.0,1191.0,,76
3599556,3599562,39.471684,-90.45662,4.2863493,0.4901537,0.055,0.11,7.1439157,30.0,351.0,,76
3599980,3599990,39.38998,-90.38567,5.5805573,0.43629262,0.055,0.11,9.300929,30.0,2399.0,,76
3600154,3599988,39.368595,-90.376236,6.0616393,0.42066282,0.055,0.11,10.102732,50.0,5267.0,,76
2509571,2509573,39.075096,-91.1221,5.605632,0.43543056,0.055,0.11,9.342719,30.0,3306.0,,76
5915475,5915403,39.195076,-90.3056,5.147183,0.4521335,0.055,0.11,8.578638,30.0,1729.0,,76
2509537,2509573,39.084854,-91.1174,6.0681663,0.42046314,0.055,0.11,10.11361,30.340832,3430.0,,76
5915541,5915467,39.182327,-90.26884,6.9494104,0.3960471,0.055,0.11,11.582351,34.74705,3675.0,,76
2929465,2929475,39.281796,-90.89012,6.0065227,0.42236143,0.055,0.11,10.010872,30.032614,764.0,,76
3597418,3597402,39.54115,-90.48878,6.0951524,0.41964084,0.055,0.11,10.158587,30.475761,1312.0,,76
2929767,2929763,39.181534,-90.87148,5.38534,0.44320068,0.055,0.11,8.975568,50.0,582.0,,76
2929587,2929585,39.23232,-90.89492,5.5944996,0.4358126,0.055,0.11,9.324166,30.0,223.0,,76
5915981,5915983,39.220287,-90.2493,8.162462,0.36890998,0.055,0.11,13.604104,40.81231,1662.0,,76
3597212,3597250,39.58044,-90.47479,10.522019,0.32981348,0.055,0.11,17.5367,52.610096,1301.0,,76
3599968,3599988,39.387768,-90.381,14.105512,0.2898085,0.05,0.1,23.509186,70.52756,1713.0,,76
2509453,2509475,39.090515,-91.023224,14.246421,0.2885404,0.05,0.1,23.744036,71.23211,698.0,,76
5915301,5915983,39.213932,-90.24292,18.558155,0.25677148,0.05,0.1,30.930258,92.79077,501.0,,76
2929227,2929259,39.357018,-90.83755,18.600273,0.2565148,0.05,0.1,31.000456,93.001366,583.0,,76
2509967,2509947,39.01758,-91.09048,16.819569,0.26815987,0.05,0.1,28.032614,84.09784,313.0,,76
3598162,3607112,39.58877,-90.588974,64.775116,0.14792575,0.045,0.09,107.95853,323.87558,97.0,,76
2929169,2930785,39.379784,-90.89522,1.2584232,0.8416921,0.06,0.12,2.097372,6.292116,64.0,,76
2930887,2930565,39.344666,-90.84792,113.69001,0.11541391,0.045,0.09,189.48335,568.45,303.0,,76
2509441,2509455,39.096153,-91.02947,1.2837648,0.8343211,0.06,0.12,2.1396081,6.4188247,1890.0,,77
2509461,2509537,39.08925,-91.137985,1.7161075,0.73403865,0.06,0.12,2.8601792,8.580538,1681.0,,77
2509693,2509571,39.06507,-91.133286,1.9126501,0.6997509,0.06,0.12,3.1877503,9.563251,1941.0,,77
2510111,2509967,39.009407,-91.09687,1.637643,0.74935216,0.06,0.12,2.729405,8.188214,2253.0,,77
2511957,2510107,38.99274,-91.06661,1.6347549,0.7499359,0.06,0.12,2.7245915,8.173775,1876.0,,77
2511979,2510109,38.987644,-91.08066,2.5503037,0.61633337,0.06,0.12,4.250506,12.751518,3678.0,,77
2929123,2929153,39.400063,-90.801956,1.6715541,0.7426069,0.06,0.12,2.7859235,8.357771,1718.0,,77
2929187,2929231,39.379417,-90.76818,1.5373777,0.770533,0.06,0.12,2.5622962,7.6868887,1817.0,,77
2929207,2929225,39.375477,-90.83944,2.209456,0.6566045,0.06,0.12,3.6824265,11.047279,4064.0,,77
2929219,2929227,39.366367,-90.84316,1.3653501,0.8119475,0.06,0.12,2.2755835,6.8267508,2046.0,,77
2929233,2929225,39.360687,-90.82441,1.8617542,0.70812684,0.06,0.12,3.1029236,9.308771,2024.0,,77
2929435,2929465,39.29617,-90.89722,1.6469615,0.7474787,0.06,0.12,2.7449358,8.234807,2905.0,,77
2929491,2929489,39.280598,-90.91781,2.4246564,0.6302253,0.06,0.12,4.041094,12.1232815,4730.0,,77
2929765,2929767,39.187225,-90.88427,1.9062302,0.70078963,0.06,0.12,3.1770504,9.531151,2568.0,,77
2929949,2929869,39.13737,-90.86739,1.7588359,0.7261174,0.06,0.12,2.9313931,8.794179,2935.0,,77
2930397,2929243,39.36747,-90.74582,2.6981692,0.6011971,0.06,0.12,4.4969487,13.490847,4816.0,,77
3597276,3597214,39.571785,-90.45576,1.9235218,0.69800335,0.06,0.12,3.2058697,9.617609,3649.0,,77
3597412,3597418,39.543167,-90.47651,1.5349295,0.771075,0.06,0.12,2.5582159,7.6746473,1889.0,,77
3599546,3599556,39.479385,-90.46306,1.4095968,0.80060315,0.06,0.12,2.349328,7.047984,1863.0,,77
3599878,3599980,39.39905,-90.40114,1.7311178,0.7312238,0.06,0.12,2.8851964,8.655589,2331.0,,77
3599964,3599982,39.393982,-90.39726,1.7333801,0.7308027,0.06,0.12,2.8889668,8.666901,1946.0,,77
5915447,5915421,39.193752,-90.32866,2.3182306,0.6428297,0.06,0.12,3.8637176,11.591153,3824.0,,77
5915547,5915475,39.18118,-90.30199,1.6314939,0.7505969,0.06,0.12,2.7191565,8.15747,1747.0,,77
5915683,5915593,39.15684,-90.28462,1.9623139,0.6918818,0.06,0.12,3.2705233,9.811569,2539.0,,77
5915685,5915593,39.157166,-90.297554,2.177162,0.66088367,0.06,0.12,3.6286032,10.88581,3011.0,,77
5915979,5915981,39.231762,-90.241684,2.0853288,0.6735691,0.06,0.12,3.475548,10.426644,4265.0,,77
2929129,2929153,39.394432,-90.80058,2.9916549,0.5744252,0.06,0.12,4.9860916,14.958275,1137.0,,77
2929185,2929231,39.373215,-90.76248,2.131017,0.66715944,0.06,0.12,3.5516949,10.655085,746.0,,77
2929579,2929587,39.23835,-90.89796,2.1223364,0.6683619,0.06,0.12,3.5372274,10.611683,1262.0,,77
3597138,3597212,39.589855,-90.47915,2.6718068,0.603807,0.06,0.12,4.4530115,13.359035,1915.0,,77
3597238,3597214,39.57067,-90.46888,2.301967,0.64482945,0.06,0.12,3.8366115,11.509834,1076.0,,77
3597558,3597566,39.524685,-90.54349,2.3477833,0.63924724,0.06,0.12,3.9129722,11.738917,743.0,,77
3598306,3598162,39.58891,-90.58999,1.3175803,0.8248056,0.06,0.12,2.1959672,6.587902,162.0,,77
5915293,5915301,39.21779,-90.23627,2.354214,0.6384763,0.06,0.12,3.9236898,11.77107,1072.0,,77
2509417,2509453,39.094925,-91.02023,2.8868747,0.58353174,0.06,0.12,4.8114576,14.434373,663.0,,77
2510085,2510431,39.00828,-91.08643,2.3198814,0.64262784,0.06,0.12,3.8664691,11.599407,1726.0,,77
2929871,2929869,39.148857,-90.874146,2.8343952,0.5882739,0.06,0.12,4.723992,14.171975,419.0,,77
2930399,2929243,39.35057,-90.75385,3.2531645,0.5535758,0.06,0.12,5.421941,16.265823,1114.0,,77
3597194,3597198,39.59144,-90.57097,4.677618,0.47162336,0.06,0.12,7.79603,23.38809,2459.0,,77
3597556,3597566,39.521503,-90.540886,3.2177026,0.5562591,0.06,0.12,5.362838,16.088514,370.0,,77
3597730,3597698,39.501705,-90.50777,2.42852,0.6297828,0.06,0.12,4.047533,12.1426,1083.0,,77
3598192,3597500,39.5287,-90.49327,1.156935,0.87350225,0.06,0.12,1.928225,5.784675,206.0,,77
5915511,5915421,39.190567,-90.31737,3.9195094,0.50988775,0.06,0.12,6.532516,19.597548,2191.0,,77
3599444,3597732,39.496246,-90.53587,3.2236173,0.5558086,0.06,0.12,5.3726954,16.118086,1007.0,,77
3600214,3600154,39.34678,-90.38236,3.7954679,0.51717347,0.06,0.12,6.3257794,18.977339,2562.0,,77
5915665,5915541,39.162224,-90.261925,3.815526,0.51597226,0.06,0.12,6.35921,19.07763,3324.0,,77
2509451,2509455,39.089516,-91.02911,4.1822047,0.4955016,0.06,0.12,6.9703417,20.911024,646.0,,77
2929145,2929155,39.390747,-90.8389,3.3397236,0.5471995,0.06,0.12,5.566206,16.698618,188.0,,77
3597196,3597198,39.58028,-90.55439,4.3498955,0.4869817,0.06,0.12,7.249826,21.749477,2998.0,,77
2929499,2929489,39.272263,-90.89845,4.4168415,0.48371136,0.055,0.11,7.361403,30.0,571.0,,77
3599544,3599556,39.473495,-90.45598,4.2243013,0.49331704,0.055,0.11,7.040502,30.0,80.0,,77
3599872,3599980,39.40198,-90.38964,5.466708,0.44027817,0.055,0.11,9.11118,30.0,627.0,,77
3600176,3600154,39.35156,-90.37048,5.336843,0.44497302,0.055,0.11,8.894738,50.0,1950.0,,77
2509565,2509571,39.07576,-91.1374,5.439357,0.4412535,0.055,0.11,9.065595,30.0,1009.0,,77
5915557,5915475,39.180847,-90.30834,5.018057,0.4572299,0.055,0.11,8.363428,30.0,1918.0,,77
3599934,3599968,39.391663,-90.37423,5.3146367,0.44579232,0.055,0.11,8.857728,30.0,306.0,,77
2509427,2509537,39.09995,-91.15398,5.875006,0.4265069,0.055,0.11,9.7916765,30.0,5324.0,,77
5915543,5915541,39.17554,-90.257805,6.3777137,0.41133454,0.055,0.11,10.629523,31.888569,60.0,,77
2929437,2929465,39.286682,-90.89666,5.952762,0.42404005,0.055,0.11,9.92127,30.0,1040.0,,77
3597444,3597418,39.537064,-90.48272,6.0248027,0.42179558,0.055,0.11,10.041338,30.124012,600.0,,77
2929779,2929767,39.180355,-90.87619,5.291879,0.4466371,0.055,0.11,8.819798,50.0,348.0,,77
2929581,2929587,39.232925,-90.90452,5.480872,0.43977582,0.055,0.11,9.134787,30.0,1611.0,,77
5915257,5915981,39.22725,-90.25477,8.098357,0.37019548,0.055,0.11,13.497263,40.491787,1342.0,,77
3597136,3597212,39.58711,-90.47203,10.44251,0.330919,0.055,0.11,17.404182,52.212547,329.0,,77
3599958,3599968,39.389317,-90.371254,13.816825,0.2924645,0.05,0.1,23.028042,70.0,777.0,,77
2509419,2509453,39.09645,-91.02593,14.200752,0.2889494,0.05,0.1,23.667921,71.00376,1069.0,,77
5915325,5915301,39.213425,-90.2366,18.543097,0.25686345,0.05,0.1,30.90516,92.715485,829.0,,77
2929221,2929227,39.36594,-90.85265,18.596676,0.25653666,0.05,0.1,30.99446,92.98338,2752.0,,77
2509971,2509967,39.025066,-91.10262,16.813152,0.26820502,0.05,0.1,28.02192,84.06576,2736.0,,77
3598308,3598162,39.593277,-90.59095,64.77487,0.14792599,0.045,0.09,107.95812,323.87436,979.0,,77
2930781,2929169,39.380558,-90.897156,1.247515,0.8449312,0.06,0.12,2.0791914,6.2375746,315.0,,77
2930881,2930887,39.347797,-90.85826,3.4569533,0.53893393,0.06,0.12,5.761589,17.284767,2126.0,,77
2931043,2930887,39.349087,-90.85359,113.68866,0.115414515,0.045,0.09,189.4811,568.4433,1087.0,,77
2509311,2509427,39.119118,-91.17005,1.6537069,0.746132,0.06,0.12,2.7561781,8.268535,2232.0,,78
2509393,2509417,39.100082,-91.01101,1.7918036,0.7201927,0.06,0.12,2.9863393,8.959018,2156.0,,78
2509521,2509451,39.07924,-91.04212,1.8617542,0.70812684,0.06,0.12,3.1029236,9.308771,2754.0,,78
2509647,2509565,39.07168,-91.15067,1.9480066,0.69411904,0.06,0.12,3.2466776,9.740033,2094.0,,78
2509933,2509971,39.02394,-91.11682,1.8637189,0.7077974,0.06,0.12,3.106198,9.318594,2225.0,,78
2510113,2510085,39.001213,-91.09137,0.96186113,0.9476432,0.06,0.12,1.603102,4.8093057,258.0,,78
2929127,2929129,39.394764,-90.77505,2.5217779,0.6193995,0.06,0.12,4.2029634,12.60889,3591.0,,78
2929135,2929145,39.40454,-90.825325,2.0981028,0.67175674,0.06,0.12,3.496838,10.490515,3821.0,,78
2929147,2929129,39.386623,-90.78507,1.9508331,0.6936752,0.06,0.12,3.2513885,9.754166,2393.0,,78
2929417,2929437,39.298546,-90.90131,1.5133862,0.7758984,0.06,0.12,2.5223105,7.5669317,2203.0,,78
2929529,2929499,39.263935,-90.90197,1.6325823,0.75037605,0.06,0.12,2.7209706,8.162911,1755.0,,78
2929569,2929581,39.243492,-90.91875,1.6343932,0.7500092,0.06,0.12,2.7239885,8.171966,2187.0,,78
2929917,2929871,39.149643,-90.88949,1.6805121,0.7408579,0.06,0.12,2.8008535,8.40256,2710.0,,78
2930391,2929185,39.383026,-90.754135,1.921674,0.69829935,0.06,0.12,3.20279,9.608371,1923.0,,78
2930437,2929579,39.24816,-90.900764,1.6325823,0.75037605,0.06,0.12,2.7209706,8.162911,1558.0,,78
2930439,2929579,39.247295,-90.90767,1.4476461,0.79125047,0.06,0.12,2.4127436,7.2382307,1664.0,,78
3597024,3597194,39.621857,-90.56633,4.3567557,0.48664322,0.06,0.12,7.2612596,21.78378,4928.0,,78
3597088,3597138,39.600163,-90.49017,1.8547044,0.7093131,0.06,0.12,3.091174,9.273521,1940.0,,78
3597110,3597136,39.59724,-90.476395,1.9345362,0.6962472,0.06,0.12,3.224227,9.672681,2317.0,,78
3597154,3598306,39.586864,-90.5988,1.2991935,0.8299353,0.06,0.12,2.1653225,6.4959674,1499.0,,78
3597178,3597196,39.58815,-90.52642,1.56697,0.76407903,0.06,0.12,2.6116166,7.83485,2772.0,,78
3597322,3597238,39.55719,-90.455956,2.1696723,0.66188914,0.06,0.12,3.6161206,10.848362,3207.0,,78
3597520,3597558,39.535534,-90.543236,2.2575984,0.65039,0.06,0.12,3.7626638,11.287992,1682.0,,78
3598026,3597138,39.590515,-90.49873,2.0190542,0.6832354,0.06,0.12,3.3650904,10.095271,1968.0,,78
3598044,3597444,39.524773,-90.488884,1.6387234,0.7491342,0.06,0.12,2.7312057,8.193617,2743.0,,78
3599450,3599444,39.492157,-90.521675,1.6859789,0.7397971,0.06,0.12,2.809965,8.429894,1967.0,,78
3599526,3599544,39.481762,-90.46041,1.4018409,0.8025543,0.06,0.12,2.3364015,7.009205,2012.0,,78
3599848,3599872,39.40398,-90.3995,1.7147902,0.7342874,0.06,0.12,2.8579836,8.573951,1709.0,,78
3600314,3600214,39.32658,-90.37324,2.410273,0.6318818,0.06,0.12,4.017122,12.051366,3770.0,,78
5915273,5915293,39.2266,-90.21805,1.8924468,0.7030369,0.06,0.12,3.154078,9.462234,3564.0,,78
5915275,5915293,39.226578,-90.23259,1.537785,0.77044296,0.06,0.12,2.5629752,7.6889253,1931.0,,78
5915531,5915511,39.181194,-90.34815,2.5764298,0.6135682,0.06,0.12,4.2940497,12.882149,5236.0,,78
5915681,5915557,39.161533,-90.31008,2.0602384,0.6771758,0.06,0.12,3.4337308,10.301192,3249.0,,78
5915989,5915543,39.184483,-90.25216,1.8623159,0.7080326,0.06,0.12,3.10386,9.31158,2277.0,,78
2509415,2509417,39.09547,-91.00873,2.5569975,0.61562103,0.06,0.12,4.261663,12.784988,1797.0,,78
2510115,2510085,39.001312,-91.09334,1.9368806,0.6958753,0.06,0.12,3.2281344,9.684403,443.0,,78
2929177,2929221,39.376938,-90.86052,2.9876218,0.57476723,0.06,0.12,4.9793696,14.938108,598.0,,78
2929235,2930399,39.356846,-90.74086,2.6051285,0.610577,0.06,0.12,4.341881,13.025643,1642.0,,78
2929249,2930399,39.347603,-90.73724,2.2418387,0.6524032,0.06,0.12,3.7363977,11.209193,2037.0,,78
2929899,2929871,39.146374,-90.878494,2.5791187,0.6132859,0.06,0.12,4.298531,12.895594,618.0,,78
3597026,3597194,39.60229,-90.5665,1.7207029,0.7331732,0.06,0.12,2.8678381,8.603515,750.0,,78
3597554,3597556,39.52276,-90.5386,2.613445,0.609719,0.06,0.12,4.355742,13.067225,297.0,,78
3597584,3597556,39.51974,-90.538635,2.4458427,0.627811,0.06,0.12,4.0764046,12.229215,395.0,,78
3598194,3598192,39.527954,-90.49402,0.9778031,0.94079566,0.06,0.12,1.6296719,4.8890157,5.0,,78
3599910,3599934,39.40454,-90.372604,3.151504,0.5613841,0.06,0.12,5.2525067,15.75752,3576.0,,78
3601268,3597730,39.50005,-90.50432,2.209456,0.6566045,0.06,0.12,3.6824265,11.047279,91.0,,78
3601278,3599958,39.385956,-90.37101,2.020733,0.6829849,0.06,0.12,3.3678885,10.103665,176.0,,78
5915371,5915325,39.209244,-90.24258,2.302525,0.6447605,0.06,0.12,3.8375418,11.512626,706.0,,78
5915595,5915511,39.17055,-90.3305,3.3292093,0.54796124,0.06,0.12,5.548682,16.646048,3245.0,,78
3598310,3598308,39.59758,-90.59359,2.459499,0.6262707,0.06,0.12,4.099165,12.297495,158.0,,78
3599476,3599444,39.48853,-90.529816,2.979749,0.57543665,0.06,0.12,4.9662485,14.898745,1059.0,,78
3600234,3600214,39.335453,-90.38603,3.1536264,0.56121737,0.06,0.12,5.256044,15.768132,797.0,,78
5915713,5915665,39.145,-90.27281,3.5633535,0.5317742,0.06,0.12,5.9389224,17.816769,1550.0,,78
2509449,2509451,39.09125,-91.035965,4.0207305,0.5041843,0.06,0.12,6.7012177,20.103653,940.0,,78
2929137,2929145,39.39597,-90.838745,3.0138717,0.5725533,0.06,0.12,5.0231194,15.069359,958.0,,78
2930563,2930881,39.350452,-90.86929,3.3632379,0.5455084,0.06,0.12,5.6053963,16.816189,50.0,,78
3597134,3597196,39.589024,-90.53978,3.4295306,0.5408309,0.06,0.12,5.715884,17.147654,442.0,,78
3600200,3600176,39.3443,-90.36344,3.511551,0.535221,0.055,0.11,5.852585,30.0,787.0,,78
2929787,2929779,39.17856,-90.88236,3.259618,0.553092,0.055,0.11,5.432697,30.0,875.0,,78
2509381,2509419,39.1029,-91.02262,3.945698,0.5083919,0.055,0.11,6.5761633,30.0,1434.0,,78
2929503,2929499,39.268723,-90.90804,4.320762,0.48842758,0.055,0.11,7.2012706,30.0,1376.0,,78
3599524,3599544,39.476425,-90.453926,4.1662636,0.49633715,0.055,0.11,6.9437723,30.0,674.0,,78
3599846,3599872,39.41272,-90.3974,5.3868055,0.44314748,0.055,0.11,8.978009,30.0,3159.0,,78
3600182,3600176,39.346382,-90.360855,4.678229,0.47159618,0.055,0.11,7.797048,30.0,407.0,,78
2509545,2509565,39.080566,-91.15029,5.305711,0.44612303,0.055,0.11,8.842852,30.0,2111.0,,78
5915605,5915557,39.168453,-90.318634,4.7743354,0.46738422,0.055,0.11,7.957226,30.0,1781.0,,78
3599908,3599934,39.407276,-90.358406,4.891589,0.462408,0.055,0.11,8.152649,30.0,4856.0,,78
2509313,2509427,39.114418,-91.17883,5.5217175,0.43833765,0.055,0.11,9.202863,30.0,2311.0,,78
5915995,5915543,39.173626,-90.25117,6.319097,0.41301355,0.055,0.11,10.531829,31.595486,1439.0,,78
2929419,2929437,39.292007,-90.90635,5.900617,0.42568922,0.055,0.11,9.834362,30.0,1415.0,,78
3597454,3597444,39.53391,-90.48081,5.954792,0.42397627,0.055,0.11,9.924653,30.0,196.0,,78
2929801,2929779,39.173344,-90.8828,4.812467,0.46574676,0.055,0.11,8.020779,30.0,1605.0,,78
2929575,2929581,39.234528,-90.91467,5.3536344,0.44435677,0.055,0.11,8.922724,30.0,560.0,,78
5915243,5915257,39.226166,-90.26908,8.0850935,0.37046328,0.055,0.11,13.475155,40.425465,1848.0,,78
3597118,3597136,39.58812,-90.46604,10.4124775,0.33133975,0.055,0.11,17.35413,52.062386,1358.0,,78
3601162,3599958,39.388416,-90.367065,13.798187,0.29263872,0.05,0.1,22.996979,70.0,1112.0,,78
2509383,2509419,39.102993,-91.0317,14.085514,0.28998998,0.05,0.1,23.475857,70.42757,696.0,,78
5915333,5915325,39.21131,-90.23615,18.528488,0.25695276,0.05,0.1,30.880816,92.64244,901.0,,78
2929179,2929221,39.38133,-90.87171,18.561663,0.25675005,0.05,0.1,30.936104,92.80831,2063.0,,78
2510029,2509971,39.0143,-91.10455,16.7969,0.2683195,0.05,0.1,27.994833,83.9845,1855.0,,78
3598312,3598308,39.60146,-90.59565,64.773186,0.1479277,0.045,0.09,107.95531,323.8659,1030.0,,78
2930783,2930781,39.381214,-90.90331,1.1020962,0.8924177,0.06,0.12,1.836827,5.5104814,829.0,,78
2931047,2930881,39.353077,-90.8701,0.8199795,1.0167695,0.06,0.12,1.3666325,4.0998974,604.0,,78
2931041,2931043,39.353737,-90.862404,113.68861,0.11541454,0.045,0.09,189.48102,568.44305,815.0,,78
2507225,2509415,39.092667,-90.98264,2.3955493,0.63359225,0.06,0.12,3.992582,11.977746,3199.0,,79
2509257,2509313,39.12439,-91.18118,1.7340254,0.7306827,0.06,0.12,2.8900423,8.670127,2186.0,,79
2509353,2509383,39.11399,-91.03348,1.8195306,0.7153301,0.06,0.12,3.032551,9.097653,2022.0,,79
2509477,2509449,39.089214,-91.047295,1.5258871,0.77308756,0.06,0.12,2.5431452,7.6294355,1438.0,,79
2509589,2509545,39.077442,-91.16611,2.1299355,0.66730887,0.06,0.12,3.5498927,10.649678,2556.0,,79
2511943,2510115,38.992172,-91.09907,1.889994,0.7034393,0.06,0.12,3.14999,9.44997,1930.0,,79
2929111,2929137,39.411674,-90.84822,1.8136371,0.71635467,0.06,0.12,3.0227284,9.068186,2987.0,,79
2929171,2929177,39.39309,-90.8483,2.2168872,0.65563256,0.06,0.12,3.6948123,11.084436,5363.0,,79
2929173,2929177,39.400215,-90.86238,2.4410365,0.62835604,0.06,0.12,4.068394,12.205182,5022.0,,79
2929203,2929235,39.36792,-90.728584,2.2725751,0.64849555,0.06,0.12,3.787625,11.362875,1821.0,,79
2929239,2929249,39.351746,-90.72404,1.3471627,0.8167655,0.06,0.12,2.2452712,6.735814,888.0,,79
2929407,2929419,39.308342,-90.91607,2.2152846,0.65584177,0.06,0.12,3.692141,11.076424,3185.0,,79
2929505,2929503,39.27153,-90.923355,1.514226,0.77570856,0.06,0.12,2.52371,7.57113,1897.0,,79
2929573,2929575,39.24227,-90.92586,1.5258871,0.77308756,0.06,0.12,2.5431452,7.6294355,2306.0,,79
2929799,2929801,39.176155,-90.90458,1.8127499,0.71650934,0.06,0.12,3.0212498,9.063749,2497.0,,79
2929969,2929899,39.135124,-90.8899,1.8074086,0.71744275,0.06,0.12,3.0123477,9.037044,2856.0,,79
2930001,2929899,39.131996,-90.88616,2.1376972,0.66623884,0.06,0.12,3.5628288,10.688486,3221.0,,79
3597082,3597026,39.598625,-90.55673,1.4855909,0.7822698,0.06,0.12,2.4759848,7.4279547,1559.0,,79
3597128,3597134,39.58961,-90.526955,1.4220262,0.7975083,0.06,0.12,2.3700435,7.110131,2051.0,,79
3597456,3597454,39.537518,-90.47005,1.580596,0.761166,0.06,0.12,2.6343267,7.90298,2414.0,,79
3597540,3597554,39.532757,-90.52893,2.484454,0.62348765,0.06,0.12,4.1407566,12.422269,3414.0,,79
3597660,3597584,39.514664,-90.52932,1.9266812,0.69749814,0.06,0.12,3.2111354,9.633406,2272.0,,79
3597692,3597584,39.51098,-90.538765,1.8566835,0.7089794,0.06,0.12,3.0944726,9.283418,1571.0,,79
3597728,3601268,39.50079,-90.502914,2.1492383,0.6646581,0.06,0.12,3.582064,10.746191,252.0,,79
3598042,3598194,39.525738,-90.49702,0.9778031,0.94079566,0.06,0.12,1.6296719,4.8890157,739.0,,79
3599480,3599476,39.48336,-90.5141,2.046065,0.67924136,0.06,0.12,3.4101086,10.230326,2941.0,,79
3599766,3599908,39.431347,-90.37413,1.5426565,0.76936865,0.06,0.12,2.571094,7.7132826,2180.0,,79
3599778,3599846,39.44047,-90.40672,2.255664,0.65063596,0.06,0.12,3.7594404,11.278321,3933.0,,79
3599810,3599910,39.43546,-90.39212,2.7708983,0.5941836,0.06,0.12,4.618164,13.854492,5380.0,,79
3599936,3601162,39.407684,-90.349,2.6235886,0.60867786,0.06,0.12,4.3726473,13.117943,5953.0,,79
3600114,3601278,39.37153,-90.36604,2.00674,0.6850819,0.06,0.12,3.3445668,10.0337,3331.0,,79
3600190,3600182,39.345478,-90.348015,1.5852157,0.76018655,0.06,0.12,2.642026,7.9260783,2001.0,,79
3600312,3600234,39.32273,-90.383545,1.7414128,0.72931355,0.06,0.12,2.9023545,8.707064,2509.0,,79
5915217,5915243,39.232716,-90.26195,2.0567708,0.6776793,0.06,0.12,3.4279513,10.283854,2986.0,,79
5915435,5915371,39.19985,-90.24644,1.4838473,0.7826752,0.06,0.12,2.4730787,7.419236,1655.0,,79
5915463,5915371,39.195683,-90.23603,1.969896,0.69070566,0.06,0.12,3.28316,9.84948,2628.0,,79
5915571,5915595,39.172615,-90.353676,2.2982395,0.6452907,0.06,0.12,3.830399,11.491197,1765.0,,79
5915621,5915595,39.165104,-90.35809,2.3321002,0.6411402,0.06,0.12,3.8868337,11.6605015,2896.0,,79
5915771,5915713,39.134445,-90.28638,2.3476043,0.63926876,0.06,0.12,3.9126737,11.738022,2045.0,,79
2509319,2509381,39.11305,-91.02013,2.2735286,0.6483755,0.06,0.12,3.7892144,11.367643,1159.0,,79
3597182,3598310,39.592598,-90.611176,2.4558935,0.6266762,0.06,0.12,4.093156,12.279468,3358.0,,79
3599508,3599476,39.481083,-90.527756,2.4972277,0.62207866,0.06,0.12,4.162046,12.486138,685.0,,79
3600216,3600200,39.339878,-90.349365,2.8451653,0.5872904,0.06,0.12,4.741942,14.225826,2748.0,,79
3600280,3600234,39.32626,-90.391106,2.8773718,0.58438116,0.06,0.12,4.79562,14.386859,1501.0,,79
5915645,5915605,39.160664,-90.326294,3.0461807,0.5698661,0.06,0.12,5.0769677,15.230904,1187.0,,79
5915719,5915713,39.139664,-90.28206,2.6456401,0.6064344,0.06,0.12,4.4094,13.2282,580.0,,79
2509431,2509449,39.094086,-91.046036,3.8891482,0.5116401,0.06,0.12,6.4819136,19.445742,1393.0,,79
2929281,2930563,39.342407,-90.89008,3.3626137,0.545553,0.06,0.12,5.6043563,16.813068,4197.0,,79
2930389,2929137,39.40047,-90.83788,2.7129924,0.5997457,0.06,0.12,4.5216537,13.564961,587.0,,79
3597100,3597134,39.59438,-90.538155,3.3147838,0.54901206,0.06,0.12,5.5246396,16.57392,821.0,,79
3600250,3600200,39.335102,-90.3579,2.4601533,0.6261972,0.06,0.12,4.1002555,12.300767,1775.0,,79
5915583,5915995,39.168293,-90.24654,3.4392025,0.5401594,0.06,0.12,5.732004,17.196012,162.0,,79
2930631,2929787,39.179234,-90.888985,3.2085469,0.55695885,0.055,0.11,5.347578,30.0,303.0,,79
3599504,3599524,39.48024,-90.45073,2.7893457,0.59244674,0.06,0.12,4.6489096,13.946729,456.0,,79
5915405,5915333,39.206947,-90.22582,4.000144,0.5053274,0.055,0.11,6.6669064,30.0,2123.0,,79
2509345,2509381,39.106773,-91.010605,3.5868678,0.53023344,0.055,0.11,5.9781127,30.0,2177.0,,79
2929527,2929503,39.260544,-90.92474,4.153697,0.49699908,0.055,0.11,6.922828,30.0,2198.0,,79
3599506,3599524,39.479027,-90.44614,3.648761,0.52624637,0.06,0.12,6.0812683,18.243805,957.0,,79
3599790,3599846,39.421654,-90.40841,5.0729403,0.4550409,0.055,0.11,8.454901,30.0,524.0,,79
3600178,3600182,39.35402,-90.34109,4.605646,0.47486073,0.055,0.11,7.676077,30.0,3905.0,,79
2509495,2509545,39.088123,-91.164406,5.095601,0.45414704,0.055,0.11,8.492668,30.0,2164.0,,79
5915653,5915605,39.159306,-90.3366,4.1996517,0.4945924,0.06,0.12,6.999419,20.998259,2526.0,,79
3599764,3599908,39.42611,-90.364426,4.6023026,0.4750129,0.055,0.11,7.6705046,30.0,175.0,,79
2509275,2509313,39.122658,-91.20103,5.4024444,0.4425811,0.055,0.11,9.004074,30.0,5179.0,,79
5915679,5915995,39.15479,-90.24563,5.880947,0.42631677,0.055,0.11,9.8015785,30.0,3432.0,,79
2510043,2510029,39.010143,-91.11266,4.2668347,0.49114144,0.055,0.11,7.1113915,30.0,105.0,,79
2929409,2929419,39.296036,-90.91843,5.70915,0.43192956,0.055,0.11,9.51525,30.0,927.0,,79
3597486,3597454,39.531666,-90.47923,5.912269,0.4253189,0.055,0.11,9.853782,30.0,406.0,,79
2929827,2929801,39.168446,-90.89477,4.677947,0.47160873,0.055,0.11,7.7965784,30.0,1481.0,,79
3598296,3598312,39.60515,-90.59949,5.4489813,0.4409095,0.055,0.11,9.081635,30.0,148.0,,79
2929583,2929575,39.23354,-90.91967,5.280057,0.447078,0.055,0.11,8.800096,30.0,490.0,,79
3597094,3597118,39.589775,-90.46054,5.782649,0.42949888,0.055,0.11,9.637749,30.0,320.0,,79
5915247,5915243,39.22812,-90.281136,8.020158,0.3717836,0.055,0.11,13.366929,40.10079,2170.0,,79
3597092,3597118,39.593533,-90.458046,9.734005,0.34133708,0.055,0.11,16.223341,50.0,744.0,,79
3600006,3601162,39.386116,-90.36511,13.759562,0.29300085,0.05,0.1,22.932602,70.0,2267.0,,79
2509355,2509383,39.10852,-91.043434,14.0697,0.2901337,0.05,0.1,23.449501,70.3485,1863.0,,79
5915319,5915333,39.212704,-90.22544,18.454063,0.25740942,0.05,0.1,30.756771,92.27032,1191.0,,79
937110108,2929179,39.38357,-90.884094,18.54191,0.2568707,0.05,0.1,30.903183,92.70955,274.0,,79
2510049,2510029,39.009968,-91.11361,16.688026,0.26909035,0.05,0.1,27.813377,83.44013,237.0,,79
3607116,3598312,39.61956,-90.604904,64.75782,0.14794318,0.045,0.09,107.9297,323.7891,3402.0,,79
2930559,2931041,39.355274,-90.86872,113.68857,0.11541455,0.045,0.09,189.48094,568.4428,319.0,,79
2509263,2509319,39.11841,-91.00787,1.5951363,0.7580971,0.06,0.12,2.6585605,7.9756813,1911.0,,80
2509265,2509355,39.11898,-91.04512,1.558286,0.7659547,0.06,0.12,2.5971432,7.79143,2014.0,,80
2509267,2509319,39.114056,-91.006004,1.4612573,0.7879904,0.06,0.12,2.4354289,7.306287,1579.0,,80
2509489,2509431,39.08779,-91.06995,2.2114692,0.6563407,0.06,0.12,3.685782,11.057346,3557.0,,80
2929099,2930389,39.411777,-90.829575,1.9038119,0.70118225,0.06,0.12,3.17302,9.519059,2835.0,,80
2929269,2929281,39.35321,-90.915344,2.0228877,0.68266386,0.06,0.12,3.3714793,10.114438,2370.0,,80
2929629,2929583,39.22599,-90.92406,1.3354822,0.8199094,0.06,0.12,2.2258039,6.677411,1564.0,,80
3597062,3597100,39.60113,-90.5454,2.0152066,0.6838106,0.06,0.12,3.3586779,10.076034,1645.0,,80
3597090,3597100,39.596886,-90.52716,1.5594757,0.7656968,0.06,0.12,2.599126,7.7973785,2025.0,,80
3597098,3597094,39.593662,-90.45349,1.1548088,0.87421143,0.06,0.12,1.9246813,5.774044,1725.0,,80
3597220,3597182,39.579918,-90.62207,1.359685,0.8134383,0.06,0.12,2.2661417,6.7984247,1053.0,,80
3597598,3597486,39.522537,-90.4819,1.6607503,0.74473435,0.06,0.12,2.7679172,8.303751,2326.0,,80
3599474,3599504,39.4871,-90.45588,1.4163158,0.7989253,0.06,0.12,2.3605263,7.081579,1519.0,,80
3599494,3599506,39.487347,-90.434814,1.7734636,0.72346896,0.06,0.12,2.9557729,8.867318,1985.0,,80
3599570,3599508,39.47223,-90.523964,1.4549361,0.7894989,0.06,0.12,2.4248936,7.274681,1520.0,,80
3600060,3600006,39.376923,-90.35629,1.3709701,0.81047744,0.06,0.12,2.2849503,6.854851,1954.0,,80
3600248,3600178,39.34116,-90.31764,2.1940372,0.6586363,0.06,0.12,3.6567287,10.970186,3522.0,,80
3600258,3600216,39.331882,-90.32736,2.1426277,0.66556203,0.06,0.12,3.571046,10.713139,2198.0,,80
3600292,3600280,39.322884,-90.40429,1.9347969,0.69620585,0.06,0.12,3.2246616,9.673985,1735.0,,80
3600296,3600216,39.32751,-90.33875,1.7893794,0.72062296,0.06,0.12,2.9822989,8.946897,2205.0,,80
3600336,3600280,39.314484,-90.39712,2.2082462,0.6567632,0.06,0.12,3.6804104,11.041231,2249.0,,80
3600896,3599508,39.47491,-90.51032,2.2521746,0.65108055,0.06,0.12,3.7536244,11.260874,3068.0,,80
5915499,5915405,39.19272,-90.203606,1.9868753,0.68809533,0.06,0.12,3.3114588,9.934377,3347.0,,80
5915661,5915653,39.152195,-90.3566,1.7131407,0.73459923,0.06,0.12,2.8552346,8.565703,1754.0,,80
5915687,5915583,39.152428,-90.22325,2.8466444,0.58715576,0.06,0.12,4.7444077,14.233223,5653.0,,80
5915697,5915679,39.144413,-90.222755,1.6600485,0.74487317,0.06,0.12,2.7667475,8.300242,1964.0,,80
5915721,5915719,39.14147,-90.29309,1.4929578,0.7805645,0.06,0.12,2.488263,7.464789,1792.0,,80
5915731,5915645,39.1455,-90.3218,2.1901495,0.6591518,0.06,0.12,3.6502492,10.9507475,2757.0,,80
5915751,5915645,39.143616,-90.33219,2.3036406,0.64462274,0.06,0.12,3.8394008,11.518203,3080.0,,80
5915799,5915719,39.133373,-90.29954,2.4145207,0.6313911,0.06,0.12,4.0242014,12.072604,3344.0,,80
2510121,2510043,39.00506,-91.10969,1.998938,0.6862603,0.06,0.12,3.3315635,9.99469,1369.0,,80
2510363,2509431,39.09497,-91.07038,3.5038285,0.5357411,0.06,0.12,5.839714,17.519142,3605.0,,80
2929101,2930389,39.407417,-90.83929,2.302153,0.64480644,0.06,0.12,3.8369217,11.510765,1671.0,,80
2929271,2929281,39.34401,-90.91148,2.675703,0.6034189,0.06,0.12,4.459505,13.378515,352.0,,80
3597060,3597100,39.599766,-90.53809,2.7811189,0.5932192,0.06,0.12,4.635198,13.905595,382.0,,80
3600266,3600250,39.327995,-90.35402,2.0666814,0.67624366,0.06,0.12,3.4444687,10.333406,270.0,,80
5915221,5915247,39.229263,-90.285904,1.8352609,0.71261865,0.06,0.12,3.058768,9.176305,91.0,,80
5915579,5915583,39.169304,-90.24453,2.570585,0.6141833,0.06,0.12,4.2843084,12.852925,264.0,,80
2509191,2509275,39.13111,-91.22348,2.587153,0.61244494,0.06,0.12,4.3119216,12.935765,1522.0,,80
2509503,2509495,39.08698,-91.17633,3.7672074,0.5188815,0.06,0.12,6.278679,18.836037,1750.0,,80
2929521,2929527,39.26303,-90.93674,2.62431,0.608604,0.06,0.12,4.3738503,13.121551,171.0,,80
2929783,2930631,39.179024,-90.893036,3.1556451,0.56105894,0.055,0.11,5.2594085,30.0,463.0,,80
3598300,3607116,39.6346,-90.60829,1.8902669,0.7033945,0.06,0.12,3.1504447,9.451334,128.0,,80
3599472,3599504,39.483902,-90.44612,2.6312182,0.6078986,0.06,0.12,4.3853636,13.156091,1060.0,,80
5915457,5915405,39.19365,-90.2162,3.7095656,0.52242327,0.055,0.11,6.182609,30.0,1475.0,,80
2507209,2509345,39.109604,-90.99315,3.4619324,0.53859186,0.055,0.11,5.7698874,30.0,1321.0,,80
2929393,2929409,39.298195,-90.9258,3.9991887,0.5053807,0.055,0.11,6.6653147,30.0,531.0,,80
2929535,2929527,39.25893,-90.94179,3.3813279,0.54421884,0.06,0.12,5.6355467,16.90664,1318.0,,80
3599500,3599506,39.479866,-90.42787,3.454247,0.5391202,0.06,0.12,5.757078,17.271235,2414.0,,80
3599782,3599790,39.430958,-90.414986,4.134976,0.49799052,0.06,0.12,6.8916264,20.67488,2746.0,,80
3599798,3599790,39.419834,-90.41336,3.8612535,0.51326746,0.055,0.11,6.435423,30.0,710.0,,80
3600144,3600178,39.35989,-90.31518,4.0895443,0.5004237,0.055,0.11,6.815907,30.0,2318.0,,80
5915423,5915319,39.20499,-90.19664,4.186988,0.4952518,0.06,0.12,6.978313,20.934938,5122.0,,80
2509445,2509495,39.093956,-91.173836,4.1488986,0.49725258,0.06,0.12,6.9148307,20.744492,1352.0,,80
3599760,3599764,39.4338,-90.37124,2.3818672,0.6351954,0.06,0.12,3.9697785,11.909336,2200.0,,80
5915673,5915653,39.151157,-90.34734,3.874437,0.51249623,0.06,0.12,6.457395,19.372185,521.0,,80
3599758,3599764,39.42707,-90.36193,4.363918,0.4862907,0.055,0.11,7.273196,30.0,402.0,,80
2509153,2509275,39.137978,-91.230705,4.8893914,0.4624997,0.055,0.11,8.148986,30.0,4347.0,,80
5915691,5915679,39.144672,-90.23405,5.6565022,0.4336986,0.055,0.11,9.427504,30.0,292.0,,80
2510047,2510043,39.009674,-91.112976,4.1045547,0.49961552,0.055,0.11,6.8409243,30.0,24.0,,80
2510053,2510049,39.009106,-91.11378,1.464,0.78733873,0.06,0.12,2.44,7.32,164.0,,80
2929411,2929409,39.294136,-90.928894,4.8931828,0.46234158,0.06,0.12,8.155305,24.465914,1367.0,,80
3597492,3597486,39.529556,-90.477234,5.860299,0.4269788,0.055,0.11,9.767165,30.0,360.0,,80
2930633,2929827,39.163807,-90.9016,4.566489,0.47665286,0.055,0.11,7.6108155,30.0,426.0,,80
3597020,3598296,39.60527,-90.606316,5.4476185,0.44095817,0.055,0.11,9.079364,30.0,1135.0,,80
3597050,3597092,39.60187,-90.44651,6.108587,0.4192334,0.055,0.11,10.180978,30.542934,2253.0,,80
2929589,2929583,39.2332,-90.924164,5.239119,0.44861588,0.055,0.11,8.731865,30.0,364.0,,80
3597124,3597094,39.587612,-90.456436,5.7638807,0.4301153,0.055,0.11,9.606468,30.0,757.0,,80
5915219,5915247,39.23212,-90.278694,7.967107,0.37287375,0.055,0.11,13.278512,39.835533,1547.0,,80
3597052,3597092,39.601383,-90.45795,8.802697,0.3568225,0.055,0.11,14.671163,50.0,995.0,,80
3599992,3600006,39.384766,-90.36111,13.749643,0.2930941,0.05,0.1,22.916073,70.0,1126.0,,80
2509283,2509355,39.11254,-91.05202,14.050176,0.29031152,0.05,0.1,23.41696,70.25088,432.0,,80
5915285,5915319,39.217335,-90.218956,18.369267,0.257933,0.05,0.1,30.615446,91.84634,577.0,,80
2930539,937110108,39.383392,-90.88597,18.541697,0.256872,0.05,0.1,30.902826,92.70848,56.0,,80
2510051,2510049,39.017975,-91.117386,16.687788,0.26909205,0.05,0.1,27.812979,83.43894,2113.0,,80
3598298,3607116,39.638638,-90.6083,64.75609,0.14794493,0.045,0.09,107.92681,323.78046,880.0,,80
2931045,2930559,39.363625,-90.88703,113.688545,0.11541456,0.045,0.09,189.48091,568.44275,3419.0,,80
2507207,2507209,39.107662,-90.97674,1.7468342,0.7283141,0.06,0.12,2.9113903,8.734171,1820.0,,81
2509239,2509191,39.119843,-91.232315,1.7474698,0.7281972,0.06,0.12,2.9124496,8.737349,1765.0,,81
2509343,2509283,39.108395,-91.06244,1.9285196,0.6972047,0.06,0.12,3.2141993,9.642598,1895.0,,81
2509403,2510363,39.105698,-91.12649,2.869507,0.58508724,0.06,0.12,4.7825117,14.347536,7628.0,,81
2509411,2509445,39.104588,-91.18345,1.9134498,0.6996219,0.06,0.12,3.1890829,9.567248,2973.0,,81
2509459,2510363,39.089783,-91.09508,1.752539,0.7272672,0.06,0.12,2.9208984,8.762695,1753.0,,81
2509505,2509503,39.089542,-91.211624,2.900006,0.58236456,0.06,0.12,4.8333435,14.5000305,6336.0,,81
2510343,2509153,39.15289,-91.2488,1.6607503,0.74473435,0.06,0.12,2.7679172,8.303751,2467.0,,81
2511925,2510121,38.99537,-91.113716,1.5543075,0.766819,0.06,0.12,2.5905125,7.7715373,1668.0,,81
2929069,2929101,39.418945,-90.83202,1.5848317,0.7602678,0.06,0.12,2.641386,7.924158,2168.0,,81
2929071,2929101,39.423588,-90.84021,1.6708612,0.7427427,0.06,0.12,2.7847686,8.354306,2350.0,,81
2929303,2929271,39.34436,-90.92903,2.2830215,0.6471847,0.06,0.12,3.8050358,11.415108,3099.0,,81
2929325,2929271,39.33331,-90.92079,1.8631579,0.70789146,0.06,0.12,3.1052632,9.315789,2646.0,,81
2929459,2929411,39.28568,-90.94037,1.5829091,0.7606751,0.06,0.12,2.6381817,7.9145455,1707.0,,81
2929591,2929589,39.237434,-90.93319,1.4444342,0.7920262,0.06,0.12,2.4073904,7.222171,1849.0,,81
2930441,2929535,39.2501,-90.94583,1.39646,0.8039171,0.06,0.12,2.3274336,6.9823003,1478.0,,81
3596982,3597050,39.614788,-90.43172,1.6736296,0.74220043,0.06,0.12,2.7893827,8.368148,2150.0,,81
3596992,3597052,39.611816,-90.46982,2.1449778,0.6652402,0.06,0.12,3.574963,10.72489,2747.0,,81
3597016,3597020,39.61146,-90.61124,1.5712771,0.76315427,0.06,0.12,2.6187954,7.8563857,1937.0,,81
3597048,3597060,39.60154,-90.525734,2.757331,0.5954717,0.06,0.12,4.5955515,13.786654,2157.0,,81
3599448,3599472,39.493114,-90.44974,1.4008656,0.8028008,0.06,0.12,2.334776,7.004328,1347.0,,81
3599712,3599782,39.44466,-90.430305,1.7098325,0.7352259,0.06,0.12,2.849721,8.549163,1984.0,,81
3599812,3599798,39.417866,-90.42663,1.8564011,0.709027,0.06,0.12,3.0940018,9.282005,1946.0,,81
3600294,3600266,39.32452,-90.34792,1.5171576,0.7750469,0.06,0.12,2.528596,7.585788,1186.0,,81
3600310,3600266,39.321846,-90.358536,1.707177,0.73573023,0.06,0.12,2.8452952,8.535886,1631.0,,81
5915223,5915221,39.237595,-90.286255,1.8300467,0.71351373,0.06,0.12,3.0500777,9.150233,1914.0,,81
5915465,5915423,39.19199,-90.156204,1.9964877,0.68663174,0.06,0.12,3.3274796,9.982439,3197.0,,81
5915573,5915579,39.175304,-90.2335,1.8047265,0.717913,0.06,0.12,3.0078773,9.023632,2137.0,,81
5915627,5915579,39.16593,-90.22145,2.2005548,0.6577749,0.06,0.12,3.6675913,11.002774,4250.0,,81
5915727,5915673,39.14488,-90.35849,2.579268,0.6132702,0.06,0.12,4.29878,12.896339,2176.0,,81
5915969,5915219,39.245045,-90.27695,1.4239198,0.7970403,0.06,0.12,2.3731997,7.119599,1795.0,,81
2509195,2509191,39.127365,-91.23167,2.0295622,0.68167245,0.06,0.12,3.3826036,10.147811,617.0,,81
2509533,2509503,39.08077,-91.18584,2.8704774,0.585,0.06,0.12,4.784129,14.352386,807.0,,81
2929519,2929521,39.264553,-90.94251,2.615044,0.60955447,0.06,0.12,4.358407,13.07522,900.0,,81
2929771,2929783,39.182495,-90.89649,2.234962,0.653288,0.06,0.12,3.7249365,11.174809,570.0,,81
2929775,2929783,39.18268,-90.908936,2.6801426,0.60297775,0.06,0.12,4.466904,13.400713,2718.0,,81
3596888,3598300,39.63188,-90.61534,1.8820486,0.7047479,0.06,0.12,3.1367476,9.410243,1352.0,,81
3597158,3597124,39.584484,-90.4501,2.1837776,0.6599996,0.06,0.12,3.6396291,10.918887,692.0,,81
3597570,3597492,39.523277,-90.46895,2.790371,0.5923507,0.06,0.12,4.650618,13.951855,2078.0,,81
3599446,3599472,39.497036,-90.43993,2.3149219,0.6432349,0.06,0.12,3.8582032,11.57461,1960.0,,81
3600002,3599992,39.383003,-90.35345,2.5565424,0.61566937,0.06,0.12,4.260904,12.782712,450.0,,81
3600104,3600144,39.358757,-90.30144,3.1914637,0.5582722,0.06,0.12,5.319106,15.957318,735.0,,81
5915515,5915457,39.1829,-90.2112,2.8842344,0.58376735,0.06,0.12,4.8070574,14.421172,1178.0,,81
5915533,5915457,39.18143,-90.20099,2.645498,0.60644877,0.06,0.12,4.4091635,13.22749,2783.0,,81
2507199,2507209,39.112312,-90.984535,3.0419617,0.5702147,0.055,0.11,5.0699363,30.0,438.0,,81
2929385,2929393,39.302204,-90.92821,2.8460283,0.58721185,0.06,0.12,4.7433805,14.230142,552.0,,81
2929387,2929393,39.303703,-90.94568,3.3840606,0.54402494,0.06,0.12,5.640101,16.920303,3344.0,,81
2929539,2929535,39.255966,-90.94936,3.1551406,0.5610985,0.06,0.12,5.258568,15.775703,340.0,,81
2930635,2930633,39.16344,-90.90464,2.5323355,0.6182589,0.06,0.12,4.2205596,12.661678,150.0,,81
3599454,3599500,39.48796,-90.41251,2.0243216,0.6824505,0.06,0.12,3.3738692,10.121608,931.0,,81
3599456,3599500,39.493305,-90.40805,2.6016114,0.610941,0.06,0.12,4.336019,13.008058,2294.0,,81
3599710,3599782,39.44232,-90.4208,3.8369696,0.5146981,0.06,0.12,6.3949494,19.184849,593.0,,81
3599792,3599798,39.427086,-90.42303,3.5358171,0.53359735,0.055,0.11,5.8930287,30.0,1894.0,,81
3600138,3600144,39.35629,-90.30571,2.9762495,0.5757351,0.06,0.12,4.960416,14.8812475,553.0,,81
5915291,5915285,39.21526,-90.20468,3.90542,0.5106985,0.06,0.12,6.5090337,19.5271,2489.0,,81
5915483,5915423,39.18853,-90.169586,3.3351996,0.54752684,0.06,0.12,5.5586658,16.675997,1401.0,,81
2509425,2509445,39.096596,-91.1946,3.9522252,0.50802135,0.06,0.12,6.587042,19.761126,3503.0,,81
3599754,3599758,39.440365,-90.36618,2.5645635,0.6148191,0.06,0.12,4.2742724,12.822817,3281.0,,81
3601020,3599760,39.44395,-90.37921,2.0243216,0.6824505,0.06,0.12,3.3738692,10.121608,741.0,,81
5915703,5915673,39.14607,-90.34947,3.40307,0.5426822,0.06,0.12,5.6717834,17.01535,730.0,,81
5915707,5915691,39.140976,-90.23343,3.8919702,0.51147634,0.06,0.12,6.4866166,19.45985,597.0,,81
3599752,3599758,39.4347,-90.353935,4.0203524,0.5042052,0.055,0.11,6.7005873,30.0,1951.0,,81
2510347,2509153,39.142914,-91.249146,4.6133327,0.4745115,0.055,0.11,7.688888,30.0,416.0,,81
5915749,5915691,39.13724,-90.24183,4.9258194,0.4609876,0.055,0.11,8.209699,30.0,2128.0,,81
2510117,2510047,39.005272,-91.12095,4.104494,0.49961877,0.055,0.11,6.840823,30.0,2520.0,,81
2929439,2929411,39.28753,-90.960625,4.771037,0.46752676,0.06,0.12,7.9517283,23.855185,4761.0,,81
3597504,3597492,39.52906,-90.46879,5.6239586,0.434804,0.055,0.11,9.373264,30.0,1205.0,,81
2930637,2930633,39.16242,-90.9043,4.2563066,0.49167705,0.055,0.11,7.093845,30.0,188.0,,81
3596984,3597050,39.60692,-90.42847,5.9928145,0.4227874,0.055,0.11,9.988024,30.0,1261.0,,81
3597028,3597020,39.60416,-90.61344,5.358944,0.4441625,0.055,0.11,8.931573,30.0,303.0,,81
2929593,2929589,39.2316,-90.92649,5.1837296,0.45072442,0.055,0.11,8.639549,30.0,166.0,,81
3598302,3598298,39.642662,-90.60904,7.886741,0.3745453,0.055,0.11,13.144568,39.433704,220.0,,81
3597126,3597124,39.59066,-90.44173,5.603316,0.43550995,0.055,0.11,9.3388605,30.0,2407.0,,81
5915941,5915219,39.243763,-90.2647,7.939843,0.3734381,0.055,0.11,13.233071,39.699215,2102.0,,81
3596990,3597052,39.615944,-90.45456,8.744475,0.35786867,0.055,0.11,14.574126,50.0,4054.0,,81
3599970,3599992,39.389835,-90.34689,13.713955,0.29343033,0.05,0.1,22.856592,70.0,2323.0,,81
2509285,2509283,39.11364,-91.054886,14.035705,0.29044354,0.05,0.1,23.392841,70.17852,384.0,,81
5915283,5915285,39.225098,-90.21096,18.302788,0.25834587,0.05,0.1,30.504648,91.51395,2711.0,,81
2930541,2930539,39.388466,-90.88641,11.717251,0.31452394,0.055,0.11,19.528751,58.586254,1176.0,,81
937110104,2930539,39.38329,-90.886734,16.742971,0.26870042,0.05,0.1,27.904951,83.71485,81.0,,81
2509935,2510051,39.020504,-91.127144,0.67504257,1.1078719,0.06,0.12,1.125071,3.375213,220.0,,81
2509937,2510051,39.02099,-91.12746,16.679464,0.2691513,0.05,0.1,27.799109,83.39732,249.0,,81
3598304,3598298,39.645947,-90.61311,64.71065,0.14799075,0.045,0.09,107.85108,323.55325,984.0,,81
2930557,2931045,39.375263,-90.90313,113.68761,0.115414985,0.045,0.09,189.47934,568.43805,334.0,,81
2509187,2509195,39.13091,-91.24176,1.4772726,0.78421,0.06,0.12,2.462121,7.386363,1599.0,,82
2509221,2509195,39.124966,-91.24168,1.6300406,0.75089204,0.06,0.12,2.7167344,8.150203,1490.0,,82
2509379,2509425,39.11,-91.21175,1.6412392,0.74862736,0.06,0.12,2.7353985,8.206196,1666.0,,82
2509535,2509533,39.080284,-91.204155,2.4398735,0.6284882,0.06,0.12,4.066456,12.199368,3961.0,,82
2509667,2509533,39.072304,-91.1952,1.775006,0.72319156,0.06,0.12,2.9583435,8.8750305,2048.0,,82
2510345,2510347,39.151608,-91.25528,1.5951363,0.7580971,0.06,0.12,2.6585605,7.9756813,2316.0,,82
2929373,2929385,39.3122,-90.9264,1.6596974,0.7449427,0.06,0.12,2.7661624,8.298488,1902.0,,82
2929399,2929387,39.29816,-90.980354,2.3467083,0.6393764,0.06,0.12,3.9111805,11.7335415,3396.0,,82
2929501,2929439,39.2757,-90.98762,1.6903955,0.73894376,0.06,0.12,2.8173258,8.451978,2132.0,,82
2929509,2929519,39.268143,-90.96529,2.2850997,0.64692503,0.06,0.12,3.8084996,11.425499,3643.0,,82
2929523,2929519,39.265278,-90.9556,1.1805196,0.86575985,0.06,0.12,1.9675328,5.9025984,1470.0,,82
2929595,2929593,39.237,-90.9396,1.7203754,0.73323476,0.06,0.12,2.8672924,8.601877,2622.0,,82
2929747,2929771,39.190563,-90.90466,1.580982,0.76108396,0.06,0.12,2.63497,7.9049096,2182.0,,82
2929749,2929771,39.188538,-90.91246,1.8464608,0.71070844,0.06,0.12,3.0774348,9.232305,2768.0,,82
2929761,2929775,39.186436,-90.93665,1.8916299,0.70317084,0.06,0.12,3.1527164,9.458149,2568.0,,82
2929793,2929775,39.179615,-90.94236,1.9472344,0.6942405,0.06,0.12,3.2453907,9.736172,3921.0,,82
2930443,2929539,39.249058,-90.95961,1.6815398,0.7406581,0.06,0.12,2.8025663,8.407699,2127.0,,82
3596902,3596888,39.63205,-90.62835,1.402815,0.8023084,0.06,0.12,2.3380249,7.014075,1191.0,,82
3596906,3596990,39.633595,-90.448494,1.4291021,0.79576385,0.06,0.12,2.381837,7.14551,1910.0,,82
3597030,3597028,39.61449,-90.624344,2.3128955,0.64348346,0.06,0.12,3.8548257,11.564477,3927.0,,82
3597068,3596984,39.604435,-90.41508,1.4938198,0.7803657,0.06,0.12,2.4896998,7.469099,2246.0,,82
3597108,3597126,39.591755,-90.423775,1.7068446,0.7357935,0.06,0.12,2.8447409,8.534223,2590.0,,82
3597252,3597158,39.577732,-90.436714,1.7118189,0.7348494,0.06,0.12,2.8530316,8.559094,2879.0,,82
3597266,3597158,39.572758,-90.44377,1.6430315,0.74826694,0.06,0.12,2.738386,8.2151575,2950.0,,82
3597716,3599446,39.50203,-90.42746,1.7391708,0.72972816,0.06,0.12,2.898618,8.695854,671.0,,82
3597724,3597570,39.51036,-90.476135,2.6506023,0.60593325,0.06,0.12,4.4176702,13.253012,2794.0,,82
3599624,3599754,39.4628,-90.37073,1.590191,0.7591363,0.06,0.12,2.6503181,7.950955,2133.0,,82
3599674,3599710,39.45348,-90.42779,1.892991,0.70294774,0.06,0.12,3.154985,9.464954,2580.0,,82
3599684,3599752,39.459602,-90.35504,2.1629727,0.66279286,0.06,0.12,3.6049542,10.814863,4066.0,,82
3600058,3600002,39.3753,-90.34005,1.8224635,0.714822,0.06,0.12,3.0374393,9.112318,2751.0,,82
3600116,3600002,39.37053,-90.34688,2.1547525,0.6639072,0.06,0.12,3.591254,10.773762,2780.0,,82
3600130,3600104,39.368183,-90.28099,2.722295,0.59884065,0.06,0.12,4.5371585,13.611475,4042.0,,82
3600170,3600104,39.357624,-90.286545,2.2078426,0.6568161,0.06,0.12,3.6797378,11.039213,2454.0,,82
3600226,3600138,39.34495,-90.292816,2.218288,0.65544987,0.06,0.12,3.6971464,11.091439,3712.0,,82
5915139,5915941,39.262665,-90.25273,2.2371275,0.65300894,0.06,0.12,3.728546,11.185637,3455.0,,82
5915173,5915283,39.243713,-90.21545,2.0560758,0.67778033,0.06,0.12,3.426793,10.280379,2458.0,,82
5915349,5915291,39.211254,-90.18264,1.6354778,0.74978966,0.06,0.12,2.7257965,8.177389,1903.0,,82
5915577,5915533,39.17315,-90.17908,1.7078418,0.7356039,0.06,0.12,2.846403,8.539208,1971.0,,82
5915597,5915483,39.172104,-90.162895,2.2997317,0.64510584,0.06,0.12,3.8328865,11.498659,2868.0,,82
5915603,5915515,39.16905,-90.21048,1.9903363,0.6875672,0.06,0.12,3.3172271,9.951681,2196.0,,82
5915613,5915533,39.16747,-90.184265,1.833526,0.7129161,0.06,0.12,3.0558767,9.16763,2059.0,,82
5915649,5915515,39.16382,-90.196175,2.3922725,0.63397497,0.06,0.12,3.9871206,11.961362,4575.0,,82
5915765,5915707,39.129837,-90.2287,1.9358393,0.69604045,0.06,0.12,3.226399,9.679196,2122.0,,82
2507195,2507199,39.11309,-90.98014,2.2729566,0.6484475,0.06,0.12,3.788261,11.364783,386.0,,82
2507197,2507199,39.120758,-90.98327,2.49945,0.6218345,0.06,0.12,4.16575,12.49725,2168.0,,82
2929371,2929387,39.306236,-90.96385,2.2987993,0.6452213,0.06,0.12,3.8313322,11.493997,122.0,,82
2929375,2929385,39.30955,-90.937454,2.5907085,0.612074,0.06,0.12,4.3178473,12.953542,1894.0,,82
2929547,2929539,39.25395,-90.955536,2.9535928,0.57767934,0.06,0.12,4.9226546,14.767964,852.0,,82
2929823,2930635,39.17199,-90.92242,2.5231802,0.6192476,0.06,0.12,4.2053003,12.615901,3894.0,,82
3598328,3598304,39.649338,-90.616844,1.0326277,0.91842306,0.06,0.12,1.7210462,5.1631384,131.0,,82
3599414,3599456,39.498093,-90.39344,1.4812242,0.7832864,0.06,0.12,2.468707,7.406121,618.0,,82
3599418,3599456,39.497448,-90.39043,1.8908123,0.70330495,0.06,0.12,3.1513538,9.4540615,1131.0,,82
3599672,3599710,39.46345,-90.40331,3.6537771,0.52592754,0.06,0.12,6.089628,18.268885,5979.0,,82
3599756,3599792,39.43296,-90.43594,2.073997,0.6751902,0.06,0.12,3.456662,10.369986,1138.0,,82
3599768,3599792,39.430588,-90.440186,3.0920682,0.5661195,0.06,0.12,5.153447,15.460341,2118.0,,82
3599920,3599970,39.39231,-90.33827,2.0011382,0.6859273,0.06,0.12,3.3352306,10.005692,760.0,,82
3600186,3600138,39.350124,-90.31198,2.4420323,0.62824297,0.06,0.12,4.070054,12.210162,1513.0,,82
3600994,3599454,39.488102,-90.405396,1.6971468,0.73764545,0.06,0.12,2.828578,8.485734,338.0,,82
5915335,5915291,39.215324,-90.17246,3.6351662,0.52711374,0.06,0.12,6.0586104,18.17583,4748.0,,82
5915489,5915483,39.183598,-90.16407,2.7481253,0.59635085,0.06,0.12,4.580209,13.740627,292.0,,82
5915747,5915703,39.13745,-90.34665,2.2042046,0.6572942,0.06,0.12,3.6736743,11.021023,1383.0,,82
2509397,2509425,39.101196,-91.221306,3.5807214,0.53063476,0.06,0.12,5.967869,17.903606,3726.0,,82
2510125,2510117,39.000298,-91.13313,2.3092022,0.64393735,0.06,0.12,3.8486702,11.546011,56.0,,82
3599622,3599754,39.459076,-90.3666,1.7694411,0.7241941,0.06,0.12,2.9490685,8.847206,962.0,,82
3601166,3601020,39.44771,-90.37913,1.8392966,0.7119284,0.06,0.12,3.0654943,9.196483,79.0,,82
5915743,5915707,39.13429,-90.22289,3.665957,0.5251559,0.06,0.12,6.109928,18.329784,1882.0,,82
5915757,5915703,39.136784,-90.35579,2.9476166,0.57819575,0.06,0.12,4.9126945,14.738083,1767.0,,82
3597510,3597504,39.529087,-90.46362,2.8452885,0.5872792,0.06,0.12,4.7421474,14.226442,298.0,,82
3599682,3599752,39.44812,-90.33966,3.6172976,0.5282609,0.055,0.11,6.028829,30.0,2776.0,,82
5916011,5915749,39.11044,-90.24433,3.6502066,0.52615446,0.06,0.12,6.0836773,18.251032,5030.0,,82
2509091,2510347,39.14321,-91.2529,4.53347,0.47818136,0.055,0.11,7.5557837,30.0,462.0,,82
5916007,5915749,39.12131,-90.26328,3.951117,0.5080842,0.06,0.12,6.585195,19.755585,3365.0,,82
2510127,2510117,39.000374,-91.13363,3.6058865,0.5289978,0.055,0.11,6.0098104,30.0,104.0,,82
2929453,2929439,39.285034,-90.98885,4.1826134,0.49548024,0.06,0.12,6.9710226,20.913069,952.0,,82
3598252,3597504,39.53094,-90.46182,5.3265657,0.44535157,0.055,0.11,8.87761,30.0,323.0,,82
2929833,2930637,39.160378,-90.90475,4.2529745,0.49184695,0.055,0.11,7.088291,30.0,311.0,,82
3596966,3596984,39.609936,-90.42242,5.900228,0.4257016,0.055,0.11,9.833714,30.0,93.0,,82
3597054,3597028,39.600296,-90.618546,5.1966696,0.4502289,0.055,0.11,8.661116,30.0,1088.0,,82
2929599,2929593,39.230072,-90.927895,5.1125383,0.45348266,0.055,0.11,8.520897,30.0,247.0,,82
3596822,3598302,39.648514,-90.58595,7.885514,0.37457103,0.055,0.11,13.142523,39.427567,4090.0,,82
2509251,2509285,39.120422,-91.05244,5.378899,0.44343475,0.055,0.11,8.964832,30.0,1308.0,,82
3597116,3597126,39.587547,-90.42768,5.4594083,0.4405378,0.055,0.11,9.099013,30.0,588.0,,82
5915923,5915941,39.255146,-90.252014,7.783897,0.37672052,0.055,0.11,12.973162,38.919483,1875.0,,82
3596924,3596990,39.629192,-90.43842,8.65968,0.35941043,0.055,0.11,14.432801,50.0,5758.0,,82
2930527,2930541,39.395313,-90.88664,0.4287506,1.3534963,0.06,0.12,0.71458435,2.143753,390.0,,82
3599900,3599970,39.39682,-90.33988,13.685725,0.2936972,0.05,0.1,22.809542,70.0,845.0,,82
2509253,2509285,39.11894,-91.05876,13.744995,0.29313782,0.05,0.1,22.908325,70.0,1021.0,,82
5915171,5915283,39.236767,-90.20554,18.278902,0.25849476,0.05,0.1,30.464836,91.39451,651.0,,82
2938519,2930541,39.394024,-90.88597,11.714468,0.3145569,0.055,0.11,19.524115,58.572342,80.0,,82
937110103,937110104,39.383347,-90.88927,16.742931,0.2687007,0.05,0.1,27.904886,83.71465,351.0,,82
2509941,2509937,39.01958,-91.12859,16.67919,0.26915324,0.05,0.1,27.79865,83.39595,112.0,,82
3598330,3598304,39.653564,-90.62089,64.710045,0.14799136,0.045,0.09,107.85008,323.55023,1184.0,,82
2930553,2930557,39.377834,-90.905975,113.687584,0.11541499,0.045,0.09,189.47931,568.4379,420.0,,82
2507183,2507197,39.138046,-90.974396,1.7826794,0.72181654,0.06,0.12,2.9711323,8.913397,2359.0,,83
2507185,2507197,39.13795,-90.981705,1.5442737,0.7690131,0.06,0.12,2.5737894,7.7213683,1914.0,,83
2507191,2507195,39.12388,-90.97077,1.7905923,0.72040755,0.06,0.12,2.9843204,8.952961,2808.0,,83
2507193,2507195,39.115883,-90.96985,1.7124801,0.7347242,0.06,0.12,2.8541336,8.562401,1632.0,,83
2509161,2509091,39.13749,-91.25831,1.9340144,0.69633013,0.06,0.12,3.2233574,9.670073,1884.0,,83
2509177,2509251,39.155205,-91.05545,3.2818258,0.5514377,0.06,0.12,5.46971,16.409128,8396.0,,83
2509943,2509941,39.027504,-91.136536,1.8597854,0.70845747,0.06,0.12,3.0996425,9.298927,2446.0,,83
2510361,2509397,39.099205,-91.24717,2.0751357,0.6750268,0.06,0.12,3.4585595,10.375679,2190.0,,83
2929355,2929375,39.322384,-90.943474,1.7660235,0.7248121,0.06,0.12,2.9433725,8.830117,1821.0,,83
2929357,2929375,39.318623,-90.95567,1.7180799,0.7336668,0.06,0.12,2.8634665,8.5904,2140.0,,83
2929369,2929371,39.308,-90.97909,2.2832105,0.6471611,0.06,0.12,3.805351,11.416053,2712.0,,83
2929805,2929823,39.176323,-90.95156,1.3679103,0.8112768,0.06,0.12,2.2798505,6.8395514,1838.0,,83
2929815,2929823,39.171898,-90.954124,1.580982,0.76108396,0.06,0.12,2.63497,7.9049096,2253.0,,83
2929977,2929833,39.14156,-90.906166,2.4506311,0.6272695,0.06,0.12,4.084385,12.253156,4138.0,,83
2930445,2929547,39.24639,-90.97242,1.979918,0.689161,0.06,0.12,3.2998633,9.8995905,2915.0,,83
2930447,2929547,39.2543,-90.979996,2.4929307,0.62255144,0.06,0.12,4.1548843,12.464653,4082.0,,83
3596804,3598328,39.647816,-90.61882,1.0146838,0.9255534,0.06,0.12,1.6911397,5.073419,360.0,,83
3597120,3597116,39.588284,-90.41191,1.5167394,0.7751411,0.06,0.12,2.527899,7.5836973,2317.0,,83
3597156,3597054,39.596886,-90.63537,2.0152066,0.6838106,0.06,0.12,3.3586779,10.076034,2645.0,,83
3597696,3599418,39.500523,-90.3844,1.464,0.78733873,0.06,0.12,2.44,7.32,139.0,,83
3597702,3599414,39.500908,-90.389496,1.2103935,0.856267,0.06,0.12,2.0173225,6.0519676,300.0,,83
3597726,3597510,39.514183,-90.46644,2.1598182,0.66321975,0.06,0.12,3.5996969,10.799091,4120.0,,83
3599452,3600994,39.488064,-90.39875,1.558286,0.7659547,0.06,0.12,2.5971432,7.79143,842.0,,83
3599466,3599672,39.48714,-90.37671,2.7551007,0.5956843,0.06,0.12,4.5918345,13.775504,1421.0,,83
3599592,3599682,39.468845,-90.34304,1.9612987,0.6920397,0.06,0.12,3.268831,9.806494,2947.0,,83
3599732,3599756,39.444202,-90.44192,1.5794369,0.7614123,0.06,0.12,2.632395,7.897185,1760.0,,83
3599734,3599756,39.441956,-90.445656,1.4105605,0.8003618,0.06,0.12,2.350934,7.052802,1571.0,,83
3599740,3599768,39.441143,-90.455124,1.5724479,0.7629036,0.06,0.12,2.6207466,7.8622394,1745.0,,83
3599750,3599768,39.433758,-90.46896,2.5858173,0.6125845,0.06,0.12,4.3096957,12.929087,3308.0,,83
3599984,3599920,39.387547,-90.32905,1.2136256,0.8552602,0.06,0.12,2.0227094,6.068128,1357.0,,83
3600030,3599900,39.389843,-90.32243,2.1223364,0.6683619,0.06,0.12,3.5372274,10.611683,3522.0,,83
3600036,3599920,39.382637,-90.32973,1.6252997,0.7518576,0.06,0.12,2.7088327,8.126498,2099.0,,83
3600260,3600186,39.33595,-90.30669,1.4976872,0.77947605,0.06,0.12,2.4961452,7.488436,2075.0,,83
3600268,3600186,39.336582,-90.300705,1.8343939,0.71276724,0.06,0.12,3.057323,9.171969,2869.0,,83
5915129,5915923,39.256226,-90.23632,1.7114882,0.73491204,0.06,0.12,2.8524804,8.557441,1816.0,,83
5915203,5915171,39.2326,-90.18302,2.5478609,0.61659396,0.06,0.12,4.246435,12.739305,4128.0,,83
5915453,5915335,39.19829,-90.13743,2.6479108,0.6062049,0.06,0.12,4.4131846,13.239553,3393.0,,83
5915509,5915489,39.180305,-90.15075,1.8332366,0.7129657,0.06,0.12,3.0553942,9.1661825,2225.0,,83
5915631,5915489,39.171486,-90.14701,2.4168932,0.6311176,0.06,0.12,4.0281553,12.084466,4174.0,,83
5915777,5915747,39.12881,-90.339035,1.9935397,0.68707955,0.06,0.12,3.322566,9.967698,1141.0,,83
5915805,5915757,39.12253,-90.35706,1.535338,0.7709845,0.06,0.12,2.5588968,7.6766906,1702.0,,83
5915811,5916007,39.11401,-90.292534,1.9027352,0.70135725,0.06,0.12,3.1712253,9.513676,2779.0,,83
2510355,2509397,39.108902,-91.24726,2.8662279,0.58538246,0.06,0.12,4.7770467,14.33114,2649.0,,83
2511929,2510125,38.99455,-91.129395,2.3086472,0.6440056,0.06,0.12,3.8477452,11.543236,1494.0,,83
2512545,2510127,39.00005,-91.13643,1.4553895,0.78939044,0.06,0.12,2.4256492,7.2769475,405.0,,83
3598332,3598330,39.65699,-90.626305,1.5657912,0.7643327,0.06,0.12,2.6096523,7.8289566,120.0,,83
3601004,3599622,39.464813,-90.36476,1.603438,0.756363,0.06,0.12,2.6723967,8.01719,433.0,,83
3601010,3601166,39.44937,-90.379135,1.8358384,0.71251976,0.06,0.12,3.0597308,9.179193,321.0,,83
5915759,5915743,39.12593,-90.20337,3.4819613,0.53722286,0.06,0.12,5.803269,17.409807,2260.0,,83
5915769,5915757,39.12862,-90.36221,2.439042,0.62858266,0.06,0.12,4.06507,12.19521,415.0,,83
2929555,2929453,39.269127,-90.99831,3.0151947,0.5724424,0.06,0.12,5.0253243,15.0759735,3661.0,,83
2929655,2929599,39.2206,-90.929985,3.8806586,0.51213354,0.06,0.12,6.4677644,19.403294,2043.0,,83
3596866,3596924,39.635998,-90.42145,3.7194157,0.52181244,0.06,0.12,6.199026,18.597078,1099.0,,83
3597532,3597510,39.527973,-90.456024,2.315474,0.64316726,0.06,0.12,3.8591232,11.57737,1397.0,,83
3599590,3599682,39.462097,-90.33252,3.159977,0.5607195,0.055,0.11,5.2666283,30.0,959.0,,83
5915847,5916011,39.092365,-90.259674,2.7497077,0.59619945,0.06,0.12,4.582846,13.748539,1599.0,,83
2509129,2509091,39.141903,-91.275955,4.3887806,0.4850734,0.055,0.11,7.3146343,30.0,6224.0,,83
5915813,5916007,39.112743,-90.27784,3.2977364,0.55026233,0.06,0.12,5.4962277,16.488682,128.0,,83
3596976,3596966,39.60876,-90.415085,3.118813,0.5639726,0.06,0.12,5.198022,15.594066,1312.0,,83
3598040,3598252,39.530746,-90.45495,4.976273,0.45891973,0.06,0.12,8.293788,24.881365,984.0,,83
2509231,2509253,39.118423,-91.06921,3.4585583,0.5388236,0.06,0.12,5.764264,17.292791,1172.0,,83
2511909,2510127,38.99825,-91.13683,3.5154815,0.53495693,0.055,0.11,5.8591356,30.0,645.0,,83
2929455,2929453,39.282722,-90.99484,3.4397998,0.540118,0.06,0.12,5.733,17.199,221.0,,83
3596794,3596822,39.659042,-90.556335,5.8146963,0.42845294,0.06,0.12,9.69116,29.073483,3054.0,,83
3598416,3598252,39.530987,-90.46005,2.9700212,0.5762674,0.06,0.12,4.950035,14.850105,43.0,,83
2929845,2929833,39.157475,-90.90692,3.931132,0.50922215,0.055,0.11,6.5518866,30.0,465.0,,83
3596968,3596966,39.61786,-90.3927,5.5745134,0.43650126,0.055,0.11,9.290856,30.0,6506.0,,83
3597046,3597054,39.60484,-90.639015,5.05635,0.455699,0.055,0.11,8.42725,30.0,4114.0,,83
2929601,2929599,39.228436,-90.92976,4.1798677,0.4956238,0.06,0.12,6.9664464,20.89934,251.0,,83
3596844,3596822,39.641186,-90.54682,6.5212493,0.40731543,0.055,0.11,10.868749,32.606247,3519.0,,83
2509175,2509251,39.132885,-91.04385,4.871217,0.4632602,0.055,0.11,8.118695,30.0,2208.0,,83
3597132,3597116,39.586597,-90.423645,5.390269,0.44302186,0.055,0.11,8.983781,30.0,516.0,,83
5915109,5915923,39.26119,-90.24285,7.7283516,0.37791264,0.055,0.11,12.880586,38.641758,391.0,,83
3596874,3596924,39.63303,-90.41104,8.307186,0.3660606,0.055,0.11,13.84531,50.0,3376.0,,83
3599870,3599900,39.401245,-90.334724,13.6640005,0.29390314,0.05,0.1,22.773335,70.0,2738.0,,83
2509211,2509253,39.12302,-91.06875,13.658526,0.2939551,0.05,0.1,22.764212,70.0,1135.0,,83
5915165,5915171,39.238503,-90.20208,18.256954,0.25863183,0.05,0.1,30.428255,91.28477,439.0,,83
2930525,2938519,39.39568,-90.885506,11.714429,0.31455734,0.055,0.11,19.524048,58.572144,306.0,,83
937110105,937110103,39.388004,-90.89577,16.742537,0.2687035,0.05,0.1,27.904226,83.71268,1252.0,,83
2509957,2509941,39.018883,-91.1299,16.670061,0.26921827,0.05,0.1,27.783436,83.3503,170.0,,83
3598334,3598330,39.658356,-90.62679,64.70945,0.14799196,0.045,0.09,107.84909,323.54727,313.0,,83
2930875,2930553,39.38059,-90.909805,113.68754,0.115415014,0.045,0.09,189.47923,568.4377,485.0,,83
2509169,2509211,39.13225,-91.07411,1.6628519,0.7443189,0.06,0.12,2.77142,8.31426,2058.0,,84
2509269,2510355,39.12244,-91.2646,2.0305123,0.6815317,0.06,0.12,3.3841872,10.152561,2337.0,,84
2509315,2510355,39.113823,-91.26414,1.6075578,0.7555072,0.06,0.12,2.679263,8.037789,1730.0,,84
2509365,2509231,39.11168,-91.08106,1.5426565,0.76936865,0.06,0.12,2.571094,7.7132826,2049.0,,84
2509961,2509957,39.021263,-91.14082,1.5129662,0.7759934,0.06,0.12,2.5216103,7.564831,2295.0,,84
2510131,2512545,39.004208,-91.14274,1.3820778,0.8075972,0.06,0.12,2.303463,6.910389,1330.0,,84
2511911,2511909,38.997246,-91.14468,1.4476461,0.79125047,0.06,0.12,2.4127436,7.2382307,1227.0,,84
2511971,2511929,38.98657,-91.119514,1.6026868,0.7565194,0.06,0.12,2.6711447,8.013433,1599.0,,84
2511993,2511929,38.982525,-91.12472,1.7180799,0.7336668,0.06,0.12,2.8634665,8.5904,1559.0,,84
2929663,2929601,39.220985,-90.94848,2.202584,0.65750754,0.06,0.12,3.6709733,11.012919,4047.0,,84
2929725,2929655,39.197388,-90.94131,2.552894,0.6160574,0.06,0.12,4.254823,12.76447,4579.0,,84
2929847,2929845,39.167572,-90.93768,2.3574164,0.63809353,0.06,0.12,3.9290273,11.787082,5922.0,,84
3596728,3596794,39.661423,-90.54363,1.9021964,0.7014449,0.06,0.12,3.1703274,9.510982,1976.0,,84
3596776,3598332,39.65309,-90.63203,1.5594757,0.7656968,0.06,0.12,2.599126,7.7973785,1230.0,,84
3596812,3596866,39.64801,-90.421555,1.7048469,0.73617375,0.06,0.12,2.8414116,8.524235,2168.0,,84
3596838,3596874,39.64288,-90.38824,1.697483,0.73758096,0.06,0.12,2.8291383,8.487415,2364.0,,84
3596842,3596844,39.651623,-90.52475,2.6433656,0.60666454,0.06,0.12,4.405609,13.216827,3922.0,,84
3596974,3596976,39.610855,-90.40001,1.3755352,0.80928963,0.06,0.12,2.2925587,6.877676,1771.0,,84
3597682,3597532,39.51291,-90.4521,1.7839012,0.72159845,0.06,0.12,2.9731686,8.919506,2666.0,,84
3599560,3601004,39.470734,-90.3661,1.443514,0.79224896,0.06,0.12,2.4058566,7.21757,914.0,,84
3599646,3601010,39.45918,-90.379524,1.7236445,0.7326209,0.06,0.12,2.8727407,8.618222,2205.0,,84
5915153,5915165,39.24679,-90.18477,2.404302,0.6325736,0.06,0.12,4.00717,12.02151,3688.0,,84
5915737,5915759,39.138237,-90.18077,2.571486,0.61408836,0.06,0.12,4.28581,12.8574295,2933.0,,84
5915755,5915759,39.12662,-90.17882,2.0132775,0.68409956,0.06,0.12,3.3554626,10.066388,2696.0,,84
5915797,5915769,39.124813,-90.37017,2.0465329,0.6791729,0.06,0.12,3.4108882,10.232664,1281.0,,84
5915819,5915769,39.1186,-90.36223,1.7455615,0.72854835,0.06,0.12,2.909269,8.727807,2152.0,,84
5915845,5915813,39.100533,-90.275826,2.0721729,0.6754524,0.06,0.12,3.4536214,10.360865,2737.0,,84
5915849,5915847,39.089252,-90.27486,1.4772726,0.78421,0.06,0.12,2.462121,7.386363,1883.0,,84
2509109,2509129,39.138954,-91.302505,2.5324903,0.6182422,0.06,0.12,4.220817,12.662452,477.0,,84
2929449,2929455,39.284706,-90.99775,1.651228,0.746626,0.06,0.12,2.7520466,8.25614,468.0,,84
2929679,2929655,39.20777,-90.94734,3.1702068,0.55992055,0.06,0.12,5.283678,15.851034,3061.0,,84
2938499,2929555,39.25701,-91.00014,2.367326,0.6369137,0.06,0.12,3.9455433,11.83663,830.0,,84
3596810,3596866,39.649776,-90.396126,3.5455785,0.53294873,0.06,0.12,5.9092975,17.727894,5059.0,,84
3597142,3597132,39.584415,-90.422585,2.1102872,0.6700429,0.06,0.12,3.5171454,10.551436,89.0,,84
3597476,3598040,39.53123,-90.44381,2.917846,0.580791,0.06,0.12,4.8630767,14.589231,1238.0,,84
3597578,3597532,39.522152,-90.44715,1.6880201,0.7394023,0.06,0.12,2.813367,8.440101,1550.0,,84
3599566,3599590,39.469414,-90.32049,2.5594234,0.61536354,0.06,0.12,4.2657056,12.797117,2035.0,,84
3599568,3599590,39.46783,-90.328766,2.2645345,0.6495104,0.06,0.12,3.7742243,11.322673,904.0,,84
3599826,3599870,39.41397,-90.33779,3.065187,0.5683045,0.06,0.12,5.108645,15.325935,1830.0,,84
5915103,5915109,39.263763,-90.24189,2.2629967,0.64970505,0.06,0.12,3.7716613,11.314983,255.0,,84
5915851,5915847,39.086243,-90.26556,2.2852883,0.6469014,0.06,0.12,3.808814,11.426442,430.0,,84
2509105,2509129,39.144962,-91.309906,3.3425226,0.5469973,0.06,0.12,5.570871,16.712612,2973.0,,84
2509171,2509175,39.126167,-91.01924,2.515684,0.62006104,0.06,0.12,4.1928067,12.57842,3061.0,,84
3597104,3596968,39.59285,-90.35765,2.93965,0.5788865,0.06,0.12,4.8994164,14.69825,4216.0,,84
5915827,5915813,39.109615,-90.282196,2.9814394,0.5752927,0.06,0.12,4.9690657,14.907197,940.0,,84
3596986,3596976,39.60567,-90.407326,2.949343,0.57804644,0.06,0.12,4.9155717,14.746715,345.0,,84
3597544,3598040,39.52554,-90.44308,4.5688515,0.4765441,0.06,0.12,7.6147523,22.844257,1747.0,,84
2509235,2509231,39.11792,-91.076965,3.2820127,0.5514238,0.06,0.12,5.4700212,16.410065,245.0,,84
2511919,2511909,38.993523,-91.1421,3.4033313,0.54266375,0.055,0.11,5.672219,30.0,842.0,,84
2929451,2929455,39.283276,-90.998085,3.295698,0.5504125,0.06,0.12,5.49283,16.478489,352.0,,84
3596702,3596794,39.67592,-90.536354,5.6633825,0.43346605,0.06,0.12,9.438971,28.316912,3831.0,,84
3597038,3597046,39.603794,-90.65505,3.3417106,0.54705596,0.06,0.12,5.5695176,16.708551,1154.0,,84
3597464,3598416,39.537777,-90.45513,2.96934,0.5763257,0.06,0.12,4.9489,14.846701,1786.0,,84
2929891,2929845,39.153843,-90.915405,3.5958145,0.529651,0.055,0.11,5.993024,30.0,1465.0,,84
3596970,3596968,39.607655,-90.356026,4.833454,0.4648535,0.055,0.11,8.055757,30.0,2054.0,,84
3597070,3597046,39.601643,-90.65216,4.2330456,0.4928672,0.055,0.11,7.055076,30.0,588.0,,84
2929605,2929601,39.22908,-90.937584,3.949682,0.5081656,0.06,0.12,6.5828032,19.74841,1165.0,,84
3596856,3596844,39.636253,-90.52599,6.265379,0.41457206,0.055,0.11,10.442298,31.326895,449.0,,84
2509143,2509175,39.13118,-91.031235,4.4691787,0.48120406,0.055,0.11,7.448631,30.0,460.0,,84
3597168,3597132,39.58391,-90.41761,5.2663555,0.4475908,0.055,0.11,8.777259,30.0,1307.0,,84
5915101,5915109,39.266727,-90.23579,7.6530395,0.37954888,0.055,0.11,12.755066,38.265198,1579.0,,84
2930549,2930875,39.38162,-90.917694,5.770108,0.42991045,0.055,0.11,9.616847,30.0,1055.0,,84
3596868,3596874,39.632904,-90.386635,8.22254,0.36771837,0.055,0.11,13.704233,50.0,1670.0,,84
2929139,937110105,39.399834,-90.89642,7.119748,0.39183852,0.055,0.11,11.866246,35.59874,2083.0,,84
3598336,3598334,39.65952,-90.62823,7.0710716,0.39302626,0.055,0.11,11.785119,35.35536,105.0,,84
2930835,2930525,39.39708,-90.88535,0.7542702,1.0549374,0.06,0.12,1.2571169,3.7713509,15.0,,84
3599834,3599870,39.406414,-90.327065,13.5995455,0.29451686,0.05,0.1,22.665909,70.0,2910.0,,84
2509167,2509211,39.1353,-91.07181,13.642997,0.29410267,0.05,0.1,22.738329,70.0,2024.0,,84
5915937,5915165,39.252075,-90.19501,18.240482,0.25873485,0.05,0.1,30.400803,91.20241,4733.0,,84
2931033,2930525,39.39765,-90.884895,11.712649,0.31457844,0.055,0.11,19.521082,58.563248,153.0,,84
2929141,937110105,39.39565,-90.90596,16.258205,0.272206,0.05,0.1,27.09701,81.29102,1287.0,,84
2509989,2509957,39.016953,-91.134285,16.665012,0.26925424,0.05,0.1,27.77502,83.325066,692.0,,84
3598338,3598334,39.66606,-90.63093,64.676704,0.148025,0.045,0.09,107.79451,323.3835,1553.0,,84
2930543,2930875,39.382366,-90.913345,113.68148,0.11541773,0.045,0.09,189.46913,568.4074,242.0,,84
2509059,2509105,39.162422,-91.32459,1.8976045,0.70219326,0.06,0.12,3.1626742,9.488023,3261.0,,85
2509137,2509171,39.13273,-91.00215,1.2667823,0.8392373,0.06,0.12,2.1113038,6.3339114,536.0,,85
2509149,2509109,39.13435,-91.320244,2.2548897,0.6507346,0.06,0.12,3.7581494,11.274448,3517.0,,85
2509205,2509109,39.130497,-91.30666,1.6179531,0.7533618,0.06,0.12,2.6965885,8.089766,2068.0,,85
2510059,2509989,39.011993,-91.13972,1.3755352,0.80928963,0.06,0.12,2.2925587,6.877676,1526.0,,85
2929607,2929605,39.23451,-90.95754,2.0627742,0.6768084,0.06,0.12,3.437957,10.313871,3021.0,,85
2929781,2929679,39.194157,-90.967,1.9866277,0.6881332,0.06,0.12,3.3110461,9.933138,3408.0,,85
2929809,2929679,39.192905,-90.98117,2.5378907,0.6176615,0.06,0.12,4.2298174,12.689453,4912.0,,85
2932047,2929449,39.29102,-91.00579,1.5598719,0.765611,0.06,0.12,2.5997865,7.7993593,2037.0,,85
2932073,2938499,39.25355,-91.012764,2.3349998,0.64078885,0.06,0.12,3.8916664,11.674999,3376.0,,85
3596696,3596702,39.672344,-90.512276,2.046299,0.6792071,0.06,0.12,3.4104984,10.231495,2439.0,,85
3596708,3596810,39.669437,-90.36237,2.691179,0.6018855,0.06,0.12,4.4852986,13.455895,3219.0,,85
3596912,3596868,39.625664,-90.363266,1.8894482,0.70352894,0.06,0.12,3.1490803,9.447241,3407.0,,85
3597006,3597038,39.611774,-90.66641,1.8094894,0.7170786,0.06,0.12,3.0158157,9.047447,2081.0,,85
3597080,3596970,39.598392,-90.34382,1.7398119,0.72960955,0.06,0.12,2.8996866,8.6990595,2484.0,,85
3597086,3596986,39.59618,-90.40431,1.5898093,0.7592167,0.06,0.12,2.6496823,7.9490466,2218.0,,85
3597216,3597070,39.5905,-90.66433,2.1327448,0.66692096,0.06,0.12,3.5545745,10.663724,3909.0,,85
3597248,3597142,39.575638,-90.42171,1.5882809,0.75953895,0.06,0.12,2.647135,7.941405,2530.0,,85
3597258,3597142,39.575073,-90.42722,1.7382083,0.72990644,0.06,0.12,2.897014,8.691042,2559.0,,85
3597410,3597464,39.539948,-90.43711,1.4262799,0.7964581,0.06,0.12,2.3771331,7.1313996,1989.0,,85
3597460,3597476,39.544384,-90.41848,2.8260465,0.58904,0.06,0.12,4.7100773,14.130232,5748.0,,85
3597666,3597578,39.511597,-90.44251,1.1020962,0.8924177,0.06,0.12,1.836827,5.5104814,1313.0,,85
3599486,3599566,39.48561,-90.31665,1.8186489,0.71548307,0.06,0.12,3.0310817,9.093245,1913.0,,85
3599488,3599566,39.48239,-90.328255,1.7239707,0.73255974,0.06,0.12,2.8732846,8.619853,1933.0,,85
3599536,3599568,39.478596,-90.33384,1.3915333,0.8051716,0.06,0.12,2.319222,6.9576664,1861.0,,85
3599538,3599568,39.477066,-90.33961,1.9518589,0.69351435,0.06,0.12,3.2530982,9.7592945,2120.0,,85
3599784,3599826,39.432873,-90.328186,2.0530593,0.6782195,0.06,0.12,3.4217656,10.265297,3253.0,,85
3599786,3599826,39.427288,-90.34069,1.8617542,0.70812684,0.06,0.12,3.1029236,9.308771,2167.0,,85
5915071,5915101,39.27395,-90.22254,1.9174378,0.69897956,0.06,0.12,3.1957297,9.587189,1764.0,,85
5915095,5915103,39.275066,-90.24052,1.7015073,0.73681086,0.06,0.12,2.8358455,8.507537,2518.0,,85
5915843,5915827,39.100555,-90.28908,1.5188278,0.7746707,0.06,0.12,2.5313797,7.594139,1757.0,,85
5915857,5915851,39.083668,-90.28006,1.8919022,0.7031262,0.06,0.12,3.1531703,9.459511,2744.0,,85
5915859,5915851,39.07778,-90.2717,1.6311308,0.75067055,0.06,0.12,2.7185514,8.155654,1895.0,,85
5915919,5915103,39.273888,-90.24955,1.8518698,0.7097919,0.06,0.12,3.0864496,9.259349,2635.0,,85
2509065,2509105,39.149036,-91.32585,2.766998,0.594553,0.06,0.12,4.6116633,13.83499,1235.0,,85
2509115,2509167,39.134754,-91.080315,1.6197958,0.75298357,0.06,0.12,2.6996596,10.0,75.0,,85
2509121,2509143,39.139515,-91.015724,2.5374286,0.6177111,0.06,0.12,4.229048,12.687142,3296.0,,85
2509139,2509171,39.13156,-91.00199,1.5920966,0.75873536,0.06,0.12,2.6534941,7.9604826,366.0,,85
2511939,2511919,38.990044,-91.14728,2.3407784,0.6400905,0.06,0.12,3.901297,11.703891,513.0,,85
2929113,2929141,39.40162,-90.90878,2.1142454,0.66948915,0.06,0.12,3.5237422,10.571226,371.0,,85
2929905,2929891,39.145535,-90.91549,2.1021056,0.67119217,0.06,0.12,3.5035093,10.510528,453.0,,85
3597102,3597104,39.586304,-90.3378,2.3558161,0.6382847,0.06,0.12,3.9263604,11.77908,464.0,,85
3597256,3597168,39.571827,-90.410934,2.4841328,0.62352324,0.06,0.12,4.1402216,12.420664,2183.0,,85
3597604,3597544,39.514633,-90.43077,3.2496426,0.5538404,0.06,0.12,5.416071,16.248213,2300.0,,85
5915829,5915827,39.108032,-90.29158,2.725114,0.5985673,0.06,0.12,4.541857,13.62557,1248.0,,85
3596988,3596986,39.605473,-90.40038,2.7613885,0.5950855,0.06,0.12,4.6023145,13.806943,961.0,,85
3597542,3597544,39.52435,-90.42356,3.8481882,0.5140355,0.06,0.12,6.413647,19.24094,2912.0,,85
2509237,2509235,39.117798,-91.07963,3.2745183,0.55198026,0.06,0.12,5.4575305,16.372591,239.0,,85
2511947,2511919,38.98967,-91.1503,2.8038843,0.5910895,0.06,0.12,4.6731405,14.019422,937.0,,85
2932053,2929451,39.282944,-91.00083,3.2838812,0.5512854,0.06,0.12,5.4731355,16.419407,157.0,,85
3596632,3596702,39.680965,-90.52007,5.353164,0.444374,0.06,0.12,8.92194,26.76582,503.0,,85
3597042,3597038,39.606148,-90.66492,3.0802712,0.567075,0.06,0.12,5.1337852,15.401356,1556.0,,85
3597396,3597464,39.543575,-90.44352,2.4694421,0.62515694,0.06,0.12,4.115737,12.347211,1167.0,,85
2929895,2929891,39.14663,-90.9176,3.1945202,0.55803645,0.06,0.12,5.3242006,15.972601,138.0,,85
3596884,3596856,39.632614,-90.51505,3.9506605,0.5081101,0.06,0.12,6.584434,19.753302,2381.0,,85
3596964,3596970,39.60968,-90.34174,4.5806746,0.47600108,0.055,0.11,7.6344576,30.0,620.0,,85
3597130,3597070,39.59445,-90.65366,4.0059924,0.50500184,0.055,0.11,6.676654,30.0,1580.0,,85
2929623,2929605,39.22394,-90.953186,3.663769,0.52529424,0.06,0.12,6.1062813,18.318844,1916.0,,85
3596860,3596856,39.640343,-90.520996,5.6548123,0.43375576,0.055,0.11,9.424687,30.0,2346.0,,85
3598314,3598338,39.672825,-90.63276,5.4723964,0.4400762,0.055,0.11,9.120661,30.0,179.0,,85
2509123,2509143,39.137978,-91.03258,4.1538153,0.49699283,0.055,0.11,6.923025,30.0,1166.0,,85
3597172,3597168,39.581135,-90.40816,5.040304,0.45633847,0.055,0.11,8.400507,30.0,976.0,,85
3599860,3599834,39.402294,-90.317665,5.4609394,0.4404833,0.06,0.12,9.101565,27.304697,769.0,,85
5915067,5915101,39.27415,-90.23172,7.5653925,0.38148257,0.055,0.11,12.608988,37.826965,272.0,,85
2930551,2930549,39.377987,-90.92215,5.7265863,0.43134886,0.055,0.11,9.544311,30.0,10.0,,85
3596850,3596868,39.633556,-90.37455,8.149991,0.36915892,0.055,0.11,13.583319,50.0,1465.0,,85
2930517,2929139,39.403774,-90.88659,7.0623603,0.39324006,0.055,0.11,11.7706,35.311802,34.0,,85
3596768,3598336,39.662643,-90.64268,7.070671,0.39303607,0.055,0.11,11.784452,35.353355,3884.0,,85
2929121,2930835,39.39715,-90.8858,0.75264364,1.0559425,0.06,0.12,1.2544061,3.7632184,66.0,,85
5915097,5915937,39.27044,-90.16868,12.958918,0.30085367,0.055,0.11,21.598196,64.794586,6167.0,,85
3599832,3599834,39.408424,-90.3133,13.266584,0.29775533,0.05,0.1,22.110973,70.0,2239.0,,85
2509141,2509167,39.13203,-91.08551,13.624478,0.29427895,0.05,0.1,22.707464,70.0,1167.0,,85
5915115,5915937,39.258625,-90.17883,15.587246,0.27731454,0.055,0.11,25.978745,77.93623,2105.0,,85
2929117,2931033,39.421146,-90.8652,11.71238,0.31458163,0.055,0.11,19.520634,58.5619,5793.0,,85
2929115,2929141,39.402607,-90.91228,16.241776,0.27232745,0.05,0.1,27.069626,81.20888,587.0,,85
2509991,2509989,39.01707,-91.14628,16.659071,0.26929662,0.05,0.1,27.765118,83.29536,2065.0,,85
3598318,3598338,39.67965,-90.63706,64.66087,0.148041,0.045,0.09,107.76813,323.30438,1690.0,,85
2930869,2930543,39.39262,-90.92327,1.681882,0.7405916,0.06,0.12,2.8031366,8.40941,2666.0,,85
2931035,2930543,39.385834,-90.92387,113.681305,0.11541781,0.045,0.09,189.46884,568.40656,1745.0,,85
2507179,2509121,39.144703,-90.99284,1.5011086,0.77869177,0.06,0.12,2.5018477,7.505543,1286.0,,86
2507181,2509139,39.1326,-90.99162,1.5295988,0.77225935,0.06,0.12,2.5493314,7.647994,1664.0,,86
2509057,2509065,39.15798,-91.33571,1.7378873,0.7299659,0.06,0.12,2.8964787,8.689436,1944.0,,86
2509063,2509065,39.151382,-91.34618,2.3518956,0.6387539,0.06,0.12,3.919826,11.759479,3271.0,,86
2509111,2509115,39.141148,-91.07798,1.3076134,0.82757336,0.06,0.12,2.1793556,6.538067,1845.0,,86
2509119,2509115,39.14007,-91.08542,1.247515,0.8449312,0.06,0.12,2.0791914,6.2375746,1913.0,,86
2509125,2509141,39.140003,-91.09069,1.1893,0.8629342,0.06,0.12,1.9821666,5.9465,1429.0,,86
2510353,2509237,39.11069,-91.1005,2.2248673,0.65459406,0.06,0.12,3.7081122,11.124336,4168.0,,86
2512009,2511939,38.9832,-91.1366,1.5332931,0.77143794,0.06,0.12,2.5554886,7.6664658,2361.0,,86
2512027,2511939,38.977345,-91.14607,2.0500343,0.6786608,0.06,0.12,3.4167237,10.250171,2607.0,,86
2929103,2929113,39.40634,-90.90204,2.0006497,0.6860012,0.06,0.12,3.3344164,10.003249,5973.0,,86
2929105,2929113,39.410122,-90.90857,1.0255232,0.92122465,0.06,0.12,1.7092054,5.127616,1766.0,,86
2929711,2929623,39.21071,-90.97501,2.258371,0.6502918,0.06,0.12,3.7639518,11.291855,4046.0,,86
2929919,2929895,39.142105,-90.92838,1.6116573,0.75465876,0.06,0.12,2.6860952,8.058286,2324.0,,86
2929933,2929905,39.138367,-90.92353,1.346109,0.8170475,0.06,0.12,2.243515,6.730545,1785.0,,86
2929953,2929905,39.13429,-90.91785,1.8253874,0.7143166,0.06,0.12,3.0423121,9.126937,2129.0,,86
2932067,2932053,39.271725,-91.01387,2.050733,0.67855877,0.06,0.12,3.4178884,10.253666,3451.0,,86
3597036,3596988,39.606464,-90.38102,1.8754234,0.7058452,0.06,0.12,3.1257057,9.377117,2896.0,,86
3597140,3597102,39.588253,-90.327034,1.7420522,0.7291954,0.06,0.12,2.9034204,8.710261,2210.0,,86
3597162,3597042,39.59529,-90.67768,1.8690314,0.7069091,0.06,0.12,3.1150525,9.345157,2384.0,,86
3597190,3597102,39.580616,-90.33019,1.7025106,0.73661923,0.06,0.12,2.8375175,8.512553,1921.0,,86
3597236,3597172,39.572784,-90.40039,1.35865,0.81371164,0.06,0.12,2.2644167,6.7932496,1842.0,,86
3597292,3597256,39.561935,-90.39829,1.3865724,0.8064413,0.06,0.12,2.3109539,6.9328613,2017.0,,86
3597336,3597256,39.556522,-90.39917,1.9736658,0.69012326,0.06,0.12,3.289443,9.868329,2619.0,,86
3597364,3597396,39.548916,-90.42934,1.6907343,0.7388784,0.06,0.12,2.8178904,8.453671,2027.0,,86
3597524,3597542,39.5247,-90.402306,1.4842836,0.7825737,0.06,0.12,2.473806,7.4214177,1878.0,,86
3597606,3597604,39.514668,-90.39982,2.9094841,0.5815268,0.06,0.12,4.84914,14.5474205,4579.0,,86
3598012,3596860,39.642838,-90.50208,1.6358391,0.74971664,0.06,0.12,2.7263985,8.179195,1882.0,,86
3598020,3596884,39.618866,-90.50141,2.2353559,0.6532372,0.06,0.12,3.7255933,11.17678,2827.0,,86
3599838,3599832,39.40389,-90.29963,1.7484225,0.72802216,0.06,0.12,2.9140375,8.742112,2048.0,,86
3599976,3599860,39.39103,-90.31324,1.5543075,0.766819,0.06,0.12,2.5905125,7.7715373,2061.0,,86
5915833,5915829,39.10422,-90.309425,1.9630747,0.69176346,0.06,0.12,3.2717912,9.815373,2459.0,,86
5915855,5915829,39.09406,-90.30358,2.068744,0.6759461,0.06,0.12,3.4479065,10.3437195,2805.0,,86
5915917,5915067,39.28543,-90.23993,1.9908298,0.68749195,0.06,0.12,3.3180497,9.954149,2746.0,,86
2510025,2509991,39.01906,-91.1644,2.5429618,0.61711776,0.06,0.12,4.23827,12.714809,2505.0,,86
2929089,2929115,39.41275,-90.907,2.119282,0.66878676,0.06,0.12,3.5321367,10.59641,2509.0,,86
3596820,3596768,39.649,-90.64504,2.242622,0.6523026,0.06,0.12,3.7377033,11.21311,1076.0,,86
3597022,3596988,39.601257,-90.39526,2.2449687,0.65200174,0.06,0.12,3.7416146,11.224843,925.0,,86
3597072,3596964,39.598827,-90.32605,2.5449543,0.61690456,0.06,0.12,4.2415905,12.7247715,3556.0,,86
3597180,3597130,39.587452,-90.65463,2.1934242,0.65871745,0.06,0.12,3.6557071,10.967121,667.0,,86
3597474,3597542,39.529488,-90.39978,3.4700885,0.538033,0.06,0.12,5.7834806,17.350443,1851.0,,86
3598000,3596632,39.68652,-90.49102,3.8333771,0.5149108,0.06,0.12,6.388962,19.166885,5006.0,,86
5915935,5915115,39.249046,-90.16428,2.536504,0.6178104,0.06,0.12,4.2275066,12.68252,1516.0,,86
2509233,2509237,39.118095,-91.084145,2.8538964,0.58649707,0.06,0.12,4.7564936,14.269482,559.0,,86
2511949,2511947,38.987194,-91.15504,2.6665015,0.6043367,0.06,0.12,4.444169,13.332507,155.0,,86
2929031,2929117,39.435772,-90.83657,3.5994904,0.52941227,0.06,0.12,5.9991508,17.997452,1288.0,,86
2932055,2932053,39.28275,-91.00259,2.9724023,0.5760637,0.06,0.12,4.954004,14.862011,193.0,,86
3597044,3597042,39.60298,-90.6727,2.6208427,0.60895914,0.06,0.12,4.3680716,13.104214,335.0,,86
3597358,3597396,39.55321,-90.437614,1.9027352,0.70135725,0.06,0.12,3.1712253,9.513676,1640.0,,86
3597998,3596632,39.701157,-90.489235,4.5163817,0.47897872,0.06,0.12,7.5273027,22.58191,7625.0,,86
3598320,3598318,39.686275,-90.64129,2.1589756,0.66333395,0.06,0.12,3.5982926,10.794877,96.0,,86
2929893,2929895,39.148247,-90.92243,3.0399022,0.5703851,0.06,0.12,5.066504,15.199512,1050.0,,86
2930513,2930517,39.403816,-90.88617,3.337101,0.54738915,0.06,0.12,5.5618353,16.685505,40.0,,86
3596962,3596964,39.61129,-90.32409,4.1760063,0.49582595,0.055,0.11,6.960011,30.0,2966.0,,86
3597200,3597130,39.58646,-90.64308,3.6747591,0.52460057,0.06,0.12,6.124599,18.373796,2232.0,,86
3598016,3596884,39.630775,-90.49807,3.5145814,0.5350174,0.06,0.12,5.857636,17.572906,745.0,,86
2929621,2929623,39.2243,-90.97055,3.1864228,0.55866164,0.06,0.12,5.3107047,15.932114,1274.0,,86
3598010,3596860,39.652924,-90.49587,5.5596337,0.43701628,0.055,0.11,9.266056,30.0,4042.0,,86
3598316,3598314,39.673283,-90.63122,5.4710793,0.44012293,0.055,0.11,9.118465,30.0,102.0,,86
2509075,2509123,39.146225,-91.03209,4.0972147,0.5000102,0.055,0.11,6.828691,30.0,819.0,,86
3596870,3596850,39.63166,-90.362434,6.335956,0.41252834,0.055,0.11,10.559927,31.679781,2475.0,,86
3597174,3597172,39.580643,-90.40179,4.9734797,0.4590334,0.055,0.11,8.289133,30.0,282.0,,86
3599864,3599860,39.39977,-90.31187,5.3963275,0.44280234,0.06,0.12,8.993879,26.981638,429.0,,86
5915051,5915067,39.276917,-90.230774,7.5129156,0.38265583,0.055,0.11,12.521526,37.56458,387.0,,86
2929205,2930551,39.371643,-90.930534,5.7265863,0.43134886,0.055,0.11,9.544311,30.0,2146.0,,86
3596832,3596850,39.65418,-90.34498,6.52083,0.407327,0.055,0.11,10.86805,32.60415,7296.0,,86
5915023,5915097,39.289154,-90.147644,7.0493712,0.39355958,0.055,0.11,11.748952,35.246857,3396.0,,86
2930515,2930517,39.411777,-90.88634,6.7870674,0.40019888,0.055,0.11,11.311779,33.935337,1787.0,,86
3596770,3596768,39.653885,-90.64847,6.910414,0.39703155,0.055,0.11,11.517357,34.55207,310.0,,86
2930521,2929121,39.39713,-90.88635,0.74937,1.0579752,0.06,0.12,1.24895,3.74685,30.0,,86
5915031,5915097,39.278355,-90.14925,12.1108465,0.3099726,0.055,0.11,20.184746,60.554234,947.0,,86
3599818,3599832,39.413994,-90.30138,13.24827,0.29793686,0.05,0.1,22.08045,70.0,2683.0,,86
2509127,2509141,39.139893,-91.09437,13.616317,0.29435676,0.05,0.1,22.693861,70.0,1642.0,,86
5915121,5915115,39.254738,-90.16619,15.5570545,0.27755186,0.055,0.11,25.928425,77.78527,429.0,,86
2929035,2929117,39.432247,-90.82448,11.567111,0.31631854,0.055,0.11,19.278519,57.835556,2580.0,,86
2929091,2929115,39.40607,-90.91632,16.226997,0.27243686,0.05,0.1,27.044996,81.13499,468.0,,86
2509915,2509991,39.02341,-91.15565,16.62936,0.26950875,0.05,0.1,27.715601,83.146805,446.0,,86
3598322,3598318,39.69388,-90.644966,64.659454,0.14804243,0.045,0.09,107.76576,323.29727,1843.0,,86
2930531,2931035,39.39447,-90.93405,113.67771,0.11541942,0.045,0.09,189.46286,568.38855,1006.0,,86
2930993,2931035,39.390125,-90.93436,4.686576,0.47122544,0.055,0.11,7.8109593,30.0,300.0,,86
2510067,2510025,39.007233,-91.16046,1.6267613,0.7515595,0.06,0.12,2.711269,8.133806,1476.0,,87
2510119,2510025,39.008858,-91.17362,1.8704246,0.7066768,0.06,0.12,3.1173744,9.352123,1984.0,,87
2511945,2511949,38.993645,-91.16077,1.5661844,0.7642481,0.06,0.12,2.6103072,7.830922,1653.0,,87
2929211,2929205,39.363914,-90.95499,2.428352,0.629802,0.06,0.12,4.0472536,12.141761,3679.0,,87
2929613,2929621,39.23471,-90.981384,1.5171576,0.7750469,0.06,0.12,2.528596,7.585788,2268.0,,87
2929907,2929893,39.14459,-90.93448,1.606062,0.75581753,0.06,0.12,2.6767702,8.030311,2142.0,,87
2930385,2929089,39.427914,-90.895905,1.800239,0.7187019,0.06,0.12,3.0003982,9.001195,1405.0,,87
2932061,2932055,39.276215,-91.0149,1.7272265,0.73195016,0.06,0.12,2.878711,8.636132,2790.0,,87
3596514,3597998,39.714085,-90.45857,1.4907984,0.7810631,0.06,0.12,2.484664,7.453992,1816.0,,87
3596594,3598000,39.689476,-90.44121,2.9768145,0.5756869,0.06,0.12,4.9613576,14.884072,4280.0,,87
3596678,3596832,39.67326,-90.31721,1.5332931,0.77143794,0.06,0.12,2.5554886,7.6664658,1543.0,,87
3596852,3596870,39.643185,-90.33568,2.2575984,0.65039,0.06,0.12,3.7626638,11.287992,4094.0,,87
3596886,3598016,39.63906,-90.48918,1.9308783,0.69682884,0.06,0.12,3.2181304,9.654391,2587.0,,87
3596892,3596820,39.63896,-90.641525,1.7154491,0.7341629,0.06,0.12,2.8590817,8.577246,1732.0,,87
3596904,3596820,39.63629,-90.64953,1.522573,0.7738295,0.06,0.12,2.5376217,7.612865,2114.0,,87
3597096,3597022,39.59454,-90.37826,1.7869487,0.72105527,0.06,0.12,2.9782476,8.934743,2901.0,,87
3597106,3597022,39.59244,-90.38564,1.600052,0.7570687,0.06,0.12,2.6667533,8.000259,2060.0,,87
3597122,3597044,39.597046,-90.68354,1.7783903,0.72258407,0.06,0.12,2.9639838,8.891952,2180.0,,87
3597152,3597072,39.585648,-90.304596,1.8395842,0.7118793,0.06,0.12,3.0659738,9.197921,1884.0,,87
3597218,3597180,39.58081,-90.66304,1.4799093,0.78359336,0.06,0.12,2.4665155,7.399546,1588.0,,87
3597254,3597180,39.576775,-90.65645,1.8384333,0.7120759,0.06,0.12,3.0640554,9.192166,2033.0,,87
3597458,3597474,39.535053,-90.369,2.9725156,0.57605404,0.06,0.12,4.9541926,14.862577,4528.0,,87
3597484,3597474,39.52835,-90.37938,1.9490354,0.6939574,0.06,0.12,3.2483923,9.745177,2135.0,,87
3600054,3599864,39.382645,-90.29851,2.1511502,0.6643975,0.06,0.12,3.5852501,10.755751,4176.0,,87
5914959,5915023,39.311752,-90.14879,2.4353778,0.62899977,0.06,0.12,4.058963,12.176888,3477.0,,87
5915077,5915031,39.27115,-90.12465,2.5963182,0.6114902,0.06,0.12,4.327197,12.981592,4952.0,,87
5915117,5915121,39.25645,-90.155464,1.3252325,0.8227011,0.06,0.12,2.2087207,6.6261625,1916.0,,87
5915227,5915935,39.237556,-90.14388,2.277715,0.6478495,0.06,0.12,3.7961917,11.388575,3333.0,,87
2509031,2509075,39.15269,-91.03262,2.7393909,0.597189,0.06,0.12,4.5656514,13.696954,833.0,,87
2509229,2509233,39.120266,-91.09092,2.8057864,0.5909127,0.06,0.12,4.6763105,14.028932,723.0,,87
2511959,2511949,38.986607,-91.15726,2.449642,0.62738127,0.06,0.12,4.0827365,12.248209,294.0,,87
2929011,2929031,39.447727,-90.83398,3.0044684,0.5733431,0.06,0.12,5.0074477,15.022343,2945.0,,87
2929013,2929031,39.439713,-90.84734,2.5108194,0.62059075,0.06,0.12,4.184699,12.554097,1140.0,,87
2929083,2929091,39.41773,-90.916626,3.3323886,0.54773057,0.06,0.12,5.553981,16.661943,2282.0,,87
2932051,2932055,39.284107,-91.00606,2.746013,0.59655327,0.06,0.12,4.5766883,13.730064,505.0,,87
3596512,3597998,39.710808,-90.44701,3.6530938,0.52597094,0.06,0.12,6.0884895,18.265469,804.0,,87
3596630,3598320,39.685654,-90.647804,2.1566548,0.6636488,0.06,0.12,3.5944247,10.783274,1117.0,,87
3596722,3598010,39.66283,-90.48095,2.180888,0.6603853,0.06,0.12,3.6348133,10.90444,644.0,,87
3596864,3596770,39.645527,-90.65941,3.0192666,0.57210165,0.06,0.12,5.032111,15.0963335,2922.0,,87
3597040,3597044,39.604446,-90.675575,2.277145,0.6479211,0.06,0.12,3.7952416,11.385725,306.0,,87
3598178,3597358,39.55605,-90.42859,1.4567477,0.78906566,0.06,0.12,2.4279127,7.283738,267.0,,87
2929019,2929035,39.439823,-90.81842,2.4596624,0.62625235,0.06,0.12,4.0994377,12.298313,932.0,,87
2929097,2930513,39.403885,-90.88526,3.336377,0.5474416,0.06,0.12,5.5606284,16.681885,118.0,,87
2929865,2929893,39.157696,-90.934975,2.822042,0.5894086,0.06,0.12,4.7034035,14.110209,2166.0,,87
3596896,3598016,39.628754,-90.48714,3.2110844,0.5567646,0.06,0.12,5.3518076,16.055422,1260.0,,87
3596954,3596962,39.612247,-90.29537,3.022012,0.57187235,0.06,0.12,5.0366864,15.11006,2586.0,,87
3596972,3596962,39.60929,-90.307335,3.1086674,0.5647839,0.06,0.12,5.1811123,15.543337,916.0,,87
3597282,3597200,39.57202,-90.631615,3.4558544,0.5390096,0.06,0.12,5.7597575,17.279272,2375.0,,87
3598250,3597174,39.56969,-90.384224,2.9541662,0.57762986,0.06,0.12,4.92361,14.770831,4151.0,,87
2929615,2929621,39.22522,-90.97872,2.8251712,0.58912045,0.06,0.12,4.708619,14.125856,180.0,,87
3596730,3598010,39.65837,-90.46858,5.2103477,0.4497071,0.06,0.12,8.683913,26.051739,2222.0,,87
3599806,3599818,39.415565,-90.28776,2.9932206,0.57429266,0.06,0.12,4.988701,14.966103,145.0,,87
2509053,2509127,39.147976,-91.09199,3.2009108,0.55754465,0.055,0.11,5.3348513,30.0,185.0,,87
5915039,5915051,39.287685,-90.2292,4.3029323,0.48931944,0.06,0.12,7.1715536,21.51466,2290.0,,87
3596682,3598316,39.673473,-90.629845,5.464659,0.44035098,0.055,0.11,9.107765,30.0,138.0,,87
2509033,2509075,39.149662,-91.026825,3.5353317,0.53362966,0.06,0.12,5.8922195,17.676659,774.0,,87
3596858,3596870,39.632084,-90.340576,6.181294,0.4170507,0.055,0.11,10.302156,30.90647,2024.0,,87
3597170,3597174,39.581703,-90.3949,4.5752363,0.47625062,0.06,0.12,7.625394,22.876183,1296.0,,87
3598324,3598322,39.70228,-90.64689,3.9573019,0.5077337,0.06,0.12,6.5955033,19.786509,112.0,,87
3599876,3599864,39.397873,-90.30558,5.2603016,0.44781798,0.06,0.12,8.767169,26.301508,755.0,,87
5915037,5915051,39.281586,-90.22607,6.976219,0.39537492,0.055,0.11,11.627032,34.881096,918.0,,87
2929237,2929205,39.35723,-90.93971,5.4710793,0.44012293,0.055,0.11,9.118465,30.0,1854.0,,87
3596676,3596832,39.669567,-90.30578,6.0916934,0.41974592,0.055,0.11,10.1528225,30.458467,2116.0,,87
5914957,5915023,39.30116,-90.13786,6.845748,0.3986818,0.055,0.11,11.40958,34.22874,504.0,,87
2929065,2930515,39.4398,-90.89122,6.7801256,0.4003796,0.055,0.11,11.300209,33.900627,4550.0,,87
3596772,3596770,39.65375,-90.65634,6.6967325,0.40257162,0.055,0.11,11.1612215,33.48366,1956.0,,87
2930523,2930521,39.400433,-90.88646,0.7238808,1.0742517,0.06,0.12,1.206468,3.619404,751.0,,87
5915025,5915031,39.286366,-90.13033,12.059712,0.3105518,0.055,0.11,20.099522,60.298565,3692.0,,87
3599804,3599818,39.425453,-90.28147,13.106895,0.29935038,0.05,0.1,21.844826,70.0,3115.0,,87
2509067,2509127,39.147346,-91.10209,13.536744,0.2951189,0.05,0.1,22.56124,70.0,2178.0,,87
5915119,5915121,39.254513,-90.16223,15.552672,0.27758637,0.055,0.11,25.92112,77.76336,262.0,,87
2929017,2929035,39.436497,-90.81555,11.501628,0.3171118,0.055,0.11,19.16938,57.50814,187.0,,87
2929085,2929091,39.410126,-90.930565,16.171968,0.27284545,0.05,0.1,26.953281,80.85984,2382.0,,87
2509891,2509915,39.02541,-91.157455,1.464,0.78733873,0.06,0.12,2.44,7.32,125.0,,87
2509889,2509915,39.025528,-91.15685,16.627659,0.26952094,0.05,0.1,27.712763,83.13829,73.0,,87
3598326,3598322,39.702835,-90.64619,64.652954,0.148049,0.045,0.09,107.75492,323.26474,145.0,05586100,87
2930871,2930531,39.407368,-90.9481,113.677666,0.11541944,0.045,0.09,189.46277,568.3883,2817.0,,87
2930533,2930993,39.39047,-90.9412,4.5991974,0.47515437,0.055,0.11,7.665329,30.0,871.0,,87
2930995,2930993,39.391045,-90.93707,1.7008379,0.7369388,0.06,0.12,2.83473,8.5041895,262.0,,87
2508967,2509031,39.168255,-91.0171,2.3563497,0.6382209,0.06,0.12,3.9272497,11.781749,3943.0,,88
2508969,2509031,39.162693,-91.03438,1.4462713,0.7915822,0.06,0.12,2.4104521,7.231356,1504.0,,88
2509021,2509033,39.15138,-91.015305,1.2726882,0.8375169,0.06,0.12,2.121147,6.3634405,1610.0,,88
2509047,2509053,39.149067,-91.083954,1.2923805,0.8318627,0.06,0.12,2.1539674,6.461902,1311.0,,88
2509199,2509067,39.13033,-91.12584,2.5057788,0.6211412,0.06,0.12,4.1762977,12.528893,5432.0,,88
2509207,2509229,39.12709,-91.105064,1.6988266,0.7373236,0.06,0.12,2.8313775,8.494132,2574.0,,88
2509227,2509229,39.120373,-91.116,2.4214556,0.6305927,0.06,0.12,4.0357594,12.107279,4246.0,,88
2509883,2509889,39.034184,-91.150795,2.1421998,0.6656207,0.06,0.12,3.570333,10.7109995,2777.0,,88
2511961,2511959,38.98758,-91.16853,1.7560077,0.7266331,0.06,0.12,2.9266796,8.780039,2146.0,,88
2512041,2511959,38.975998,-91.15519,2.0427852,0.67972225,0.06,0.12,3.404642,10.213926,2913.0,,88
2928947,2929011,39.473564,-90.84077,2.498974,0.6218868,0.06,0.12,4.1649566,12.49487,3761.0,,88
2928965,2929065,39.455257,-90.87547,1.8189429,0.71543205,0.06,0.12,3.0315716,9.094715,3114.0,,88
2928983,2929019,39.445114,-90.80703,1.4370401,0.7938216,0.06,0.12,2.3950667,7.1852,1627.0,,88
2928987,2929013,39.45216,-90.85322,1.8118618,0.71666425,0.06,0.12,3.0197697,9.059309,2223.0,,88
2928989,2929013,39.451706,-90.86004,2.030987,0.68146145,0.06,0.12,3.3849783,10.154935,3142.0,,88
2929045,2929083,39.44614,-90.90619,2.6925526,0.6017501,0.06,0.12,4.4875875,13.462762,6593.0,,88
2929047,2929083,39.437325,-90.917496,1.5515107,0.7674285,0.06,0.12,2.5858512,7.7575536,3281.0,,88
2929093,2929097,39.416115,-90.87286,1.7515907,0.7274409,0.06,0.12,2.919318,8.757954,3435.0,,88
2929311,2929237,39.339928,-90.949615,2.3699667,0.6366005,0.06,0.12,3.9499447,11.8498335,3547.0,,88
2929611,2929615,39.230263,-90.99162,1.8306274,0.71341383,0.06,0.12,3.0510457,9.153137,2583.0,,88
2929887,2929865,39.152332,-90.95411,1.8387212,0.7120267,0.06,0.12,3.0645351,9.193605,1965.0,,88
2932049,2932051,39.289883,-91.01918,1.924576,0.6978346,0.06,0.12,3.2076268,9.62288,2350.0,,88
2932069,2932051,39.280987,-91.029045,2.3233593,0.64220333,0.06,0.12,3.8722653,11.616796,4061.0,,88
3596504,3596512,39.720486,-90.4343,1.968384,0.69093966,0.06,0.12,3.2806401,9.84192,2472.0,,88
3596520,3596512,39.708862,-90.41332,3.2550652,0.5534332,0.06,0.12,5.4251084,16.275326,5302.0,,88
3596638,3596630,39.683334,-90.65825,1.6725925,0.74240345,0.06,0.12,2.7876542,8.362963,1680.0,,88
3596704,3596722,39.67072,-90.47559,1.7496911,0.7277892,0.06,0.12,2.9161518,8.748455,1832.0,,88
3596706,3596722,39.669952,-90.486084,1.56697,0.76407903,0.06,0.12,2.6116166,7.83485,1458.0,,88
3596944,3596864,39.63027,-90.666695,2.2280438,0.65418214,0.06,0.12,3.7134063,11.140219,2733.0,,88
3596960,3596864,39.62768,-90.654495,2.0570023,0.6776456,0.06,0.12,3.428337,10.285011,2948.0,,88
3597018,3596954,39.602783,-90.27568,1.5539085,0.76690584,0.06,0.12,2.5898476,7.7695427,2149.0,,88
3597074,3597040,39.605465,-90.68834,1.9472344,0.6942405,0.06,0.12,3.2453907,9.736172,2399.0,,88
3597160,3596972,39.590847,-90.301,1.8948933,0.7026363,0.06,0.12,3.1581554,9.474466,3868.0,,88
3597234,3597170,39.57294,-90.38,1.5316533,0.7718022,0.06,0.12,2.5527556,7.6582665,2436.0,,88
3597284,3597282,39.56776,-90.65153,1.5254736,0.77318,0.06,0.12,2.542456,7.627368,2441.0,,88
3597296,3598178,39.557526,-90.42331,1.2257575,0.8515153,0.06,0.12,2.0429292,6.1287875,763.0,,88
3597320,3598250,39.553493,-90.36906,1.6743203,0.74206537,0.06,0.12,2.7905338,8.371602,1232.0,,88
3599844,3599806,39.40851,-90.28167,1.5369703,0.77062315,0.06,0.12,2.5616171,7.684851,1804.0,,88
3599986,3599876,39.38864,-90.2968,1.308171,0.82741773,0.06,0.12,2.180285,6.540855,1874.0,,88
3600920,3599804,39.41987,-90.24996,2.7049885,0.600528,0.06,0.12,4.508314,13.524942,5426.0,,88
5914953,5914957,39.30475,-90.126495,1.6175841,0.75343764,0.06,0.12,2.6959734,8.08792,1791.0,,88
5915113,5915119,39.25469,-90.14895,1.5062126,0.7775265,0.06,0.12,2.5103543,7.531063,2190.0,,88
5915915,5915039,39.29547,-90.24293,1.6362002,0.7496436,0.06,0.12,2.7270002,8.181001,1951.0,,88
2928985,2929019,39.444088,-90.815704,2.1897395,0.6592063,0.06,0.12,3.649566,10.948697,217.0,,88
2929095,2929097,39.41358,-90.88467,3.1558468,0.56104314,0.06,0.12,5.2597446,15.779235,2157.0,,88
2929841,2929865,39.158386,-90.94754,1.9579921,0.6925551,0.06,0.12,3.2633202,10.0,248.0,,88
2930535,2930533,39.3906,-90.948074,2.1111681,0.6699195,0.06,0.12,3.5186133,10.5558405,337.0,,88
3596646,3596676,39.66977,-90.29418,2.3652093,0.6371651,0.06,0.12,3.9420154,11.826047,681.0,,88
3596718,3596682,39.66895,-90.62617,1.3880643,0.80605876,0.06,0.12,2.3134403,6.940321,1175.0,,88
3596736,3596730,39.657337,-90.44582,3.2577226,0.553234,0.06,0.12,5.429538,16.288612,2268.0,,88
3596758,3596772,39.660652,-90.66237,1.804428,0.71796536,0.06,0.12,3.00738,9.02214,880.0,,88
3596894,3596896,39.6287,-90.475235,2.8867548,0.58354247,0.06,0.12,4.811258,14.433774,1153.0,,88
3596950,3596954,39.612392,-90.27812,2.501035,0.62166065,0.06,0.12,4.1683917,12.505176,808.0,,88
3597000,3596972,39.60222,-90.30022,2.7183928,0.59921974,0.06,0.12,4.5306544,13.591964,1564.0,,88
3597298,3597282,39.562294,-90.63849,2.5208423,0.61950094,0.06,0.12,4.2014036,12.604212,438.0,,88
3598392,3598250,39.552677,-90.37537,1.7915009,0.7202463,0.06,0.12,2.9858348,8.957504,668.0,,88
2929021,2929017,39.4361,-90.81016,3.7153053,0.52206707,0.06,0.12,6.1921754,18.576527,818.0,,88
2929635,2929615,39.22365,-90.98633,2.5214663,0.6194333,0.06,0.12,4.2024436,12.60733,1215.0,,88
3596854,3596858,39.638863,-90.31845,4.7838,0.46697605,0.06,0.12,7.973,23.919,2954.0,,88
3598006,3596730,39.667816,-90.45268,4.525017,0.47857526,0.06,0.12,7.5416946,22.625084,2008.0,,88
3598292,3598326,39.703564,-90.6468,2.0880308,0.67318445,0.06,0.12,3.4800513,10.440154,113.0,,88
3599808,3599806,39.4155,-90.28249,2.8405945,0.58770716,0.06,0.12,4.734324,14.202972,887.0,,88
2509045,2509053,39.150925,-91.09463,3.1190195,0.5639561,0.055,0.11,5.1983657,30.0,1111.0,,88
5914983,5915039,39.298424,-90.23235,4.1315107,0.49817476,0.06,0.12,6.8858514,20.657555,376.0,,88
5915011,5915025,39.285717,-90.11367,1.7426913,0.72907746,0.06,0.12,2.9044855,8.713456,1294.0,,88
5915017,5915037,39.294598,-90.221565,3.7208815,0.5217218,0.06,0.12,6.201469,18.604406,2902.0,,88
3596680,3596682,39.673874,-90.62528,5.406846,0.4424221,0.055,0.11,9.01141,30.0,651.0,,88
2509011,2509033,39.155895,-91.02046,3.409766,0.5422117,0.06,0.12,5.6829433,17.04883,1029.0,,88
3596588,3598324,39.698345,-90.6635,3.9569118,0.5077558,0.06,0.12,6.594853,19.78456,3185.0,,88
3596882,3596858,39.628384,-90.30134,4.873257,0.4631746,0.06,0.12,8.122095,24.366287,5577.0,,88
3597184,3597170,39.579056,-90.38102,4.448708,0.48217967,0.06,0.12,7.4145136,22.243542,1807.0,,88
3599890,3599876,39.394573,-90.29922,5.2130523,0.44960415,0.06,0.12,8.68842,26.065262,548.0,,88
5915015,5915037,39.284325,-90.21475,6.562874,0.40617368,0.055,0.11,10.938124,32.81437,1174.0,,88
2929067,2929085,39.4194,-90.94053,4.6898036,0.47108233,0.06,0.12,7.8163395,23.449018,333.0,,88
2929251,2929237,39.35139,-90.9488,5.2200103,0.44933963,0.055,0.11,8.700017,30.0,826.0,,88
3596644,3596676,39.67695,-90.2881,5.836881,0.42773372,0.055,0.11,9.728135,30.0,2512.0,,88
5914951,5914957,39.305378,-90.13595,6.7928796,0.40004778,0.055,0.11,11.3214655,33.964397,496.0,,88
2928949,2929065,39.46013,-90.88998,6.6795278,0.40302876,0.055,0.11,11.132546,33.39764,199.0,,88
3596762,3596772,39.65768,-90.66457,6.6157594,0.404738,0.055,0.11,11.026266,33.078796,669.0,,88
5914991,5915025,39.293858,-90.11372,12.013782,0.31107503,0.055,0.11,20.022968,60.068905,1346.0,,88
3599730,3599804,39.433475,-90.273895,13.044859,0.2999776,0.05,0.1,21.741432,70.0,102.0,,88
2509069,2509067,39.14566,-91.11263,13.496014,0.29551148,0.05,0.1,22.493357,70.0,357.0,,88
5915933,5915119,39.247494,-90.14795,15.546877,0.277632,0.055,0.11,25.91146,77.73438,3273.0,,88
2929015,2929017,39.440083,-90.80634,11.358497,0.31886858,0.055,0.11,18.930828,56.792484,1998.0,,88
2930387,2929085,39.42212,-90.96127,16.01,0.2740598,0.05,0.1,26.683332,80.049995,4560.0,,88
2509885,2509889,39.025913,-91.15752,16.613949,0.26961902,0.05,0.1,27.689915,83.06975,90.0,,88
3598294,3598326,39.716778,-90.64177,64.65204,0.14804992,0.045,0.09,107.753395,323.2602,2918.0,,88
2930511,2930871,39.410473,-90.96404,113.67743,0.115419544,0.045,0.09,189.46239,568.38715,158.0,,88
2929143,2930995,39.39604,-90.946625,1.6547672,0.7459211,0.06,0.12,2.7579453,8.273836,1934.0,,88
2930529,2930533,39.39453,-90.95435,4.41132,0.48397836,0.055,0.11,7.3522005,30.0,1712.0,,88
2928941,2928949,39.465973,-90.87981,1.6216345,0.7526068,0.06,0.12,2.7027242,8.108172,2127.0,,89
2928979,2928985,39.452198,-90.80893,1.8136371,0.71635467,0.06,0.12,3.0227284,9.068186,2134.0,,89
2928981,2928985,39.448994,-90.822624,1.6179531,0.7533618,0.06,0.12,2.6965885,8.089766,1817.0,,89
2929053,2929095,39.440784,-90.881714,2.487339,0.6231685,0.06,0.12,4.145565,12.436695,4463.0,,89
2929061,2929095,39.430565,-90.86643,2.3502882,0.6389466,0.06,0.12,3.917147,11.751441,6017.0,,89
2929159,2930535,39.38323,-90.95915,2.091847,0.67264235,0.06,0.12,3.4864113,10.459234,2268.0,,89
2929835,2929841,39.162857,-90.95833,1.6859789,0.7397971,0.06,0.12,2.809965,8.429894,1993.0,,89
2929843,2929841,39.159264,-90.95906,1.348215,0.8164842,0.06,0.12,2.247025,6.7410746,1884.0,,89
3596610,3596644,39.691444,-90.27845,2.4348772,0.6290568,0.06,0.12,4.058129,12.174386,3405.0,,89
3596616,3596588,39.68942,-90.68295,1.6369219,0.7494978,0.06,0.12,2.728203,8.184609,1555.0,,89
3596674,3596646,39.671577,-90.27449,2.1868653,0.65958834,0.06,0.12,3.6447754,10.934326,2968.0,,89
3596720,3596736,39.66554,-90.409096,2.8607464,0.58587706,0.06,0.12,4.7679105,14.303732,4989.0,,89
3596724,3596758,39.668697,-90.66461,1.6746655,0.7419979,0.06,0.12,2.791109,8.373327,1377.0,,89
3596756,3596718,39.659756,-90.61886,1.1777923,0.8666437,0.06,0.12,1.9629872,5.888962,1240.0,,89
3596778,3596854,39.651783,-90.30251,1.8839724,0.70443034,0.06,0.12,3.139954,9.419862,2120.0,,89
3596876,3596894,39.640892,-90.47174,2.0703454,0.6757154,0.06,0.12,3.4505758,10.3517275,2616.0,,89
3596880,3596894,39.635025,-90.46014,2.1144648,0.6694585,0.06,0.12,3.524108,10.572324,2540.0,,89
3597014,3596950,39.608814,-90.2622,2.321713,0.64240414,0.06,0.12,3.8695219,11.608565,2834.0,,89
3597056,3597000,39.600407,-90.27929,1.8314979,0.7132642,0.06,0.12,3.0524964,9.15749,2706.0,,89
3597084,3597000,39.593807,-90.28321,2.1519988,0.66428185,0.06,0.12,3.5866647,10.759994,2691.0,,89
3597176,3597184,39.583733,-90.36334,1.4955411,0.77996933,0.06,0.12,2.4925685,7.4777055,2132.0,,89
3597300,3597298,39.562275,-90.65063,2.068286,0.67601216,0.06,0.12,3.4471433,10.34143,2179.0,,89
3597332,3598392,39.552273,-90.38528,1.6839329,0.74019355,0.06,0.12,2.8065548,8.419664,2153.0,,89
3597378,3597298,39.552822,-90.63619,1.8367041,0.7123715,0.06,0.12,3.0611737,9.183521,1847.0,,89
3599742,3599730,39.434963,-90.26198,1.3835791,0.8072105,0.06,0.12,2.3059652,6.917896,2383.0,,89
3599854,3599808,39.406525,-90.27163,1.6285847,0.7511881,0.06,0.12,2.7143078,8.142923,2202.0,,89
3599978,3599890,39.388218,-90.29087,1.2883737,0.833003,0.06,0.12,2.1472895,6.441869,1668.0,,89
5914927,5914951,39.317085,-90.13416,2.0692017,0.67588013,0.06,0.12,3.4486697,10.346009,2086.0,,89
5914943,5915017,39.31404,-90.21816,1.7385292,0.72984695,0.06,0.12,2.8975487,8.692646,1700.0,,89
5915043,5915015,39.27789,-90.207794,1.7269015,0.73201096,0.06,0.12,2.878169,8.634507,1659.0,,89
2508943,2509011,39.16747,-91.01148,2.1370525,0.66632754,0.06,0.12,3.5617542,10.685263,2413.0,,89
2509007,2509045,39.15599,-91.09027,2.1049871,0.6707866,0.06,0.12,3.508312,10.524937,772.0,,89
2509083,2509069,39.14422,-91.12134,2.931292,0.57961416,0.06,0.12,4.885487,14.656461,1519.0,,89
2929029,2929021,39.433735,-90.79598,2.8719316,0.5848693,0.06,0.12,4.7865524,14.359657,1799.0,,89
2929049,2929021,39.428337,-90.802605,2.762695,0.59496135,0.06,0.12,4.6044917,13.813476,1694.0,,89
2929637,2929635,39.22456,-90.99584,1.869589,0.70681614,0.06,0.12,3.1159816,9.347944,1329.0,,89
2929639,2929635,39.2213,-90.99633,1.7394915,0.72966886,0.06,0.12,2.8991525,8.697457,672.0,,89
3596538,3598292,39.70581,-90.655655,2.0846524,0.6736655,0.06,0.12,3.4744205,10.423262,1697.0,,89
3596668,3596680,39.68504,-90.62642,2.427681,0.62987876,0.06,0.12,4.046135,12.138405,2652.0,,89
3596712,3596680,39.670704,-90.615234,3.1935349,0.5581124,0.06,0.12,5.322558,15.967674,1400.0,,89
3598008,3596854,39.64866,-90.26498,4.532971,0.4782046,0.06,0.12,7.5549517,22.664854,9323.0,,89
3598014,3596882,39.631947,-90.24953,3.2630248,0.5528372,0.06,0.12,5.4383745,16.315125,4683.0,,89
3598248,3598006,39.67971,-90.409164,4.330825,0.48792657,0.06,0.12,7.2180414,21.654125,6742.0,,89
3598414,3598006,39.67097,-90.442825,1.5890455,0.7593777,0.06,0.12,2.6484091,7.9452276,49.0,,89
3599814,3599808,39.413254,-90.27189,2.5287743,0.61864287,0.06,0.12,4.214624,12.643871,1090.0,,89
5914971,5914983,39.30682,-90.233154,2.8279197,0.5888678,0.06,0.12,4.7131996,14.139598,1691.0,,89
2509013,2509045,39.15373,-91.0871,2.6554055,0.60544944,0.06,0.12,4.425676,13.277028,979.0,,89
2929253,2929251,39.350323,-90.95562,2.5651667,0.6147553,0.06,0.12,4.275278,12.825834,709.0,,89
3596746,3596762,39.66029,-90.66918,3.057376,0.5689446,0.06,0.12,5.095627,15.28688,546.0,,89
5914945,5915017,39.3116,-90.22512,3.3164332,0.54889154,0.06,0.12,5.527389,16.582167,1353.0,,89
5914973,5914983,39.30412,-90.2394,3.5981615,0.5294985,0.06,0.12,5.996936,17.990808,1704.0,,89
5915145,5915933,39.24634,-90.13261,3.4478028,0.53956455,0.06,0.12,5.746338,17.239014,319.0,,89
5916031,5915011,39.280975,-90.107475,1.176424,0.8670883,0.06,0.12,1.9607067,5.88212,298.0,,89
3596666,3596680,39.67405,-90.6189,4.7608876,0.4679662,0.055,0.11,7.9348125,30.0,446.0,,89
2508973,2509011,39.156082,-91.01298,3.014864,0.5724701,0.06,0.12,5.0247736,15.07432,569.0,,89
2929023,2930387,39.438553,-90.97638,2.7408502,0.5970487,0.06,0.12,4.568084,13.704251,251.0,,89
3596590,3596588,39.694324,-90.68227,3.5663788,0.53157514,0.06,0.12,5.943965,17.831894,1509.0,,89
3596928,3596882,39.622997,-90.26409,3.6733327,0.52469045,0.06,0.12,6.122221,18.366663,2811.0,,89
3597204,3597184,39.57591,-90.36932,4.2841773,0.49026334,0.06,0.12,7.1402955,21.420887,1122.0,,89
3599904,3599890,39.396107,-90.28728,5.169256,0.45128074,0.06,0.12,8.615427,25.846281,1849.0,,89
2929007,2929015,39.43891,-90.78121,4.8902535,0.46246374,0.055,0.11,8.150422,30.0,3165.0,,89
5915009,5915015,39.2846,-90.20697,6.4914365,0.40813968,0.055,0.11,10.81906,32.457184,171.0,,89
2930509,2929067,39.422592,-90.93871,4.686061,0.4712483,0.06,0.12,7.810101,23.430304,546.0,,89
2930809,2930529,39.400467,-90.963005,4.202835,0.49442708,0.055,0.11,7.004725,30.0,303.0,,89
2929285,2929251,39.34248,-90.96267,4.935745,0.46057838,0.055,0.11,8.226241,30.0,2361.0,,89
5915013,5914991,39.28948,-90.09845,6.5137715,0.40752167,0.055,0.11,10.856286,32.568855,2767.0,,89
3596618,3596644,39.677956,-90.27165,5.528961,0.43808421,0.055,0.11,9.214935,30.0,1063.0,,89
5914925,5914951,39.31297,-90.132645,6.709796,0.40222564,0.055,0.11,11.182993,33.54898,1339.0,,89
2928943,2928949,39.46378,-90.88799,6.642932,0.40400678,0.055,0.11,11.071553,33.21466,714.0,,89
3596790,3596762,39.65336,-90.67158,6.3698277,0.41155913,0.055,0.11,10.61638,31.84914,1324.0,,89
5914985,5914991,39.30011,-90.10347,11.292516,0.3196892,0.055,0.11,18.82086,56.462578,2395.0,,89
3598268,3598294,39.725574,-90.63047,11.515182,0.31694707,0.055,0.11,19.191969,57.57591,217.0,,89
3599724,3599730,39.437176,-90.27483,13.038734,0.30003977,0.05,0.1,21.731224,70.0,1886.0,,89
2509061,2509069,39.153454,-91.10664,13.443794,0.29601735,0.05,0.1,22.406324,70.0,2175.0,,89
5915183,5915933,39.238327,-90.12702,15.470146,0.27823868,0.055,0.11,25.783577,77.35073,2311.0,,89
2930379,2929015,39.44405,-90.79606,11.013977,0.32323113,0.055,0.11,18.356628,55.069885,650.0,,89
2930377,2930387,39.449448,-90.97772,15.951439,0.27450323,0.05,0.1,26.585732,79.757195,2755.0,,89
2509887,2509885,39.02671,-91.16029,16.613934,0.26961914,0.05,0.1,27.689888,83.069664,437.0,,89
3598270,3598294,39.727665,-90.63,64.51308,0.14819053,0.045,0.09,107.5218,322.5654,419.0,,89
2930867,2930511,39.41615,-90.97364,113.67742,0.115419544,0.045,0.09,189.46237,568.3871,1914.0,,89
2930811,2930529,39.403194,-90.96308,1.9056934,0.7008768,0.06,0.12,3.1761556,9.528467,698.0,,89
2930815,2929143,39.405872,-90.958626,1.2339259,0.8490238,0.06,0.12,2.056543,6.1696296,1217.0,,89
2507171,2508943,39.17504,-90.99142,1.7493742,0.7278474,0.06,0.12,2.9156234,8.746871,1813.0,,90
2508901,2509061,39.166348,-91.09879,1.9533957,0.6932736,0.06,0.12,3.2556596,9.766978,1885.0,,90
2508937,2509007,39.167156,-91.085236,1.8309176,0.71336395,0.06,0.12,3.0515294,9.154589,2214.0,,90
2508939,2509007,39.1655,-91.09001,1.2064929,0.8574872,0.06,0.12,2.0108213,6.032464,1467.0,,90
2508971,2508973,39.159424,-91.003075,1.2295406,0.8503584,0.06,0.12,2.0492344,6.147703,1643.0,,90
2509035,2509013,39.153152,-91.07483,1.5369703,0.77062315,0.06,0.12,2.5616171,7.684851,1553.0,,90
2509135,2509083,39.137573,-91.13564,1.6522913,0.746414,0.06,0.12,2.7538188,8.2614565,1687.0,,90
2509155,2509083,39.14238,-91.150925,2.5043573,0.62129664,0.06,0.12,4.173929,12.521787,4885.0,,90
2509881,2509887,39.033127,-91.16617,1.5614547,0.7652685,0.06,0.12,2.6024244,7.8072734,1792.0,,90
2929055,2929007,39.428356,-90.7602,1.8651197,0.70756286,0.06,0.12,3.108533,9.325599,2390.0,,90
2929075,2929049,39.41642,-90.80055,1.7134709,0.73453677,0.06,0.12,2.855785,8.567354,1872.0,,90
2929077,2929049,39.413834,-90.788124,2.1968932,0.6582584,0.06,0.12,3.6614888,10.984467,2677.0,,90
2929109,2929029,39.416885,-90.76837,2.7420433,0.5969341,0.06,0.12,4.570072,13.7102165,5280.0,,90
2929255,2929253,39.353123,-90.96521,1.4105605,0.8003618,0.06,0.12,2.350934,7.052802,1629.0,,90
2929287,2929285,39.343517,-90.97938,1.4229735,0.79727405,0.06,0.12,2.3716226,7.1148677,1838.0,,90
2932075,2929637,39.237392,-91.00402,1.6505184,0.7467676,0.06,0.12,2.750864,8.252592,2253.0,,90
2932077,2929639,39.225048,-91.00525,1.4309776,0.7953035,0.06,0.12,2.3849626,7.1548877,1368.0,,90
3596544,3596538,39.707424,-90.670616,1.4286325,0.79587924,0.06,0.12,2.3810542,7.1431623,1263.0,,90
3596566,3596668,39.70334,-90.63039,1.6289489,0.751114,0.06,0.12,2.7149148,8.144745,1478.0,,90
3596570,3596590,39.703785,-90.68592,2.1486003,0.6647452,0.06,0.12,3.5810006,10.743001,2081.0,,90
3596584,3598248,39.689747,-90.33741,3.5346034,0.5336782,0.06,0.12,5.8910055,17.673018,7427.0,,90
3596656,3598414,39.678154,-90.43844,1.5890455,0.7593777,0.06,0.12,2.6484091,7.9452276,1823.0,,90
3596710,3596712,39.666977,-90.594025,2.6513097,0.6058619,0.06,0.12,4.4188495,13.256549,2630.0,,90
3596796,3596712,39.65825,-90.60021,2.1600287,0.66319126,0.06,0.12,3.6000478,10.800144,2533.0,,90
3596840,3598008,39.641655,-90.20069,3.146135,0.56180656,0.06,0.12,5.2435584,15.730675,4447.0,,90
3596872,3598014,39.62992,-90.213646,2.2015698,0.6576411,0.06,0.12,3.6692832,11.00785,2199.0,,90
3597202,3597204,39.578583,-90.35335,1.756637,0.7265182,0.06,0.12,2.9277282,8.783185,2497.0,,90
3598022,3596928,39.608566,-90.24845,2.048635,0.6788653,0.06,0.12,3.4143918,10.2431755,2327.0,,90
3599850,3599814,39.405563,-90.26179,1.5381922,0.770353,0.06,0.12,2.5636537,7.690961,1778.0,,90
3600922,3599814,39.407875,-90.25108,2.1290698,0.66742855,0.06,0.12,3.5484498,10.645349,3050.0,,90
5914887,5914925,39.318035,-90.119225,1.6558261,0.7457106,0.06,0.12,2.75971,8.27913,1836.0,,90
5914893,5914945,39.325115,-90.219505,1.8209983,0.7150757,0.06,0.12,3.034997,9.104991,2121.0,,90
5914915,5914971,39.330032,-90.24139,2.6859477,0.60240245,0.06,0.12,4.4765797,13.429738,4547.0,,90
5914929,5914985,39.315628,-90.10553,1.9693922,0.69078356,0.06,0.12,3.2823205,9.846961,2584.0,,90
5915089,5915013,39.26855,-90.08972,1.7915009,0.7202463,0.06,0.12,2.9858348,8.957504,2751.0,,90
5915913,5914973,39.3181,-90.263,2.4375443,0.62875307,0.06,0.12,4.062574,12.187722,4162.0,,90
5915939,5915145,39.24743,-90.12197,1.6105412,0.7548894,0.06,0.12,2.6842353,8.052706,1788.0,,90
2508987,2509013,39.159092,-91.08131,2.3724263,0.63630927,0.06,0.12,3.9540439,11.862132,742.0,,90
2928921,2928943,39.470535,-90.88149,2.8878336,0.58344626,0.06,0.12,4.813056,14.439168,1307.0,,90
2928975,2930379,39.448265,-90.78626,2.3062391,0.6443022,0.06,0.12,3.8437319,11.531196,1661.0,,90
2929265,2929253,39.34801,-90.96033,2.35136,0.6388181,0.06,0.12,3.9189334,11.756801,313.0,,90
2930519,2930811,39.405216,-90.96611,1.7426913,0.72907746,0.06,0.12,2.9044855,8.713456,272.0,,90
3596604,3596618,39.68382,-90.26288,2.7010374,0.6009154,0.06,0.12,4.501729,13.505187,1334.0,,90
3596732,3596746,39.66832,-90.673874,2.592039,0.6119353,0.06,0.12,4.3200655,12.960196,1714.0,,90
3596734,3596746,39.663296,-90.67648,2.1558096,0.6637635,0.06,0.12,3.5930161,10.779049,942.0,,90
3600012,3599904,39.3788,-90.27712,3.7139823,0.5221491,0.06,0.12,6.1899705,18.569912,3591.0,,90
5914895,5914945,39.321648,-90.22746,3.0155253,0.5724147,0.06,0.12,5.0258756,15.077626,1054.0,,90
5915911,5914973,39.321354,-90.24641,2.9042785,0.5819864,0.06,0.12,4.8404646,14.521393,2694.0,,90
5915931,5915145,39.250793,-90.13238,3.2386482,0.5546691,0.06,0.12,5.397747,16.193241,656.0,,90
5916033,5916031,39.280293,-90.10583,0.84672725,1.0024722,0.06,0.12,1.4112121,4.2336364,30.0,,90
3596662,3596666,39.67431,-90.60683,3.6399891,0.5268055,0.06,0.12,6.0666485,18.199945,1606.0,,90
3596664,3596666,39.686428,-90.61925,3.8658166,0.5130001,0.06,0.12,6.4430275,19.329082,2916.0,,90
3596792,3596790,39.651413,-90.67969,2.1975043,0.6581776,0.06,0.12,3.6625073,10.987522,635.0,,90
5915007,5915009,39.287342,-90.19776,3.5066254,0.53555256,0.06,0.12,5.8443756,17.533127,1747.0,,90
5915191,5915183,39.2316,-90.11952,2.645356,0.60646313,0.06,0.12,4.4089265,13.22678,274.0,,90
2508979,2508973,39.15575,-91.006424,2.8310363,0.5885817,0.06,0.12,4.718394,14.155182,581.0,,90
2930497,2929023,39.440357,-90.97722,2.7369993,0.5974192,0.06,0.12,4.5616655,13.684996,195.0,,90
3596572,3596590,39.697365,-90.69094,3.0992928,0.5655369,0.06,0.12,5.1654882,15.496465,244.0,,90
3597242,3597204,39.568584,-90.357056,4.1462874,0.4973907,0.06,0.12,6.910479,20.731438,2203.0,,90
3598018,3596928,39.61492,-90.241745,3.1047158,0.5651009,0.06,0.12,5.1745267,15.52358,2389.0,,90
3600926,3599904,39.392582,-90.26157,4.305914,0.48916993,0.06,0.12,7.1765227,21.52957,3084.0,,90
2928999,2929007,39.43778,-90.76384,4.612126,0.47456628,0.055,0.11,7.6868763,30.0,399.0,,90
5915003,5915009,39.292408,-90.2056,6.107635,0.41926223,0.055,0.11,10.179392,30.538176,1972.0,,90
2928961,2930377,39.45848,-90.99054,4.3590736,0.48652905,0.06,0.12,7.265123,21.79537,630.0,,90
3599680,3599724,39.442764,-90.27016,4.9277735,0.46090695,0.055,0.11,8.212955,30.0,535.0,,90
2929157,2930809,39.392742,-90.97481,4.1965795,0.49475208,0.055,0.11,6.9942994,30.0,2569.0,,90
2930777,2930509,39.42483,-90.93644,4.6138635,0.47448742,0.06,0.12,7.6897726,23.069319,109.0,,90
2929291,2929285,39.335793,-90.97404,4.8291736,0.46503523,0.055,0.11,8.048623,30.0,209.0,,90
5915075,5915013,39.276028,-90.07911,6.3760405,0.41138217,0.055,0.11,10.626734,31.880201,2913.0,,90
3596602,3596618,39.680096,-90.26436,5.2661314,0.4475992,0.055,0.11,8.776886,30.0,488.0,,90
3598262,3598270,39.72987,-90.62947,4.583511,0.47587112,0.055,0.11,7.639185,30.0,148.0,,90
5914885,5914925,39.318913,-90.1279,6.6396246,0.40409556,0.055,0.11,11.066041,33.198124,330.0,,90
2928919,2928943,39.47391,-90.89544,6.430823,0.4098324,0.055,0.11,10.718039,32.154114,2535.0,,90
3596818,3596790,39.64844,-90.67969,6.231982,0.41555077,0.055,0.11,10.386637,31.15991,786.0,,90
5914935,5914985,39.307194,-90.097374,11.249281,0.3202307,0.055,0.11,18.7488,56.246403,980.0,,90
3596526,3598268,39.731037,-90.59195,11.508221,0.31703165,0.055,0.11,19.180367,57.5411,7272.0,,90
3599678,3599724,39.44103,-90.266914,12.77129,0.3027957,0.05,0.1,21.285482,70.0,329.0,,90
2509029,2509061,39.154247,-91.11888,13.416576,0.29628214,0.05,0.1,22.360962,70.0,3436.0,,90
5915181,5915183,39.232643,-90.11845,15.430653,0.27855262,0.055,0.11,25.717754,77.15326,61.0,,90
2928977,2930379,39.45442,-90.7897,10.970737,0.32379258,0.055,0.11,18.284563,54.853687,2622.0,,90
2928957,2930377,39.46648,-90.98614,15.819149,0.27551362,0.05,0.1,26.365248,79.09574,1909.0,,90
2509921,2509887,39.024357,-91.16702,16.607237,0.2696671,0.05,0.1,27.678728,83.03619,967.0,,90
3598266,3598270,39.739452,-90.62203,64.50384,0.1481999,0.045,0.09,107.50639,322.5192,2572.0,,90
2931037,2930867,39.42141,-90.9902,113.67711,0.115419686,0.045,0.09,189.46184,568.38556,1334.0,,90
2930813,2930811,39.4084,-90.964874,0.8254645,1.0137833,0.06,0.12,1.3757741,4.127322,542.0,,90
2508933,2508987,39.1665,-91.073105,1.600052,0.7570687,0.06,0.12,2.6667533,8.000259,2224.0,,91
2508935,2508987,39.16609,-91.06523,2.0028465,0.6856691,0.06,0.12,3.3380773,10.014232,3237.0,,91
2508999,2508979,39.15453,-91.001686,1.1784753,0.8664221,0.06,0.12,1.9641255,5.8923764,362.0,,91
2928871,2928919,39.48301,-90.892044,1.3170304,0.82495755,0.06,0.12,2.1950507,6.5851526,1623.0,,91
2928891,2928921,39.473957,-90.86218,2.31529,0.6431898,0.06,0.12,3.8588166,11.57645,2434.0,,91
2928893,2928921,39.484722,-90.87335,1.9477493,0.6941595,0.06,0.12,3.2462487,9.738747,2719.0,,91
2928939,2928977,39.462223,-90.77512,1.5328835,0.7715289,0.06,0.12,2.5548058,7.6644173,1685.0,,91
2928967,2928975,39.45227,-90.763626,2.0810368,0.67418164,0.06,0.12,3.4683948,10.405185,2500.0,,91
2928969,2928961,39.454178,-90.99591,1.3865724,0.8064413,0.06,0.12,2.3109539,6.9328613,792.0,,91
2929119,2930519,39.400127,-90.97431,1.673975,0.7421329,0.06,0.12,2.7899585,8.369875,1688.0,,91
2929213,2929157,39.372772,-90.977356,2.1329606,0.66689116,0.06,0.12,3.5549343,10.664803,2986.0,,91
2929267,2929265,39.35491,-90.97398,1.9686362,0.6909006,0.06,0.12,3.2810605,9.843181,2823.0,,91
2929273,2929265,39.34713,-90.97065,1.710164,0.7351631,0.06,0.12,2.8502734,8.550819,2292.0,,91
2929293,2929291,39.341732,-90.986946,1.6596974,0.7449427,0.06,0.12,2.7661624,8.298488,2732.0,,91
2930383,2928999,39.43171,-90.754074,1.5697136,0.76348954,0.06,0.12,2.6161892,7.848568,2027.0,,91
3596552,3596664,39.699413,-90.60392,2.8842344,0.58376735,0.06,0.12,4.8070574,14.421172,2748.0,,91
3596560,3596526,39.702423,-90.56396,1.6112853,0.7547356,0.06,0.12,2.6854756,8.056427,1775.0,,91
3596574,3596604,39.693462,-90.26289,1.9360998,0.69599915,0.06,0.12,3.2268329,9.680499,1895.0,,91
3596606,3596572,39.693367,-90.700325,1.6068103,0.75566226,0.06,0.12,2.6780171,8.034052,2110.0,,91
3596672,3596602,39.6723,-90.25727,1.6019348,0.756676,0.06,0.12,2.6698914,8.009674,2048.0,,91
3596688,3596732,39.677044,-90.69319,2.026945,0.68206066,0.06,0.12,3.378242,10.134726,2889.0,,91
3596740,3596734,39.665012,-90.69446,2.0305123,0.6815317,0.06,0.12,3.3841872,10.152561,3015.0,,91
3597330,3597242,39.55619,-90.34968,1.7619679,0.7255476,0.06,0.12,2.9366133,8.809839,2050.0,,91
3597996,3596604,39.6948,-90.25094,2.0252762,0.68230855,0.06,0.12,3.3754604,10.126382,2638.0,,91
3599658,3599680,39.456432,-90.269356,1.7343478,0.73062277,0.06,0.12,2.8905797,8.671739,2850.0,,91
3600928,3600012,39.37164,-90.229,3.242289,0.55439425,0.06,0.12,5.4038153,16.211445,6786.0,,91
5914863,5915911,39.34372,-90.26428,2.258371,0.6502918,0.06,0.12,3.7639518,11.291855,3652.0,,91
5914865,5915911,39.331413,-90.26409,1.8484572,0.7103697,0.06,0.12,3.080762,9.242286,1994.0,,91
5914867,5914895,39.34313,-90.22849,2.9258113,0.5800929,0.06,0.12,4.8763523,14.629057,4582.0,,91
5914871,5914885,39.333946,-90.136925,2.6878774,0.6022116,0.06,0.12,4.4797955,13.439386,4828.0,,91
5914975,5915003,39.30344,-90.19553,1.6124004,0.7545053,0.06,0.12,2.687334,8.062002,1910.0,,91
5914993,5915007,39.29902,-90.18694,1.7915009,0.7202463,0.06,0.12,2.9858348,8.957504,1758.0,,91
5915027,5916033,39.27912,-90.103424,0.8348964,1.0087146,0.06,0.12,1.391494,4.174482,530.0,,91
5915093,5915075,39.261536,-90.058365,1.9952604,0.68681806,0.06,0.12,3.325434,9.976302,2602.0,,91
5915123,5915931,39.26338,-90.11266,2.4619513,0.62599546,0.06,0.12,4.103252,12.309756,5483.0,,91
5915125,5915931,39.252182,-90.10392,2.6160607,0.60945,0.06,0.12,4.360101,13.080303,5671.0,,91
5915179,5915181,39.23794,-90.1119,1.7927111,0.7200318,0.06,0.12,2.9878519,8.963555,2822.0,,91
5915267,5915191,39.22859,-90.12975,1.8745921,0.7059833,0.06,0.12,3.1243203,9.37296,2272.0,,91
2509939,2509921,39.02071,-91.171295,1.6763892,0.7416612,0.06,0.12,2.793982,10.0,144.0,,91
3596554,3596664,39.71103,-90.61565,2.9255776,0.58011335,0.06,0.12,4.8759627,14.627888,3016.0,,91
3596658,3596662,39.674362,-90.587364,2.8071797,0.5907833,0.06,0.12,4.6786327,14.035898,1721.0,,91
3596660,3596662,39.68129,-90.591446,2.5181875,0.61978894,0.06,0.12,4.196979,12.590938,2419.0,,91
3596780,3596792,39.656673,-90.686806,1.7981373,0.7190724,0.06,0.12,2.9968956,8.990686,1282.0,,91
3596786,3596792,39.65231,-90.68744,1.5454844,0.76874727,0.06,0.12,2.5758073,7.727422,778.0,,91
3599918,3600926,39.40503,-90.22413,3.754722,0.519642,0.06,0.12,6.25787,18.773611,5469.0,,91
5914995,5915007,39.29175,-90.17834,3.070302,0.5678866,0.06,0.12,5.11717,15.35151,2250.0,,91
5915229,5915191,39.22667,-90.11794,2.2591434,0.65019375,0.06,0.12,3.7652388,11.295716,872.0,,91
2508977,2508979,39.156578,-91.00194,2.7307353,0.59802336,0.06,0.12,4.5512257,13.653677,339.0,,91
2929009,2930497,39.441,-90.97863,2.7115035,0.59989095,0.06,0.12,4.5191727,13.557518,113.0,,91
3596562,3596572,39.702885,-90.70163,2.9301276,0.5797157,0.06,0.12,4.8835464,14.650639,2351.0,,91
3596948,3598018,39.61064,-90.22388,2.624743,0.6085598,0.06,0.12,4.3745713,13.123714,949.0,,91
3597246,3597242,39.564796,-90.344666,3.7790444,0.51816386,0.06,0.12,6.298407,18.895222,506.0,,91
3599932,3600926,39.388447,-90.23938,2.177162,0.66088367,0.06,0.12,3.6286032,10.88581,954.0,,91
3596862,3596818,39.641068,-90.68253,3.1612844,0.5606172,0.06,0.12,5.2688074,15.806422,1011.0,,91
2928995,2928999,39.438305,-90.75674,4.538358,0.4779541,0.055,0.11,7.5639305,30.0,822.0,,91
5914977,5915003,39.304794,-90.20038,6.0154743,0.42208403,0.055,0.11,10.02579,30.077372,1499.0,,91
2928963,2928961,39.459873,-90.99592,4.2897425,0.48998263,0.06,0.12,7.149571,21.448713,870.0,,91
2930507,2931037,39.423943,-90.998764,2.883153,0.583864,0.06,0.12,4.805255,14.415765,251.0,,91
3599660,3599680,39.451733,-90.27342,4.8436623,0.46442103,0.055,0.11,8.07277,30.0,2250.0,,91
2929163,2929157,39.38168,-90.98495,3.7329319,0.52097803,0.055,0.11,6.221553,30.0,651.0,,91
2930503,2930777,39.43095,-90.93929,4.612126,0.47456628,0.06,0.12,7.6868763,23.060629,1428.0,,91
3598272,3598266,39.749954,-90.61537,4.573568,0.47632724,0.06,0.12,7.6226134,22.86784,133.0,,91
5914917,5914935,39.323566,-90.08455,6.246326,0.41512948,0.055,0.11,10.410543,31.23163,4496.0,,91
2929297,2929291,39.334553,-90.97538,4.7342725,0.46912503,0.055,0.11,7.8904543,30.0,164.0,,91
3599698,3599678,39.440094,-90.26051,6.15018,0.4179802,0.055,0.11,10.2503,30.7509,851.0,,91
5915073,5915075,39.2701,-90.057175,6.193333,0.41669282,0.055,0.11,10.322222,30.966665,2482.0,,91
3598002,3596602,39.680294,-90.24735,5.206992,0.4498349,0.055,0.11,8.67832,30.0,3335.0,,91
3598264,3598262,39.73076,-90.63055,4.5818977,0.47594503,0.055,0.11,7.636496,30.0,123.0,,91
5914869,5914885,39.326015,-90.12311,6.475705,0.4085768,0.055,0.11,10.792842,32.378525,1424.0,,91
2508955,2509029,39.1639,-91.12521,9.024691,0.35292318,0.055,0.11,15.041152,50.0,1433.0,,91
2928867,2928919,39.48381,-90.900345,6.277134,0.41422936,0.055,0.11,10.46189,31.38567,208.0,,91
3596830,3596818,39.643635,-90.68603,5.916232,0.42519316,0.055,0.11,9.860387,30.0,2031.0,,91
5914933,5914935,39.310005,-90.085884,10.524746,0.32977578,0.055,0.11,17.541243,52.623726,1776.0,,91
3596532,3596526,39.706024,-90.552704,11.471291,0.31748152,0.055,0.11,19.118818,57.356453,2278.0,,91
3599670,3599678,39.44604,-90.26203,12.243105,0.30849084,0.05,0.1,20.405176,70.0,1711.0,,91
2508957,2509029,39.16087,-91.12601,11.789797,0.31366864,0.05,0.1,19.64966,70.0,695.0,,91
5915201,5915181,39.232014,-90.10868,15.421282,0.2786273,0.055,0.11,25.702135,77.10641,1914.0,,91
2928937,2928977,39.464134,-90.786255,10.939397,0.3242015,0.055,0.11,18.232328,54.696983,905.0,,91
2928903,2928957,39.474,-90.991104,3.0901783,0.5662722,0.06,0.12,5.150297,15.4508915,649.0,,91
2928897,2928957,39.476196,-90.98541,15.764104,0.27593765,0.05,0.1,26.273506,78.82052,575.0,,91
2509923,2509921,39.024548,-91.17275,16.598827,0.26972738,0.05,0.1,27.664713,82.99414,827.0,,91
3598274,3598266,39.760715,-90.609566,64.49427,0.14820959,0.045,0.09,107.490456,322.47137,2692.0,,91
2930505,2931037,39.42493,-90.99863,113.67613,0.115420125,0.045,0.09,189.46022,568.3807,301.0,,91
2508847,2508955,39.17733,-91.12942,1.6083046,0.7553524,0.06,0.12,2.680508,8.041523,2172.0,,92
2509873,2509923,39.03302,-91.17426,1.5213265,0.7741091,0.06,0.12,2.5355444,7.606633,1739.0,,92
2509987,2509939,39.021935,-91.18009,1.21427,0.8550599,0.06,0.12,2.0237832,6.07135,1619.0,,92
2510013,2509939,39.01911,-91.17911,1.4062139,0.8014523,0.06,0.12,2.3436897,7.0310693,1465.0,,92
2928935,2928937,39.4673,-90.80153,2.177991,0.6607727,0.06,0.12,3.6299849,10.889955,2567.0,,92
2929001,2929009,39.447926,-90.982216,1.2456788,0.8454804,0.06,0.12,2.0761313,6.228394,1555.0,,92
2929341,2929297,39.326805,-90.974106,1.5015353,0.77859414,0.06,0.12,2.5025587,7.5076766,1699.0,,92
2930375,2928995,39.447155,-90.75108,1.5813677,0.76100206,0.06,0.12,2.635613,7.906839,1961.0,,92
3596464,3596554,39.724915,-90.611,2.3075364,0.6441423,0.06,0.12,3.8458939,11.537682,762.0,,92
3596530,3596532,39.71452,-90.546875,1.6038134,0.7562849,0.06,0.12,2.6730223,8.019067,2173.0,,92
3596596,3596660,39.686558,-90.57388,1.2837648,0.8343211,0.06,0.12,2.1396081,6.4188247,1669.0,,92
3596598,3596660,39.692165,-90.576515,1.992555,0.6872293,0.06,0.12,3.320925,9.962775,2161.0,,92
3596650,3596658,39.68451,-90.566345,2.638948,0.6071124,0.06,0.12,4.3982463,13.194739,3699.0,,92
3596654,3598002,39.673073,-90.23753,1.8609109,0.7082684,0.06,0.12,3.1015182,9.304555,1829.0,,92
3596748,3596780,39.6623,-90.69712,1.5446775,0.7689244,0.06,0.12,2.5744624,7.7233872,1240.0,,92
3596788,3596786,39.65241,-90.69747,1.3880643,0.80605876,0.06,0.12,2.3134403,6.940321,1197.0,,92
3596908,3596830,39.63704,-90.70261,1.4643981,0.7872443,0.06,0.12,2.4406636,7.3219905,2209.0,,92
3596920,3596862,39.632973,-90.69537,1.8239266,0.714569,0.06,0.12,3.0398777,9.119633,2361.0,,92
3597294,3597246,39.559383,-90.33388,1.8549874,0.70926535,0.06,0.12,3.0916455,9.274937,2075.0,,92
3599852,3599918,39.40502,-90.18636,2.2371275,0.65300894,0.06,0.12,3.728546,11.185637,3057.0,,92
3599886,3599918,39.394665,-90.18198,2.5059364,0.6211239,0.06,0.12,4.176561,12.529682,4576.0,,92
3600908,3599670,39.451347,-90.240746,1.9451722,0.6945651,0.06,0.12,3.2419536,9.725861,2831.0,,92
3600914,3599698,39.43251,-90.24924,1.5006818,0.77878946,0.06,0.12,2.5011363,7.503409,1745.0,,92
5914831,5914917,39.34885,-90.073395,1.7068446,0.7357935,0.06,0.12,2.8447409,8.534223,2436.0,,92
5914961,5914995,39.309483,-90.163956,2.0708027,0.6756496,0.06,0.12,3.4513378,10.354013,2491.0,,92
5914963,5914995,39.308815,-90.17217,1.8586587,0.70864695,0.06,0.12,3.0977645,9.293293,2076.0,,92
5915041,5915073,39.272495,-90.03494,1.9957515,0.6867435,0.06,0.12,3.3262525,9.978758,2223.0,,92
5915295,5915229,39.21727,-90.10766,1.5848317,0.7602678,0.06,0.12,2.641386,7.924158,2134.0,,92
5915305,5915229,39.214085,-90.120514,1.7990386,0.71891344,0.06,0.12,2.9983976,8.995193,2350.0,,92
2507175,2508977,39.156895,-90.99991,2.7181232,0.59924597,0.06,0.12,4.5302052,13.590616,42.0,,92
2508905,2508957,39.17056,-91.13498,2.2761943,0.6480404,0.06,0.12,3.7936573,11.380972,2511.0,,92
2929003,2929009,39.441353,-90.97924,2.6127176,0.6097939,0.06,0.12,4.3545294,13.063588,23.0,,92
2929165,2929163,39.385193,-90.99434,1.8867141,0.70397854,0.06,0.12,3.1445236,9.433571,1314.0,,92
2930499,2930503,39.436626,-90.94013,1.5939977,0.75833595,0.06,0.12,2.6566627,7.9699883,29.0,,92
3596578,3596562,39.69757,-90.71372,2.475274,0.6245067,0.06,0.12,4.125457,12.37637,319.0,,92
3597244,3597246,39.568626,-90.30058,3.5994904,0.52941227,0.06,0.12,5.9991508,17.997452,8131.0,,92
3598158,3596948,39.60946,-90.21675,2.197097,0.65823144,0.06,0.12,3.6618285,10.985485,352.0,,92
3599576,3599660,39.466595,-90.27795,2.9633114,0.5768427,0.06,0.12,4.9388523,14.816557,1303.0,,92
3601034,3599932,39.38944,-90.23171,1.545081,0.7688358,0.06,0.12,2.575135,7.725405,640.0,,92
5914861,5914869,39.342915,-90.11852,2.4973865,0.6220612,0.06,0.12,4.1623106,12.486932,3829.0,,92
5915199,5915201,39.233402,-90.09353,2.7280614,0.5982819,0.06,0.12,4.546769,13.640306,1632.0,,92
2932227,2928963,39.46065,-91.00014,3.070302,0.5678866,0.06,0.12,5.11717,15.35151,137.0,,92
3596898,3596862,39.63532,-90.686584,2.7667375,0.59457767,0.06,0.12,4.6112294,13.833688,865.0,,92
2928859,2928867,39.489544,-90.90037,2.7637393,0.59486216,0.06,0.12,4.606232,13.818697,1091.0,,92
2928881,2928897,39.486404,-90.973694,4.0742416,0.50125206,0.06,0.12,6.790403,20.37121,2523.0,,92
5914921,5914977,39.314137,-90.19394,4.921353,0.46117213,0.06,0.12,8.202255,24.606764,1095.0,,92
2930381,2928995,39.43805,-90.7505,4.4261713,0.4832613,0.055,0.11,7.376952,30.0,246.0,,92
5915907,5914977,39.3248,-90.198296,4.484731,0.48046714,0.06,0.12,7.474552,22.423656,3575.0,,92
2932185,2930507,39.42306,-91.00105,2.8749564,0.58459777,0.06,0.12,4.791594,14.374782,225.0,,92
2932225,2928963,39.46191,-91.00014,3.6008961,0.5293211,0.06,0.12,6.001494,18.00448,145.0,,92
3599578,3599660,39.474804,-90.30274,4.3259087,0.48817113,0.06,0.12,7.209848,21.629543,6878.0,,92
2929191,2929163,39.377308,-90.990234,3.5265722,0.534214,0.055,0.11,5.8776207,30.0,990.0,,92
2930501,2930503,39.43888,-90.940186,4.47,0.48116508,0.06,0.12,7.4499993,22.349998,525.0,,92
3598346,3598272,39.74897,-90.6134,4.5727334,0.4763656,0.06,0.12,7.6212225,22.863668,279.0,,92
5914829,5914917,39.343014,-90.065,6.025435,0.42177606,0.055,0.11,10.042392,30.127174,1325.0,,92
2929307,2929297,39.331345,-90.98005,4.676208,0.4716861,0.055,0.11,7.79368,30.0,1008.0,,92
3600912,3599698,39.44107,-90.25143,6.105619,0.4193233,0.055,0.11,10.176031,30.528095,1520.0,,92
5914941,5914933,39.304474,-90.0799,4.863867,0.46356893,0.06,0.12,8.106444,24.319334,248.0,,92
5915029,5915073,39.28793,-90.029366,6.040488,0.42131203,0.055,0.11,10.06748,30.202438,4315.0,,92
3596428,3598264,39.731243,-90.63229,4.5807233,0.47599885,0.055,0.11,7.634539,30.0,215.0,,92
3596614,3598002,39.678314,-90.23078,4.9556065,0.45976308,0.055,0.11,8.259344,30.0,816.0,,92
5914859,5914869,39.328094,-90.113655,6.2864914,0.41395724,0.055,0.11,10.477486,31.432457,427.0,,92
2508845,2508955,39.17667,-91.11789,8.991575,0.35349604,0.055,0.11,14.985959,50.0,1934.0,,92
2928857,2928867,39.49328,-90.88865,6.0757265,0.42023224,0.055,0.11,10.126211,30.378633,2818.0,,92
3596828,3596830,39.644646,-90.70372,5.8401504,0.42762807,0.055,0.11,9.733584,30.0,1329.0,,92
5914931,5914933,39.305702,-90.075584,10.111465,0.33565575,0.055,0.11,16.852444,50.55733,858.0,,92
3596536,3596532,39.703533,-90.540955,11.425428,0.3180431,0.055,0.11,19.04238,57.12714,1217.0,,92
3600904,3599670,39.45294,-90.252464,12.216703,0.30878478,0.05,0.1,20.361172,70.0,1335.0,,92
2508923,2508957,39.162643,-91.134254,11.752367,0.31410897,0.05,0.1,19.587278,70.0,1000.0,,92
5915241,5915201,39.225243,-90.10081,15.381735,0.27894312,0.055,0.11,25.636225,76.908676,769.0,,92
2928913,2928937,39.468845,-90.78864,10.894351,0.32479224,0.055,0.11,18.157251,54.471756,295.0,,92
2930485,2928903,39.47352,-90.99748,3.0626233,0.56851435,0.06,0.12,5.104372,15.313116,482.0,,92
2928883,2928897,39.48115,-90.98318,15.661664,0.27673244,0.05,0.1,26.102774,78.30832,662.0,,92
3598366,3598274,39.77226,-90.60814,16.08474,0.27349725,0.05,0.1,26.8079,80.4237,131.0,,92
2509901,2509923,39.026318,-91.17911,16.592337,0.2697739,0.05,0.1,27.653894,82.961685,907.0,,92
3598260,3598274,39.7744,-90.60724,64.12267,0.1485879,0.045,0.09,106.871124,320.61337,450.0,,92
2932183,2930505,39.429886,-91.006676,113.67612,0.115420125,0.045,0.09,189.4602,568.3806,1479.0,,92
2507173,2507175,39.163868,-90.99217,1.7610295,0.7257182,0.06,0.12,2.935049,8.805147,2245.0,,93
2507177,2507175,39.15722,-90.98515,2.4303634,0.629572,0.06,0.12,4.050606,12.151817,3132.0,,93
2508819,2508905,39.182034,-91.14623,1.4517555,0.79026157,0.06,0.12,2.4195926,7.2587776,1468.0,,93
2508821,2508905,39.18139,-91.15313,1.4737428,0.7850382,0.06,0.12,2.456238,7.368714,2049.0,,93
2508921,2508923,39.16682,-91.14706,1.8729273,0.70626,0.06,0.12,3.1215453,9.364636,3431.0,,93
2928829,2928859,39.4951,-90.912315,1.6311308,0.75067055,0.06,0.12,2.7185514,8.155654,1673.0,,93
2928879,2928883,39.482204,-90.990036,2.4034467,0.6326729,0.06,0.12,4.0057445,12.017233,1333.0,,93
2928905,2928913,39.47069,-90.77916,1.6822242,0.7405251,0.06,0.12,2.803707,8.41112,1870.0,,93
2928997,2930381,39.439877,-90.73818,1.8943502,0.7027252,0.06,0.12,3.1572502,9.471751,2300.0,,93
2929005,2929003,39.44142,-90.98132,2.342938,0.6398301,0.06,0.12,3.9048967,11.71469,339.0,,93
2929027,2930499,39.438503,-90.9305,1.5939977,0.75833595,0.06,0.12,2.6566627,7.9699883,1690.0,,93
2929051,2929003,39.428696,-90.97378,1.681882,0.7405916,0.06,0.12,2.8031366,8.40941,2890.0,,93
2929223,2929191,39.368126,-90.99167,1.5559012,0.7664724,0.06,0.12,2.5931687,7.779506,1917.0,,93
2931795,2929165,39.38713,-91.00751,1.462605,0.78766996,0.06,0.12,2.437675,7.313025,1356.0,,93
3596424,3596428,39.740314,-90.62975,1.6205318,0.7528327,0.06,0.12,2.7008862,8.102659,2169.0,,93
3596542,3596536,39.70039,-90.52481,2.0238438,0.6825216,0.06,0.12,3.3730729,10.119219,2117.0,,93
3596580,3596578,39.699688,-90.72265,1.4091145,0.800724,0.06,0.12,2.348524,7.0455723,1529.0,,93
3596592,3596578,39.69352,-90.725784,2.1835713,0.66002715,0.06,0.12,3.6392856,10.917857,2623.0,,93
3596952,3598158,39.610844,-90.210464,2.1184077,0.6689085,0.06,0.12,3.5306795,10.592039,1088.0,,93
3597148,3597244,39.580406,-90.257744,1.1397077,0.8793029,0.06,0.12,1.8995129,5.6985383,207.0,,93
3599514,3599576,39.480267,-90.27262,2.0934143,0.67242014,0.06,0.12,3.4890237,10.467072,2422.0,,93
3599516,3599576,39.48005,-90.28431,2.322445,0.64231485,0.06,0.12,3.8707416,11.612225,3218.0,,93
3599744,3600912,39.43386,-90.23649,1.3979316,0.8035437,0.06,0.12,2.329886,6.989658,1931.0,,93
3599922,3601034,39.38838,-90.22615,1.3142743,0.8257203,0.06,0.12,2.1904573,6.5713716,493.0,,93
5914799,5914861,39.359318,-90.12424,1.4834107,0.78277683,0.06,0.12,2.472351,7.417053,442.0,,93
5914815,5914829,39.35916,-90.06528,2.0026026,0.68570596,0.06,0.12,3.337671,10.013013,3164.0,,93
5914891,5914921,39.32711,-90.18618,2.043489,0.679619,0.06,0.12,3.405815,10.217444,2441.0,,93
5914969,5914941,39.301224,-90.07078,1.4281626,0.79599476,0.06,0.12,2.380271,7.140813,1889.0,,93
5915155,5915199,39.243023,-90.081894,1.4728578,0.78524625,0.06,0.12,2.454763,7.364289,1701.0,,93
5915909,5914859,39.336678,-90.10922,1.4829739,0.7828785,0.06,0.12,2.4716232,7.4148693,1956.0,,93
5915929,5915199,39.241417,-90.07448,2.216487,0.6556848,0.06,0.12,3.6941447,11.082435,2537.0,,93
2929309,2929307,39.334976,-90.99208,1.944656,0.6946464,0.06,0.12,3.2410934,9.72328,1738.0,,93
2930865,2928857,39.50005,-90.88056,1.728201,0.7317681,0.06,0.12,2.8803349,8.641005,344.0,,93
2931653,2932227,39.463207,-91.03415,3.0694506,0.5679561,0.06,0.12,5.1157513,15.347253,9474.0,,93
3596802,3596828,39.655193,-90.706215,2.586708,0.6124914,0.06,0.12,4.31118,12.93354,1596.0,,93
3596942,3596898,39.62537,-90.68924,2.7218919,0.5988798,0.06,0.12,4.5364866,13.60946,1918.0,,93
5915249,5915241,39.229942,-90.074135,3.9230165,0.5096866,0.06,0.12,6.5383606,19.615082,5776.0,,93
2928827,2928859,39.496365,-90.90402,2.4586804,0.6263627,0.06,0.12,4.0978007,12.293402,864.0,,93
2928833,2928881,39.495598,-90.954025,3.1432915,0.56203073,0.06,0.12,5.238819,15.716456,2069.0,,93
2928835,2928881,39.496292,-90.96466,2.6300693,0.6080157,0.06,0.12,4.3834486,13.150347,845.0,,93
3596612,3596614,39.677406,-90.22416,1.8306274,0.71341383,0.06,0.12,3.0510457,9.153137,567.0,,93
5914897,5914921,39.32335,-90.177086,4.7602973,0.4679918,0.06,0.12,7.9338284,23.801485,3189.0,,93
5914911,5914931,39.309086,-90.07514,2.3185976,0.64278483,0.06,0.12,3.8643293,11.592988,216.0,,93
5915005,5915029,39.284058,-90.00669,2.833898,0.5883194,0.06,0.12,4.723163,14.16949,1259.0,,93
5916049,5915907,39.338676,-90.20052,2.120592,0.66860443,0.06,0.12,3.53432,10.602961,159.0,,93
2929033,2930381,39.435074,-90.742714,4.293186,0.4898092,0.055,0.11,7.15531,30.0,1363.0,,93
2930495,2930501,39.44259,-90.94142,2.7226982,0.59880155,0.06,0.12,4.5378304,13.613491,379.0,,93
5916047,5915907,39.343018,-90.20494,3.9723923,0.5068819,0.06,0.12,6.6206536,19.861961,1609.0,,93
2931649,2932225,39.46271,-91.00029,3.5970666,0.5295696,0.06,0.12,5.995111,17.985332,48.0,,93
2931693,2932185,39.418484,-91.000946,2.8467677,0.58714455,0.06,0.12,4.7446127,14.233838,821.0,,93
3597688,3599578,39.50536,-90.311035,3.842759,0.51435584,0.06,0.12,6.404598,19.213795,1275.0,,93
2929199,2929191,39.3742,-90.99801,3.2973661,0.5502896,0.055,0.11,5.49561,30.0,692.0,,93
2930493,2930501,39.441338,-90.93992,4.0695677,0.501506,0.06,0.12,6.782613,20.34784,42.0,,93
3596324,3598346,39.74698,-90.608,4.544429,0.47767228,0.06,0.12,7.5740485,22.722145,1071.0,,93
5914813,5914829,39.35061,-90.05279,5.8977423,0.42578074,0.055,0.11,9.829571,30.0,1730.0,,93
2929323,2929307,39.32873,-90.98919,4.4778886,0.4807909,0.055,0.11,7.4631476,30.0,732.0,,93
3599692,3600912,39.440067,-90.23991,6.0451465,0.42116874,0.055,0.11,10.075244,30.225733,539.0,,93
5914987,5915029,39.289387,-90.00395,5.64057,0.4342386,0.06,0.12,9.40095,28.20285,886.0,,93
5914997,5914941,39.289204,-90.05863,4.816288,0.4655837,0.06,0.12,8.027147,24.08144,6796.0,,93
3596426,3596428,39.731495,-90.636856,4.5018,0.47966257,0.055,0.11,7.5030003,30.0,590.0,,93
3596636,3596614,39.672646,-90.22385,4.8294387,0.46502396,0.055,0.11,8.049065,30.0,1081.0,,93
3600900,3600904,39.46917,-90.25579,7.2954917,0.3876458,0.055,0.11,12.159153,50.0,4240.0,,93
2508745,2508845,39.18351,-91.11178,7.116878,0.39190823,0.055,0.11,11.861464,50.0,722.0,,93
5914857,5914859,39.330944,-90.10416,6.2499156,0.41502428,0.055,0.11,10.416526,31.249577,1516.0,,93
2508741,2508845,39.18433,-91.1155,7.045618,0.39365205,0.055,0.11,11.742697,35.22809,141.0,,93
2924275,2928857,39.502216,-90.876495,5.907375,0.42547432,0.055,0.11,9.845625,30.0,599.0,,93
3596814,3596828,39.646935,-90.71456,5.59911,0.43565425,0.055,0.11,9.33185,30.0,1130.0,,93
3598256,3598260,39.776398,-90.60603,8.138622,0.36938635,0.055,0.11,13.56437,40.69311,149.0,,93
5914913,5914931,39.310116,-90.076866,10.058355,0.3364365,0.055,0.11,16.763926,50.29178,251.0,,93
2932179,2932183,39.433277,-91.01696,7.436576,0.3843839,0.055,0.11,12.394293,50.0,651.0,,93
3596534,3596536,39.711964,-90.52307,11.387115,0.3185148,0.055,0.11,18.978523,56.93557,4355.0,,93
3599588,3600904,39.458237,-90.24522,11.21213,0.32069838,0.055,0.11,18.686882,56.06065,648.0,,93
2508949,2508923,39.160442,-91.14165,11.729947,0.3143737,0.05,0.1,19.549911,70.0,699.0,,93
5915297,5915241,39.21657,-90.097466,15.284441,0.27972507,0.055,0.11,25.474068,76.4222,2218.0,,93
2928899,2928913,39.474735,-90.78922,10.878214,0.3250047,0.055,0.11,18.130358,54.39107,1219.0,,93
2932169,2930485,39.479565,-91.004745,3.011112,0.5727847,0.06,0.12,5.01852,15.05556,1539.0,,93
2928869,2928883,39.49132,-90.982574,15.638943,0.27690974,0.05,0.1,26.064905,78.19472,1560.0,,93
3596200,3598366,39.77236,-90.61727,16.084526,0.27349886,0.05,0.1,26.807543,80.42263,1615.0,,93
2509903,2509901,39.024147,-91.186035,16.586658,0.26981464,0.05,0.1,27.64443,82.93329,436.0,,93
2509907,2509901,39.02339,-91.18584,0.6367306,1.1368014,0.06,0.12,1.0612178,3.183653,423.0,,93
3598258,3598260,39.80367,-90.58807,64.07223,0.1486395,0.045,0.09,106.78705,320.36115,6926.0,,93
2932177,2932183,39.43984,-91.023865,113.66313,0.11542595,0.045,0.09,189.43855,568.3157,2275.0,,93
2508737,2508741,39.186382,-91.12279,1.3602018,0.8133019,0.06,0.12,2.267003,6.801009,1396.0,,94
2508773,2508745,39.182083,-91.10113,1.478592,0.7839012,0.06,0.12,2.4643202,7.3929605,1686.0,,94
2509043,2508949,39.155342,-91.148476,1.4337819,0.79461694,0.06,0.12,2.3896363,7.168909,1422.0,,94
2924259,2924275,39.504425,-90.863785,2.218288,0.65544987,0.06,0.12,3.6971464,11.091439,1971.0,,94
2924277,2930865,39.50718,-90.88907,1.657588,0.7453608,0.06,0.12,2.7626467,8.28794,2127.0,,94
2927119,2931653,39.50902,-91.057465,1.91185,0.6998801,0.06,0.12,3.1864166,9.55925,2280.0,,94
2931651,2931649,39.462776,-91.01328,1.432381,0.79495966,0.06,0.12,2.3873017,7.161905,2228.0,,94
2931963,2929309,39.33869,-91.00562,1.5426565,0.76936865,0.06,0.12,2.571094,7.7132826,1011.0,,94
3596474,3596534,39.72413,-90.52376,1.9480066,0.69411904,0.06,0.12,3.2466776,9.740033,3047.0,,94
3596694,3596636,39.662563,-90.215385,2.10388,0.67094237,0.06,0.12,3.5064664,10.519399,2391.0,,94
3596742,3596802,39.673584,-90.71692,2.2939382,0.64582413,0.06,0.12,3.8232303,11.469691,3441.0,,94
3596890,3596814,39.640137,-90.71723,1.396951,0.8037925,0.06,0.12,2.3282516,6.9847546,1710.0,,94
3596998,3596942,39.617527,-90.70539,1.93114,0.6967872,0.06,0.12,3.2185667,9.6557,1939.0,,94
3597012,3596942,39.61438,-90.700134,1.5981648,0.757463,0.06,0.12,2.6636078,7.9908237,1759.0,,94
3597650,3597688,39.517017,-90.32627,2.3477833,0.63924724,0.06,0.12,3.9129722,11.738917,4159.0,,94
3599594,3599588,39.45801,-90.22927,1.8834231,0.70452094,0.06,0.12,3.1390386,9.417116,2895.0,,94
3599780,3599692,39.42835,-90.22876,2.1331763,0.6668614,0.06,0.12,3.5552938,10.665881,3004.0,,94
5914819,5916047,39.35508,-90.20053,1.6336693,0.75015575,0.06,0.12,2.7227821,8.168346,1737.0,,94
5914839,5914857,39.342545,-90.08975,1.6473178,0.7474074,0.06,0.12,2.7455297,8.236589,2158.0,,94
5914853,5914897,39.34149,-90.17315,1.8665186,0.70732886,0.06,0.12,3.1108644,9.332593,2097.0,,94
5914903,5914913,39.31694,-90.07737,1.2697419,0.8383737,0.06,0.12,2.1162364,6.348709,1482.0,,94
5914909,5914911,39.313396,-90.06266,1.6318569,0.7505232,0.06,0.12,2.7197616,8.159285,2690.0,,94
5914967,5914997,39.302677,-90.022835,1.4120035,0.8000008,0.06,0.12,2.3533392,7.060018,1584.0,,94
5915069,5915005,39.27268,-90.016716,1.7394915,0.72966886,0.06,0.12,2.8991525,8.697457,2166.0,,94
5915417,5915297,39.206863,-90.12103,2.3134484,0.64341563,0.06,0.12,3.8557475,11.567243,3756.0,,94
5915925,5915249,39.25021,-90.03131,2.6366622,0.6073445,0.06,0.12,4.394437,13.183311,3752.0,,94
5915927,5915249,39.2556,-90.03941,2.436545,0.62886685,0.06,0.12,4.060908,12.182724,3538.0,,94
2924279,2928827,39.500843,-90.90463,2.3900254,0.6342379,0.06,0.12,3.9833758,11.950127,193.0,,94
2924281,2928833,39.503048,-90.94039,2.916671,0.58089423,0.06,0.12,4.861119,14.583356,879.0,,94
2924283,2928835,39.504665,-90.96464,2.5779243,0.61341125,0.06,0.12,4.2965407,12.889622,1033.0,,94
3596438,3596426,39.731388,-90.641045,2.5768783,0.6135211,0.06,0.12,4.2947974,12.884392,458.0,,94
3598108,3596612,39.678196,-90.220314,1.7311178,0.7312238,0.06,0.12,2.8851964,8.655589,194.0,,94
5914851,5914897,39.358543,-90.154175,4.495008,0.4799822,0.06,0.12,7.49168,22.47504,7179.0,,94
5914919,5914911,39.309788,-90.06729,1.9891015,0.68775547,0.06,0.12,3.3151693,10.0,1186.0,,94
5915045,5915005,39.275772,-90.0058,2.4826875,0.62368333,0.06,0.12,4.1378126,12.413437,1158.0,,94
5916027,5916049,39.341095,-90.19527,2.114684,0.6694279,0.06,0.12,3.5244737,10.573421,1045.0,,94
5916053,5914987,39.286148,-90.00011,2.6313617,0.60788393,0.06,0.12,4.385603,13.156809,1205.0,,94
2928991,2930495,39.45398,-90.945435,2.6954322,0.60146636,0.06,0.12,4.492387,13.477161,2539.0,,94
2929043,2929033,39.429966,-90.732086,3.00058,0.5736708,0.06,0.12,5.0009665,15.0029,1278.0,,94
2929063,2929033,39.42284,-90.73771,3.6347063,0.5271432,0.055,0.11,6.0578437,30.0,1530.0,,94
5914817,5916047,39.36131,-90.20586,3.7629113,0.5191428,0.06,0.12,6.2715187,18.814556,2674.0,,94
2929201,2929199,39.371223,-90.99953,2.7024012,0.60078156,0.06,0.12,4.5040016,13.512005,114.0,,94
2929351,2929323,39.323082,-90.99667,2.600437,0.6110627,0.06,0.12,4.3340616,13.002185,1131.0,,94
2930773,2931693,39.41504,-90.99986,2.6641212,0.6045748,0.06,0.12,4.440202,13.320606,57.0,,94
2932145,2931649,39.470585,-91.017456,3.5124524,0.5351604,0.06,0.12,5.8540874,17.562262,3793.0,,94
3597684,3597688,39.50282,-90.3251,3.376823,0.54453903,0.06,0.12,5.6280384,16.884115,1888.0,,94
5914797,5914813,39.359966,-90.049515,3.4812946,0.5372682,0.06,0.12,5.8021574,17.406473,765.0,,94
2928993,2930493,39.445282,-90.93874,4.0680895,0.5015863,0.06,0.12,6.7801495,20.340448,899.0,,94
2929209,2929199,39.367954,-90.99882,2.3785536,0.6355856,0.06,0.12,3.964256,11.892768,869.0,,94
3598412,3596324,39.75007,-90.60425,4.3543816,0.4867603,0.06,0.12,7.2573023,21.771906,82.0,,94
5914795,5914813,39.36228,-90.03411,5.3848042,0.44322014,0.06,0.12,8.974674,26.92402,2751.0,,94
2929327,2929323,39.326237,-90.9936,4.053808,0.5023652,0.055,0.11,6.756347,30.0,214.0,,94
3599690,3599692,39.44027,-90.23478,5.941796,0.42438513,0.055,0.11,9.902993,30.0,365.0,,94
3600894,3600900,39.492035,-90.24708,5.130271,0.45279047,0.055,0.11,8.550451,30.0,1736.0,,94
5914155,5914987,39.29364,-89.99209,5.4050364,0.44248745,0.06,0.12,9.008394,27.025183,1584.0,,94
5914923,5914997,39.30793,-90.02819,4.2531443,0.4918383,0.06,0.12,7.088574,21.265722,547.0,,94
3596410,3596426,39.736538,-90.63728,0.94012564,0.95724744,0.06,0.12,1.566876,4.7006283,884.0,,94
2928821,2928869,39.49783,-90.98417,4.1304345,0.498232,0.06,0.12,6.884057,20.652172,703.0,,94
3596412,3596426,39.73338,-90.64214,4.148839,0.4972557,0.055,0.11,6.914732,30.0,420.0,,94
3596640,3596636,39.670303,-90.21778,4.6374874,0.47341955,0.055,0.11,7.7291455,30.0,367.0,,94
2928875,2928899,39.481354,-90.791016,4.459714,0.48165435,0.06,0.12,7.432856,22.298569,923.0,,94
3599440,3600900,39.492634,-90.25913,6.1444297,0.41815272,0.055,0.11,10.240716,30.722149,1618.0,,94
2508733,2508745,39.191116,-91.1055,7.082199,0.3927537,0.055,0.11,11.803665,50.0,1446.0,,94
5914841,5914857,39.337006,-90.09867,6.1697307,0.41739535,0.055,0.11,10.282885,30.848652,142.0,,94
2508735,2508741,39.189056,-91.116745,7.0261965,0.39413172,0.055,0.11,11.710327,35.13098,947.0,,94
2924257,2924275,39.50711,-90.87404,5.7766347,0.42969608,0.055,0.11,9.627725,30.0,1062.0,,94
3596816,3596814,39.646465,-90.720924,5.5243044,0.43824708,0.055,0.11,9.207173,30.0,114.0,,94
3596152,3598256,39.77612,-90.581505,8.138205,0.3693947,0.055,0.11,13.563675,40.691025,4057.0,,94
3598360,3598258,39.82876,-90.56707,5.9862723,0.4229912,0.055,0.11,9.97712,50.0,189.0,,94
3596210,3596200,39.780087,-90.63942,9.52265,0.34465894,0.055,0.11,15.871083,50.0,4950.0,,94
5914901,5914913,39.31454,-90.075806,10.04977,0.3365633,0.055,0.11,16.749617,50.24885,751.0,,94
2932181,2932179,39.43112,-91.019745,7.3954353,0.38532582,0.055,0.11,12.325726,50.0,6.0,,94
2932175,2932177,39.446323,-91.036964,7.0246606,0.39416975,0.055,0.11,11.7077675,35.123302,534.0,,94
3597994,3596534,39.724174,-90.500694,11.322217,0.31931895,0.055,0.11,18.870361,56.611088,4505.0,,94
3599580,3599588,39.463383,-90.2385,11.187627,0.32100806,0.055,0.11,18.646046,55.938133,1929.0,,94
2508947,2508949,39.161137,-91.15136,11.714816,0.31455275,0.05,0.1,19.524694,70.0,1677.0,,94
5915359,5915297,39.206547,-90.10141,15.258652,0.27993357,0.055,0.11,25.431086,76.29326,1102.0,05586745,94
2928873,2928899,39.480976,-90.78252,10.589598,0.32888326,0.055,0.11,17.64933,52.947987,1503.0,,94
2931635,2932169,39.488785,-91.01089,2.8312855,0.58855885,0.06,0.12,4.718809,14.156427,2412.0,,94
2928823,2928869,39.498135,-90.98737,15.527527,0.2777846,0.05,0.1,25.879211,77.637634,432.0,,94
3596140,3596200,39.784447,-90.62121,14.8164425,0.28358927,0.05,0.1,24.69407,74.082214,2763.0,,94
2509905,2509903,39.025787,-91.19222,16.585913,0.26982,0.05,0.1,27.643188,82.929565,1241.0,,94
3598362,3598258,39.82946,-90.56584,64.049065,0.14866321,0.045,0.09,106.74844,320.24533,182.0,,94
2932173,2932177,39.456142,-91.0466,113.65192,0.11543097,0.045,0.09,189.41986,568.2596,3127.0,,94
2508661,2508735,39.200226,-91.11783,1.7939197,0.71981776,0.06,0.12,2.9898663,8.969599,2344.0,,95
2509853,2509905,39.042454,-91.18708,2.313817,0.6433704,0.06,0.12,3.8563616,11.569085,2994.0,,95
2924223,2924257,39.51245,-90.8611,1.6920882,0.73861754,0.06,0.12,2.820147,8.460441,2183.0,,95
2924241,2924283,39.51791,-90.964165,2.118189,0.66893893,0.06,0.12,3.5303152,10.590945,2068.0,,95
2924253,2924281,39.51533,-90.9271,2.622144,0.6088258,0.06,0.12,4.37024,13.110721,3287.0,,95
2924271,2924279,39.51042,-90.90409,1.7731549,0.7235246,0.06,0.12,2.9552581,8.865774,2206.0,,95
2924273,2924279,39.50865,-90.91372,1.9211456,0.6983841,0.06,0.12,3.2019093,9.605727,2660.0,,95
2928853,2928875,39.491394,-90.7978,1.5426565,0.76936865,0.06,0.12,2.571094,7.7132826,1949.0,,95
2929329,2929327,39.327732,-90.99839,1.3668873,0.81154454,0.06,0.12,2.2781456,6.834437,912.0,,95
2931639,2932145,39.48342,-91.04015,1.5673625,0.7639946,0.06,0.12,2.6122708,7.8368125,1764.0,,95
3596212,3596210,39.776955,-90.67011,1.8341047,0.71281683,0.06,0.12,3.0568411,9.170523,2250.0,,95
3596446,3596438,39.72828,-90.64464,2.5521326,0.61613846,0.06,0.12,4.2535543,12.760663,504.0,,95
3596498,3597994,39.716534,-90.48429,1.7366018,0.7302042,0.06,0.12,2.8943362,8.683009,2048.0,,95
3596600,3598108,39.680367,-90.21517,1.6064363,0.75573987,0.06,0.12,2.6773937,8.032182,914.0,,95
5914159,5914155,39.292793,-89.97286,2.2815077,0.64737415,0.06,0.12,3.802513,11.407539,2819.0,,95
5914183,5916053,39.279797,-89.98782,2.4692798,0.6251751,0.06,0.12,4.1154666,12.346399,2477.0,,95
5914745,5914851,39.409206,-90.12053,3.689116,0.5236989,0.06,0.12,6.1485267,18.44558,8152.0,,95
5914765,5914795,39.377995,-90.03064,1.5438697,0.7691019,0.06,0.12,2.573116,7.7193484,1854.0,,95
5914825,5916027,39.349678,-90.18568,1.7963321,0.7193911,0.06,0.12,2.993887,8.981661,1776.0,,95
5914937,5914919,39.307285,-90.05377,1.5019617,0.7784966,0.06,0.12,2.5032694,7.5098085,1439.0,,95
5914955,5914923,39.303608,-90.01817,1.4639503,0.78735054,0.06,0.12,2.439917,7.3197513,1938.0,,95
5914965,5914919,39.302425,-90.05767,1.3622657,0.8127581,0.06,0.12,2.270443,6.8113284,1274.0,,95
5915053,5915045,39.268936,-90.00357,1.9991827,0.6862232,0.06,0.12,3.3319712,9.9959135,666.0,,95
5915091,5915045,39.26475,-90.00754,1.6746655,0.7419979,0.06,0.12,2.791109,8.373327,1336.0,,95
2508893,2508947,39.165073,-91.16475,2.1717577,0.6616087,0.06,0.12,3.6195962,10.858789,1510.0,,95
2929041,2929043,39.427013,-90.72533,1.522573,0.7738295,0.06,0.12,2.5376217,7.612865,231.0,,95
2929059,2929043,39.422688,-90.71982,2.5819511,0.612989,0.06,0.12,4.3032517,12.909756,1419.0,,95
2929079,2929063,39.412556,-90.726974,2.9825654,0.5751969,0.06,0.12,4.970942,14.912827,1770.0,,95
2929081,2929063,39.41176,-90.73936,2.3371701,0.6405263,0.06,0.12,3.8952835,11.68585,1536.0,,95
2930491,2928991,39.449787,-90.95785,2.4749508,0.6245427,0.06,0.12,4.124918,12.374754,546.0,,95
2930775,2930773,39.414486,-90.99982,1.5373777,0.770533,0.06,0.12,2.5622962,7.6868887,94.0,,95
3596408,3596412,39.733715,-90.64983,1.7385292,0.72984695,0.06,0.12,2.8975487,10.0,898.0,,95
3599532,3599580,39.4689,-90.23708,1.464,0.78733873,0.06,0.12,2.44,7.32,102.0,,95
3599688,3599690,39.439648,-90.22948,2.7598193,0.59523475,0.06,0.12,4.5996985,13.799096,647.0,,95
3601264,3599440,39.50005,-90.258194,2.188098,0.65942436,0.06,0.12,3.6468298,10.94049,126.0,,95
5914779,5914817,39.366158,-90.19174,3.4757001,0.5376496,0.06,0.12,5.792834,17.378502,319.0,,95
5914837,5914841,39.354885,-90.105576,3.061447,0.56861067,0.06,0.12,5.1024113,15.307234,4509.0,,95
2929087,2930773,39.411587,-90.993744,2.470254,0.62506634,0.06,0.12,4.1170897,12.351269,1335.0,,95
2931843,2929201,39.3705,-91.002205,2.6983058,0.60118365,0.06,0.12,4.4971766,13.491529,375.0,,95
2932143,2932145,39.488724,-91.037315,2.6955693,0.6014529,0.06,0.12,4.492615,13.477846,1984.0,,95
2938497,2929351,39.319588,-91.00014,2.3664446,0.6370184,0.06,0.12,3.9440742,11.832223,60.0,,95
3596088,3596140,39.789528,-90.64027,3.520709,0.53460634,0.06,0.12,5.8678484,17.603546,1222.0,,95
3598254,3597684,39.50133,-90.33578,3.042828,0.57014304,0.06,0.12,5.07138,15.214141,157.0,,95
5914879,5914901,39.31748,-90.07157,2.89238,0.5830415,0.06,0.12,4.8206334,14.4619,385.0,,95
5916025,5914797,39.368816,-90.05348,3.370887,0.54496187,0.06,0.12,5.618145,16.854435,1708.0,,95
2930489,2928993,39.45304,-90.9398,4.0301633,0.50366336,0.06,0.12,6.716939,20.150818,1180.0,,95
2932229,2929209,39.364216,-91.00014,2.2628043,0.64972943,0.06,0.12,3.7713406,11.314022,55.0,,95
3597954,3598412,39.74558,-90.59635,4.3535714,0.48680022,0.06,0.12,7.2559524,21.767857,2131.0,,95
3601266,3600894,39.498592,-90.24039,3.0261755,0.5715251,0.06,0.12,5.043626,15.1308775,348.0,,95
5914763,5914795,39.374474,-90.02255,5.2162485,0.4494826,0.06,0.12,8.6937475,26.081242,583.0,,95
2929337,2929327,39.325512,-90.99747,3.9930654,0.5057224,0.055,0.11,6.655109,30.0,471.0,,95
3596824,3596816,39.646816,-90.72554,3.3229246,0.5484182,0.06,0.12,5.5382075,16.614622,899.0,,95
3599668,3599690,39.44255,-90.22226,5.6941767,0.4324303,0.06,0.12,9.490294,28.470882,1914.0,,95
3607052,3600894,39.496616,-90.2303,4.6503053,0.4728434,0.06,0.12,7.7505093,23.251528,1735.0,,95
5914139,5914155,39.308758,-89.96744,5.1370955,0.45252496,0.06,0.12,8.561826,25.685478,4175.0,,95
5914907,5914923,39.311115,-90.022064,4.1751866,0.4958689,0.06,0.12,6.958644,20.875933,836.0,,95
3596290,3596152,39.761833,-90.55605,4.706204,0.4703574,0.06,0.12,7.8436728,23.53102,3646.0,,95
2924285,2928821,39.50513,-90.98324,4.0863705,0.50059515,0.06,0.12,6.8106174,20.431852,1164.0,,95
3596404,3596412,39.740814,-90.643524,4.0290337,0.50372565,0.055,0.11,6.7150564,30.0,1567.0,,95
3598118,3596640,39.6754,-90.193695,4.632657,0.47363725,0.055,0.11,7.7210946,30.0,4360.0,,95
2928855,2928875,39.483692,-90.800476,4.3632727,0.48632243,0.06,0.12,7.272121,21.816362,832.0,,95
3597678,3599440,39.50629,-90.26144,5.9850492,0.4230293,0.055,0.11,9.975082,30.0,1660.0,,95
2508705,2508733,39.190525,-91.09881,4.645072,0.47307834,0.055,0.11,7.741787,30.0,1894.0,,95
2508645,2508733,39.193977,-91.10037,6.2814054,0.4141051,0.055,0.11,10.469008,50.0,251.0,,95
5914835,5914841,39.34613,-90.09403,5.889702,0.4260371,0.055,0.11,9.81617,30.0,2124.0,,95
2508663,2508735,39.192883,-91.13246,6.9695086,0.3955428,0.055,0.11,11.615848,34.847546,2544.0,,95
2924225,2924257,39.51171,-90.87589,5.700873,0.43220612,0.055,0.11,9.501454,30.0,748.0,,95
3598276,3598362,39.830334,-90.56501,6.577258,0.40578157,0.055,0.11,10.962097,32.88629,119.0,,95
3596848,3596816,39.643253,-90.72391,5.0664296,0.4552988,0.06,0.12,8.444049,25.332148,796.0,,95
3596138,3596152,39.778694,-90.557,7.3304234,0.38682976,0.055,0.11,12.217372,36.65212,183.0,,95
3598358,3598360,39.828876,-90.56856,5.984991,0.42303112,0.055,0.11,9.974985,50.0,66.0,,95
5915445,5915359,39.198174,-90.09141,7.889484,0.37448785,0.055,0.11,13.14914,39.447422,3463.0,,95
2928845,2928873,39.49059,-90.779884,7.0184884,0.39432263,0.055,0.11,11.697481,35.09244,750.0,,95
3596230,3596210,39.767906,-90.67245,9.4552555,0.3457406,0.055,0.11,15.7587595,50.0,1940.0,,95
5914881,5914901,39.32914,-90.06479,9.959418,0.33790696,0.055,0.11,16.59903,50.0,2865.0,,95
2931679,2932181,39.423805,-91.02135,7.3954353,0.38532582,0.055,0.11,12.325726,50.0,1949.0,,95
2931657,2932175,39.444077,-91.045906,7.0182962,0.3943274,0.055,0.11,11.69716,35.09148,1250.0,,95
3596460,3597994,39.72999,-90.46955,11.270252,0.31996766,0.055,0.11,18.783754,56.35126,6614.0,,95
3599530,3599580,39.46867,-90.236374,11.175761,0.32115838,0.055,0.11,18.626268,55.878803,55.0,,95
2508929,2508947,39.16143,-91.16495,11.663488,0.31516272,0.05,0.1,19.439148,70.0,1868.0,,95
5915361,5915359,39.20412,-90.08949,14.470448,0.286561,0.055,0.11,24.117413,72.352234,1559.0,,95
2930371,2928873,39.48601,-90.77468,9.351365,0.34742996,0.055,0.11,15.585608,50.0,986.0,,95
2931621,2931635,39.493603,-91.017715,2.6080525,0.61027485,0.06,0.12,4.346754,13.040262,87.0,,95
2931623,2931635,39.49315,-91.016556,0.5235973,1.2392707,0.06,0.12,0.8726622,2.6179864,261.0,,95
2924287,2928823,39.502285,-90.98806,15.526168,0.2777953,0.05,0.1,25.876945,77.63084,525.0,,95
3596086,3596140,39.793503,-90.62806,14.736357,0.28426817,0.05,0.1,24.560595,73.681786,1500.0,,95
2509855,2509905,39.034916,-91.19308,16.562653,0.2699871,0.05,0.1,27.60442,82.813255,812.0,,95
3598278,3598362,39.854416,-90.582214,64.02208,0.14869085,0.045,0.09,106.70347,320.1104,6359.0,,95
2932171,2932173,39.470394,-91.059586,112.84496,0.11579441,0.045,0.09,188.07495,564.22485,780.0,,95
4872015,2932173,39.467087,-91.06065,30.423452,0.20646088,0.05,0.1,50.705753,152.11726,465.0,,95
2508619,2508663,39.198547,-91.14678,1.7477875,0.7281388,0.06,0.12,2.9129791,8.738937,1871.0,,96
2508623,2508645,39.204754,-91.11022,1.7663348,0.7247557,0.06,0.12,2.9438913,8.831674,3154.0,,96
2508793,2508705,39.185432,-91.085915,1.3845782,0.8069535,0.06,0.12,2.3076303,6.922891,1557.0,,96
2508863,2508893,39.175575,-91.16722,1.6808548,0.74079126,0.06,0.12,2.8014245,8.404274,1420.0,,96
2924219,2924225,39.51846,-90.86475,1.8580947,0.7087418,0.06,0.12,3.0968246,9.290474,2705.0,,96
2924243,2924285,39.509144,-90.98805,0.4287506,1.3534963,0.06,0.12,0.71458435,2.143753,118.0,,96
2928851,2928855,39.48914,-90.80762,1.2161993,0.85446125,0.06,0.12,2.0269988,6.080996,1665.0,,96
2928971,2930491,39.46264,-90.96103,1.8847958,0.70429456,0.06,0.12,3.1413262,9.423979,2506.0,,96
2929039,2929041,39.43022,-90.717674,1.5002548,0.7788873,0.06,0.12,2.5004246,7.5012736,1447.0,,96
2929057,2929059,39.423588,-90.70702,1.465293,0.7870321,0.06,0.12,2.4421551,7.326465,1623.0,,96
2929073,2929059,39.415627,-90.70568,2.0851033,0.6736012,0.06,0.12,3.4751723,10.425517,1620.0,,96
2929107,2929081,39.402042,-90.745125,1.3327998,0.82063705,0.06,0.12,2.221333,6.6639986,1105.0,,96
2929125,2929081,39.39772,-90.73938,1.6234691,0.7522315,0.06,0.12,2.7057817,8.117346,1705.0,,96
2929133,2929079,39.39912,-90.71621,2.147536,0.6648905,0.06,0.12,3.5792267,10.73768,2477.0,,96
2929149,2929079,39.395313,-90.73008,2.1107278,0.6699812,0.06,0.12,3.5178795,10.553638,2951.0,,96
2930367,2930371,39.490334,-90.75655,2.047234,0.67907023,0.06,0.12,3.4120567,10.236171,2709.0,,96
2931727,2930775,39.40968,-91.00358,1.5316533,0.7718022,0.06,0.12,2.5527556,7.6582665,1422.0,,96
2931845,2931843,39.37643,-91.00817,1.5767261,0.7619896,0.06,0.12,2.627877,7.8836308,1710.0,,96
3596026,3596086,39.79891,-90.63741,1.7845116,0.72148955,0.06,0.12,2.974186,8.922558,605.0,,96
3596064,3596088,39.805786,-90.673416,2.8829124,0.58388543,0.06,0.12,4.8048544,14.414562,7114.0,,96
3596422,3596408,39.733273,-90.66138,1.2019109,0.85892785,0.06,0.12,2.0031848,6.0095544,1354.0,,96
3596442,3596408,39.73107,-90.65515,0.7654698,1.0480999,0.06,0.12,1.2757831,3.8273492,541.0,,96
3596922,3596848,39.63396,-90.72406,1.6336693,0.75015575,0.06,0.12,2.7227821,8.168346,1844.0,,96
3597942,3596460,39.743378,-90.448586,1.8047265,0.717913,0.06,0.12,3.0078773,9.023632,2470.0,,96
3597950,3596290,39.740307,-90.5422,1.6621519,0.7444572,0.06,0.12,2.7702532,8.31076,2436.0,,96
3598046,3601264,39.51135,-90.24824,2.1829526,0.66010964,0.06,0.12,3.6382544,10.914763,4036.0,,96
3599708,3599688,39.43972,-90.216866,1.3153782,0.82541454,0.06,0.12,2.192297,6.5768905,1917.0,,96
3599802,3599668,39.42903,-90.19233,2.9894156,0.574615,0.06,0.12,4.9823594,14.947078,6343.0,,96
3599816,3599688,39.423508,-90.20926,2.6266167,0.6083682,0.06,0.12,4.3776946,13.133083,5116.0,,96
5914767,5914837,39.383217,-90.10979,2.2236738,0.65474904,0.06,0.12,3.706123,11.118369,3023.0,,96
5914775,5914779,39.37475,-90.18813,2.1091852,0.6701973,0.06,0.12,3.5153086,10.545926,2155.0,,96
5914777,5914779,39.376526,-90.159676,3.1609828,0.5606408,0.06,0.12,5.268305,15.804914,6836.0,,96
5914809,5914835,39.357674,-90.0786,1.6274911,0.7514108,0.06,0.12,2.7124853,8.137456,2158.0,,96
5914847,5914881,39.33882,-90.04592,1.8856184,0.70415896,0.06,0.12,3.1426973,9.428092,2217.0,,96
5914877,5914879,39.325455,-90.05818,1.6777656,0.7413927,0.06,0.12,2.796276,8.388828,3793.0,,96
5914939,5914907,39.307743,-90.01231,1.4675258,0.7865037,0.06,0.12,2.4458764,7.3376293,1709.0,,96
5915323,5915361,39.215805,-90.080536,1.6212671,0.75268203,0.06,0.12,2.7021117,8.106336,2058.0,,96
5915473,5915445,39.186916,-90.10274,1.9102476,0.70013905,0.06,0.12,3.183746,9.551238,1998.0,,96
2508995,2508929,39.160507,-91.17549,2.5807593,0.6131139,0.06,0.12,4.3012657,12.903796,883.0,,96
2929131,2929087,39.39899,-90.99179,2.1368375,0.6663571,0.06,0.12,3.561396,10.684188,1847.0,,96
2931617,2932143,39.497425,-91.04514,1.6120288,0.754582,0.06,0.12,2.686715,8.060144,591.0,,96
2931665,2931657,39.435833,-91.050766,1.5345207,0.7711656,0.06,0.12,2.5575345,7.6726036,1090.0,,96
2931685,2931679,39.41872,-91.02438,2.0338306,0.68104094,0.06,0.12,3.3897178,10.169153,77.0,,96
2931857,2931843,39.368362,-91.005844,2.4687927,0.62522954,0.06,0.12,4.1146545,12.343963,527.0,,96
2932007,2938497,39.318874,-91.001076,2.359192,0.6378816,0.06,0.12,3.9319863,11.795959,291.0,,96
2932141,2932143,39.495987,-91.04937,1.4684172,0.786293,0.06,0.12,2.447362,7.3420854,976.0,,96
3596076,3596088,39.790386,-90.65102,2.5178747,0.6198229,0.06,0.12,4.196458,12.589374,671.0,,96
3596384,3597954,39.739296,-90.58706,2.3117886,0.64361936,0.06,0.12,3.852981,11.558943,872.0,,96
3597686,3598254,39.50365,-90.339714,2.5490828,0.61646354,0.06,0.12,4.2484713,12.745415,959.0,,96
3598364,3596138,39.77908,-90.55653,3.4490767,0.53947663,0.06,0.12,5.748461,17.245382,105.0,,96
3598394,3598254,39.500496,-90.336975,2.2220807,0.6549561,0.06,0.12,3.7034678,11.110403,125.0,,96
5914129,5914139,39.309208,-89.94305,3.2140076,0.55654114,0.06,0.12,5.3566794,16.070038,1107.0,,96
5914753,5914763,39.383347,-90.007195,2.832157,0.588479,0.06,0.12,4.7202616,14.160784,3191.0,,96
5914875,5914879,39.319576,-90.05426,2.6663616,0.6043507,0.06,0.12,4.443936,13.331807,3181.0,,96
5916021,5916025,39.37681,-90.05241,2.9612586,0.5770191,0.06,0.12,4.935431,14.806293,103.0,,96
5916023,5916025,39.376728,-90.053024,1.3974414,0.803668,0.06,0.12,2.3290691,6.987207,69.0,,96
3597652,3597678,39.50383,-90.271385,2.1574993,0.66353416,0.06,0.12,3.595832,10.787497,667.0,,96
3599528,3599530,39.469196,-90.23607,2.0352497,0.68083143,0.06,0.12,3.3920827,10.176249,95.0,,96
2928959,2930489,39.458237,-90.9458,3.8327549,0.5149477,0.06,0.12,6.3879247,19.163774,471.0,,96
2931879,2932229,39.36359,-91.00138,2.261457,0.6499002,0.06,0.12,3.7690947,11.307284,257.0,,96
3596344,3597954,39.74313,-90.579865,3.817409,0.51585996,0.06,0.12,6.362348,19.087046,1218.0,,96
3597676,3601266,39.50952,-90.238495,3.0136511,0.57257175,0.06,0.12,5.022752,15.068255,2386.0,,96
5914755,5914763,39.39895,-90.0222,4.8805804,0.4628679,0.06,0.12,8.1343,24.4029,5700.0,,96
2928819,2928845,39.49605,-90.78493,3.9648933,0.5073046,0.06,0.12,6.6081557,19.824467,919.0,,96
2931985,2929337,39.32396,-91.003494,3.983525,0.5062564,0.055,0.11,6.6392083,30.0,667.0,,96
3597672,3607052,39.501015,-90.21864,4.5164824,0.478974,0.06,0.12,7.5274706,22.58241,703.0,,96
3598136,3596824,39.65089,-90.72784,3.2344224,0.5549887,0.06,0.12,5.390704,16.172112,118.0,,96
3599650,3599668,39.44811,-90.19679,5.3338585,0.44508284,0.06,0.12,8.889765,26.669294,2905.0,,96
5914115,5914139,39.32276,-89.931946,4.1671457,0.49629077,0.06,0.12,6.945243,20.835728,4314.0,,96
5914889,5914907,39.31429,-90.01359,4.0782924,0.50103235,0.06,0.12,6.797154,20.391462,833.0,,96
3597948,3596290,39.74764,-90.53312,4.416789,0.4837139,0.06,0.12,7.3613153,22.083946,1910.0,,96
3596364,3596404,39.741238,-90.63508,3.980121,0.5064474,0.055,0.11,6.633535,30.0,224.0,,96
3598116,3598118,39.664036,-90.178505,3.9459593,0.5083771,0.06,0.12,6.576599,19.729797,797.0,,96
3598120,3598118,39.662155,-90.18345,2.5431154,0.6171014,0.06,0.12,4.2385254,12.715576,406.0,,96
937110061,2924285,39.50906,-90.98954,3.8624804,0.5131955,0.06,0.12,6.4374676,19.312403,346.0,,96
2928863,2928855,39.482548,-90.806885,4.2679014,0.4910873,0.06,0.12,7.113169,21.339508,319.0,,96
3597620,3597678,39.509064,-90.27362,5.792222,0.42918557,0.055,0.11,9.653703,30.0,1398.0,,96
2508689,2508705,39.19269,-91.08653,4.542838,0.47774607,0.055,0.11,7.571397,30.0,1061.0,,96
2508621,2508645,39.199314,-91.09592,6.228265,0.41566014,0.055,0.11,10.380442,50.0,1218.0,,96
5914807,5914835,39.353756,-90.08703,5.777259,0.4296756,0.055,0.11,9.628764,30.0,334.0,,96
3598280,3598278,39.882107,-90.58113,5.408264,0.44237092,0.06,0.12,9.013774,27.04132,123.0,,96
2508579,2508663,39.203224,-91.139534,6.8611264,0.3982873,0.055,0.11,11.435211,34.305634,857.0,,96
2924221,2924225,39.518276,-90.876724,5.6160293,0.43507475,0.055,0.11,9.360048,30.0,1406.0,,96
3595730,3598276,39.83895,-90.56362,6.5769916,0.4057888,0.055,0.11,10.961653,32.884956,2031.0,,96
3596900,3596848,39.638554,-90.732414,4.986378,0.45850918,0.06,0.12,8.310631,24.93189,1422.0,,96
3595748,3598358,39.82962,-90.57108,5.984904,0.42303383,0.055,0.11,9.97484,50.0,397.0,,96
3596236,3596230,39.768627,-90.686905,7.7587814,0.37725803,0.055,0.11,12.931302,50.0,1772.0,,96
3607044,3596138,39.778885,-90.555916,7.0482054,0.39358827,0.055,0.11,11.747008,35.241028,10.0,,96
5915469,5915445,39.184887,-90.09134,7.7719026,0.3769769,0.055,0.11,12.953171,38.859512,408.0,,96
2928817,2928845,39.495773,-90.78151,6.5269637,0.40715808,0.055,0.11,10.878272,32.63482,511.0,,96
3596284,3596230,39.759476,-90.68412,7.118542,0.39186782,0.055,0.11,11.864237,35.59271,2412.0,,96
5914849,5914881,39.33586,-90.04035,9.90276,0.33875853,0.055,0.11,16.504599,50.0,2579.0,,96
2931699,2931679,39.415237,-91.02226,7.3156414,0.3871744,0.055,0.11,12.192736,50.0,1080.0,,96
2931661,2931657,39.438343,-91.05604,6.8472958,0.39864203,0.055,0.11,11.412159,34.236477,1209.0,,96
2509861,2509855,39.03077,-91.20046,0.9505962,0.95258135,0.06,0.12,1.5843271,4.752981,891.0,,96
3596430,3596460,39.730724,-90.43168,11.185006,0.32104123,0.055,0.11,18.641678,55.925034,3939.0,,96
3599548,3599530,39.469646,-90.228386,11.150207,0.3214829,0.055,0.11,18.583677,55.75103,1630.0,,96
2508907,2508929,39.165768,-91.180145,11.607301,0.31583488,0.05,0.1,19.3455,70.0,1343.0,,96
5915367,5915361,39.206367,-90.08194,14.458474,0.28666568,0.055,0.11,24.097458,72.29237,1725.0,,96
2928877,2930371,39.48124,-90.76423,9.302319,0.34823692,0.055,0.11,15.503863,50.0,1306.0,,96
2931619,2931621,39.497875,-91.01794,2.6061528,0.61047107,0.06,0.12,4.343588,13.030764,964.0,,96
2924371,2924287,39.506393,-90.99159,15.524456,0.27780885,0.05,0.1,25.874092,77.62228,597.0,,96
3596024,3596086,39.801258,-90.633736,14.721665,0.28439328,0.05,0.1,24.536108,73.60832,909.0,,96
2509843,2509855,39.033962,-91.20072,16.558666,0.27001578,0.05,0.1,27.597776,82.79333,698.0,,96
937130075,3598278,39.887783,-90.57816,64.00607,0.14870726,0.045,0.09,106.67679,320.03036,1300.0,,96
2932209,2932171,39.475998,-91.06209,112.84486,0.115794465,0.045,0.09,188.07475,564.2243,603.0,,96
2938517,2932171,39.473404,-91.06372,1.0790881,0.900763,0.06,0.12,1.7984803,5.3954406,317.0,,96
4869809,4872015,39.469547,-91.06649,30.423098,0.20646194,0.05,0.1,50.705162,152.1155,759.0,,96
2508779,2508689,39.1829,-91.081276,1.2750356,0.8368363,0.06,0.12,2.1250594,6.375178,1511.0,,97
2509103,2508995,39.14855,-91.18041,1.9834026,0.6886266,0.06,0.12,3.305671,9.917013,2383.0,,97
2509131,2508995,39.14676,-91.173325,1.9991827,0.6862232,0.06,0.12,3.3319712,9.9959135,2955.0,,97
2924195,2924221,39.522907,-90.896065,1.9394791,0.69546384,0.06,0.12,3.2324653,9.697395,3094.0,,97
2927115,2931617,39.505665,-91.046234,1.5028137,0.77830184,0.06,0.12,2.5046895,7.5140686,1205.0,,97
2927117,2932141,39.502987,-91.05198,0.93265927,0.9606207,0.06,0.12,1.5544322,4.663296,741.0,,97
2928907,2928863,39.46906,-90.81946,2.5289292,0.6186261,0.06,0.12,4.214882,12.644647,3852.0,,97
2930369,2928877,39.489986,-90.74784,2.3259153,0.64189184,0.06,0.12,3.8765254,11.629576,3694.0,,97
2931681,2931661,39.427433,-91.06262,1.7138009,0.73447436,0.06,0.12,2.856335,8.569004,1930.0,,97
2931687,2931685,39.422245,-91.03184,1.6494528,0.74698037,0.06,0.12,2.749088,8.247264,1903.0,,97
2931695,2931685,39.41467,-91.03429,1.5606637,0.7654396,0.06,0.12,2.6011062,7.803318,2574.0,,97
2931733,2931699,39.40759,-91.01719,1.5924771,0.7586553,0.06,0.12,2.6541286,7.9623857,1348.0,,97
2931787,2929131,39.394302,-91.007744,1.6448201,0.7479079,0.06,0.12,2.7413669,8.2241,1554.0,,97
2931859,2931857,39.37114,-91.015175,1.3103968,0.82679737,0.06,0.12,2.1839945,6.551984,1670.0,,97
2931885,2931879,39.362076,-91.00106,0.73598915,1.0664184,0.06,0.12,1.2266486,3.679946,215.0,,97
2931923,2931857,39.360596,-91.01768,2.2883043,0.6465252,0.06,0.12,3.8138404,11.441522,2431.0,,97
2932027,2932007,39.312134,-91.004234,1.6914115,0.7387479,0.06,0.12,2.819019,8.457058,1740.0,,97
2932037,2932007,39.308563,-91.01413,1.9781712,0.6894294,0.06,0.12,3.296952,9.890857,3344.0,,97
2932189,2931665,39.430546,-91.04955,1.1604619,0.87233,0.06,0.12,1.9341033,5.8023095,203.0,,97
3595966,3596024,39.80688,-90.65695,2.000894,0.6859642,0.06,0.12,3.3348234,10.004471,3955.0,,97
3596066,3596076,39.793537,-90.67117,2.1956701,0.6584201,0.06,0.12,3.6594503,10.978351,3314.0,,97
3596114,3596076,39.785572,-90.66279,1.6522913,0.746414,0.06,0.12,2.7538188,8.2614565,2113.0,,97
3596190,3596236,39.78215,-90.68959,1.7951267,0.7196042,0.06,0.12,2.9918778,8.975634,2224.0,,97
3596456,3596384,39.732185,-90.58271,1.9405167,0.69529974,0.06,0.12,3.2341945,9.702583,1534.0,,97
3596468,3596430,39.724373,-90.407555,2.1249478,0.66799945,0.06,0.12,3.5415797,10.62474,3190.0,,97
3596938,3596900,39.626648,-90.72976,1.5878984,0.75961965,0.06,0.12,2.6464972,7.939492,1734.0,,97
3597534,3597676,39.52795,-90.22922,2.2918756,0.64608055,0.06,0.12,3.8197925,11.459377,2931.0,,97
3597614,3597686,39.516018,-90.344246,1.9464616,0.6943621,0.06,0.12,3.2441027,9.732308,2339.0,,97
3597616,3597686,39.508698,-90.350975,1.9177032,0.6989369,0.06,0.12,3.1961718,9.588515,1702.0,,97
3597632,3597672,39.515633,-90.21816,1.8948933,0.7026363,0.06,0.12,3.1581554,9.474466,2974.0,,97
3597890,3598364,39.80257,-90.542046,3.4478028,0.53956455,0.06,0.12,5.746338,17.239014,6634.0,,97
3597952,3596344,39.75281,-90.572754,2.763609,0.59487456,0.06,0.12,4.6060147,13.818045,2134.0,,97
3599410,3598394,39.496895,-90.34449,2.2142818,0.6559728,0.06,0.12,3.6904697,11.071409,1478.0,,97
3599512,3599528,39.47896,-90.23376,1.6116573,0.75465876,0.06,0.12,2.6860952,8.058286,2617.0,,97
3599776,3599650,39.4298,-90.1674,2.9020252,0.58218575,0.06,0.12,4.8367085,14.510126,4958.0,,97
5913943,5914753,39.404457,-89.99274,2.3209808,0.64249355,0.06,0.12,3.8683012,11.604904,2334.0,,97
5914153,5914129,39.304535,-89.928215,2.9035673,0.5820493,0.06,0.12,4.839279,14.517837,2462.0,,97
5914161,5914129,39.299812,-89.947365,1.4860263,0.7821687,0.06,0.12,2.4767103,7.4301314,2277.0,,97
5914733,5914755,39.425503,-90.01843,1.6505184,0.7467676,0.06,0.12,2.750864,8.252592,1389.0,,97
5914751,5916021,39.395676,-90.0451,2.9571445,0.57737315,0.06,0.12,4.928574,14.785722,5300.0,,97
5914757,5916023,39.38222,-90.05673,1.39646,0.8039171,0.06,0.12,2.3274336,6.9823003,1404.0,,97
5914805,5914807,39.368267,-90.09557,1.8361272,0.7124703,0.06,0.12,3.060212,9.180635,3687.0,,97
5914873,5914875,39.321877,-90.02714,1.7455615,0.72854835,0.06,0.12,2.909269,8.727807,1954.0,,97
5914899,5914875,39.31544,-90.03351,1.4820995,0.78308225,0.06,0.12,2.470166,7.4104977,1446.0,,97
5914905,5914889,39.310898,-90.00563,1.5121251,0.7761838,0.06,0.12,2.5202086,7.560626,1099.0,,97
937110060,937110061,39.510574,-90.99456,1.2667823,0.8392373,0.06,0.12,2.1113038,6.3339114,569.0,,97
2931981,2931985,39.32515,-91.00743,2.682495,0.60274434,0.06,0.12,4.470825,13.412476,131.0,,97
3596316,3597948,39.74732,-90.51402,1.9841478,0.68851244,0.06,0.12,3.306913,9.920739,1580.0,,97
3597654,3597652,39.504364,-90.279366,1.7417325,0.7292545,0.06,0.12,2.9028876,8.708663,910.0,,97
3597680,3597652,39.50138,-90.27478,1.5890455,0.7593777,0.06,0.12,2.6484091,7.9452276,369.0,,97
3597986,3597948,39.738636,-90.51231,2.927446,0.57995,0.06,0.12,4.8790765,14.63723,2642.0,,97
3598130,3598120,39.6596,-90.18567,1.9930475,0.68715435,0.06,0.12,3.3217459,9.965238,403.0,,97
3598134,3598136,39.651775,-90.72906,1.7905923,0.72040755,0.06,0.12,2.9843204,8.952961,186.0,,97
3599520,3599528,39.46964,-90.2369,1.6011822,0.7568329,0.06,0.12,2.668637,8.005911,153.0,,97
5914067,5914115,39.33876,-89.9084,2.7450876,0.59664196,0.06,0.12,4.575146,13.725438,1669.0,,97
5914845,5914849,39.335552,-90.028,2.500718,0.6216954,0.06,0.12,4.167864,12.503592,401.0,,97
5915411,5915367,39.198025,-90.07584,2.401734,0.6328719,0.06,0.12,4.00289,12.00867,1215.0,,97
2508535,2508579,39.207706,-91.147675,3.1704068,0.55990493,0.06,0.12,5.2840114,15.852035,2698.0,,97
2928805,2928817,39.498688,-90.77772,1.402815,0.8023084,0.06,0.12,2.3380249,7.014075,921.0,,97
2928951,2928959,39.464203,-90.949875,1.9161103,0.6991932,0.06,0.12,3.193517,9.580551,1438.0,,97
2928953,2928959,39.46104,-90.938896,3.620777,0.5280369,0.06,0.12,6.034628,18.103884,1191.0,,97
2931901,2931879,39.36073,-91.00243,2.1835713,0.66002715,0.06,0.12,3.6392856,10.917857,459.0,,97
3596184,3607044,39.771885,-90.540825,3.5097463,0.5353424,0.06,0.12,5.8495774,17.548733,3255.0,,97
3596342,3596344,39.743027,-90.57181,3.0232184,0.5717716,0.06,0.12,5.0386972,15.116092,151.0,,97
3597536,3597676,39.518826,-90.23343,1.830337,0.7134638,0.06,0.12,3.0505617,9.151685,331.0,,97
5914731,5914755,39.432472,-90.00573,4.3374176,0.48759925,0.06,0.12,7.229029,21.687088,2977.0,,97
5915537,5915469,39.177643,-90.0965,3.9747784,0.5067476,0.06,0.12,6.6246305,19.873892,1752.0,,97
2924263,2928819,39.5078,-90.794685,3.9394777,0.5087459,0.06,0.12,6.565796,19.697388,2605.0,,97
2931999,2931985,39.322426,-91.00949,3.456108,0.5389921,0.06,0.12,5.76018,17.28054,1029.0,,97
3596350,3596364,39.742474,-90.64184,2.4969099,0.6221136,0.06,0.12,4.161516,12.484549,1202.0,,97
3597630,3597672,39.511257,-90.20553,4.364509,0.48626164,0.06,0.12,7.274182,21.822546,2911.0,,97
3597958,3596284,39.752445,-90.68855,3.5724146,0.5311788,0.06,0.12,5.9540243,17.862074,1353.0,,97
3598132,3598136,39.65184,-90.72791,3.022999,0.5717899,0.06,0.12,5.038332,15.114995,109.0,,97
3599510,3599548,39.473705,-90.22287,2.719605,0.5991019,0.06,0.12,4.532675,13.598025,629.0,,97
3599638,3599650,39.447342,-90.1747,4.7948413,0.46650133,0.06,0.12,7.991402,23.974205,1031.0,,97
5914073,5914115,39.333336,-89.90527,2.755232,0.5956718,0.06,0.12,4.5920534,13.77616,1753.0,,97
5914883,5914889,39.31654,-90.0043,3.963209,0.5073997,0.06,0.12,6.605348,19.816044,977.0,,97
3597946,3597948,39.751564,-90.52006,3.4653845,0.5383551,0.06,0.12,5.7756405,17.326921,1088.0,,97
3597574,3597620,39.51537,-90.278114,5.3090568,0.44599897,0.055,0.11,8.848428,30.0,268.0,,97
3597956,3596364,39.746357,-90.63274,3.5980053,0.52950865,0.06,0.12,5.9966755,17.990026,1026.0,,97
3598386,3598116,39.663895,-90.17352,3.8938491,0.51136744,0.06,0.12,6.4897485,19.469246,63.0,,97
3598400,3598120,39.661213,-90.18562,1.9539075,0.69319344,0.06,0.12,3.2565124,9.769537,73.0,,97
937110044,937110061,39.513306,-90.98626,3.8049614,0.51660377,0.06,0.12,6.3416023,19.024807,1477.0,,97
2928861,2928863,39.4866,-90.81263,3.9222891,0.5097283,0.06,0.12,6.5371485,19.611446,1126.0,,97
3597590,3597620,39.514843,-90.29663,3.3702657,0.5450062,0.06,0.12,5.6171093,16.851328,4083.0,,97
2508553,2508621,39.203804,-91.09129,4.684187,0.47133145,0.055,0.11,7.8069787,30.0,523.0,,97
2508687,2508689,39.18986,-91.08269,4.476456,0.48085877,0.055,0.11,7.4607606,30.0,176.0,,97
3595740,3595748,39.83004,-90.57336,3.9170575,0.51002854,0.055,0.11,6.5284295,30.0,52.0,,97
937130059,937130075,39.894062,-90.57181,3.1990454,0.55768806,0.055,0.11,5.3317423,30.0,569.0,,97
2508599,2508621,39.199787,-91.07856,5.0822363,0.45467353,0.055,0.11,8.470393,50.0,2856.0,,97
5914803,5914807,39.358105,-90.086914,5.7061806,0.4320287,0.055,0.11,9.510301,30.0,681.0,,97
3595256,3598280,39.886055,-90.60248,5.4074135,0.44240162,0.06,0.12,9.012356,27.037067,3914.0,,97
2508539,2508579,39.206642,-91.135086,6.5987444,0.4051981,0.055,0.11,10.997908,32.99372,540.0,,97
2924181,2924221,39.524124,-90.879745,5.455054,0.4406929,0.055,0.11,9.091756,30.0,116.0,,97
3598092,3595730,39.84959,-90.564766,6.493525,0.40808174,0.055,0.11,10.822541,32.467625,401.0,,97
3596914,3596900,39.630856,-90.73563,4.820236,0.46541545,0.06,0.12,8.033727,24.101181,396.0,,97
3595734,3595748,39.83174,-90.57703,5.328099,0.44529504,0.055,0.11,8.880165,30.0,744.0,,97
3596136,3607044,39.787685,-90.54919,6.725806,0.40180296,0.055,0.11,11.209677,33.629032,2327.0,,97
3596192,3596236,39.77655,-90.69282,7.6903377,0.37873566,0.055,0.11,12.817229,50.0,456.0,,97
5915563,5915469,39.171597,-90.08748,7.3823977,0.38562587,0.055,0.11,12.303996,36.911987,3997.0,,97
2928807,2928817,39.498882,-90.78213,6.4996095,0.40791318,0.055,0.11,10.832683,32.498047,253.0,,97
3596318,3596284,39.750397,-90.69689,6.745831,0.4012763,0.055,0.11,11.243052,33.729156,1834.0,,97
2508877,2508907,39.171787,-91.18554,8.267866,0.36682764,0.055,0.11,13.779777,50.0,726.0,,97
5914833,5914849,39.33948,-90.02663,9.805507,0.34023672,0.055,0.11,16.342512,50.0,636.0,,97
2931713,2931699,39.40906,-91.02357,7.2680097,0.3882918,0.055,0.11,12.113349,50.0,471.0,,97
2931667,2931661,39.430943,-91.06483,6.751643,0.40112385,0.055,0.11,11.252739,33.758217,1067.0,,97
3596386,3596430,39.732113,-90.42032,11.127421,0.32177314,0.055,0.11,18.545702,55.637108,457.0,,97
2509851,2509843,39.03347,-91.20411,7.9913177,0.37237495,0.055,0.11,13.318863,39.95659,291.0,,97
3599540,3599548,39.468803,-90.22122,11.084254,0.3223254,0.055,0.11,18.473757,55.421272,588.0,,97
2508961,2508907,39.161903,-91.18892,9.9146,0.33857998,0.055,0.11,16.524334,50.0,1929.0,,97
5915363,5915367,39.206417,-90.07294,14.428037,0.28693235,0.055,0.11,24.046728,72.14018,1284.0,,97
2930373,2928877,39.47257,-90.750046,9.230136,0.34943578,0.055,0.11,15.38356,50.0,1974.0,,97
2927113,2931619,39.506195,-91.02454,2.501827,0.62157387,0.06,0.12,4.1697116,12.509134,1863.0,,97
2924247,2924371,39.509727,-90.99709,15.521772,0.27783,0.05,0.1,25.869621,77.608864,624.0,,97
3595964,3596024,39.811665,-90.64783,14.706045,0.28452653,0.05,0.1,24.510075,73.53022,5477.0,,97
2509833,2509843,39.035954,-91.20495,15.869295,0.2751292,0.05,0.1,26.448824,79.34647,294.0,,97
4869883,4869809,39.475132,-91.07815,30.401201,0.20652753,0.05,0.1,50.66867,152.00601,1749.0,,97
937130074,937130075,39.903084,-90.55262,64.00267,0.14871074,0.045,0.09,106.67112,320.01334,4638.0,,97
2932165,2932209,39.479534,-91.06202,112.84483,0.11579447,0.045,0.09,188.07472,564.2241,196.0,,97
2932211,2938517,39.476444,-91.065994,0.95163107,0.9521242,0.06,0.12,1.5860517,4.7581553,565.0,,97
2932223,4869809,39.472317,-91.06964,3.6832218,0.5240685,0.055,0.11,6.1387033,30.0,70.0,,97
2508527,2508553,39.21324,-91.08862,1.5794369,0.7614123,0.06,0.12,2.632395,7.897185,2169.0,,98
2508595,2508535,39.204212,-91.16223,1.5138062,0.7758034,0.06,0.12,2.5230105,7.5690312,1483.0,,98
2508787,2508687,39.185356,-91.0727,1.6216345,0.7526068,0.06,0.12,2.7027242,8.108172,2089.0,,98
2924175,2924181,39.531494,-90.86392,2.2832105,0.6471611,0.06,0.12,3.805351,11.416053,3564.0,,98
2928837,2928861,39.489162,-90.82946,1.6798263,0.7409913,0.06,0.12,2.7997105,8.399132,2270.0,,98
2928895,2930373,39.473812,-90.73401,1.4177476,0.79856926,0.06,0.12,2.3629127,7.088738,1901.0,,98
2928931,2928953,39.477886,-90.941795,2.695295,0.6014798,0.06,0.12,4.492159,13.476476,2701.0,,98
2931751,2931713,39.40249,-91.02262,1.2843428,0.83415544,0.06,0.12,2.1405714,6.421714,1383.0,,98
2931907,2931901,39.358032,-91.00168,1.0887233,0.8972373,0.06,0.12,1.814539,5.443617,413.0,,98
2931979,2931981,39.333546,-91.0205,2.2869859,0.6466896,0.06,0.12,3.811643,11.434929,3078.0,,98
2931987,2931981,39.325714,-91.022865,1.9150469,0.6993644,0.06,0.12,3.1917448,9.575234,2839.0,,98
2932005,2931999,39.320232,-91.02725,1.6859789,0.7397971,0.06,0.12,2.809965,8.429894,2531.0,,98
3595700,3595734,39.83766,-90.58687,1.176424,0.8670883,0.06,0.12,1.9607067,5.88212,1537.0,,98
3595806,3595964,39.830814,-90.66799,1.5479004,0.7682177,0.06,0.12,2.579834,7.739502,1792.0,,98
3596160,3596192,39.783257,-90.71215,2.0866807,0.67337656,0.06,0.12,3.477801,10.433403,3527.0,,98
3596292,3597946,39.757923,-90.51094,1.6358391,0.74971664,0.06,0.12,2.7263985,8.179195,1927.0,,98
3596380,3597958,39.74043,-90.697365,1.9153128,0.69932157,0.06,0.12,3.192188,9.576564,2426.0,,98
3596744,3598130,39.65217,-90.183876,1.9248394,0.6977925,0.06,0.12,3.2080657,9.624197,1414.0,,98
3596784,3598134,39.657047,-90.736916,1.7372447,0.730085,0.06,0.12,2.895408,8.686224,1633.0,,98
3597004,3596914,39.61903,-90.73735,1.8667982,0.7072821,0.06,0.12,3.1113303,9.333991,2425.0,,98
3597502,3597590,39.52858,-90.31998,1.6614515,0.74459565,0.06,0.12,2.7690856,8.307257,1759.0,,98
3597512,3597630,39.528786,-90.19505,1.8670776,0.7072354,0.06,0.12,3.111796,9.335388,2661.0,,98
3597548,3597574,39.517574,-90.28877,1.4581034,0.7887419,0.06,0.12,2.4301724,7.290517,2085.0,,98
3597642,3597654,39.506058,-90.28761,1.2726882,0.8375169,0.06,0.12,2.121147,6.3634405,708.0,,98
3597944,3597986,39.738476,-90.47816,2.4291906,0.629706,0.06,0.12,4.048651,12.145953,4266.0,,98
3597960,3596318,39.74741,-90.70826,1.9285196,0.6972047,0.06,0.12,3.2141993,9.642598,2501.0,,98
3597964,3596316,39.743988,-90.49044,1.8192369,0.7153811,0.06,0.12,3.0320613,9.096184,2878.0,,98
3599404,3597680,39.497246,-90.283844,1.4490185,0.7909198,0.06,0.12,2.4150307,7.245092,1618.0,,98
3599484,3599510,39.482082,-90.23088,1.538599,0.77026314,0.06,0.12,2.5643318,7.692995,1928.0,,98
3599518,3599540,39.473293,-90.21611,1.4425925,0.7924721,0.06,0.12,2.404321,7.2129626,1501.0,,98
3599522,3599520,39.477848,-90.242,1.575173,0.762321,0.06,0.12,2.6252882,7.875865,2326.0,,98
3599702,3599638,39.43502,-90.1429,3.1415625,0.56216717,0.06,0.12,5.2359376,15.707812,5887.0,,98
5914481,5914067,39.359676,-89.89422,2.5375826,0.61769456,0.06,0.12,4.2293043,12.687913,4593.0,,98
5914843,5914845,39.3375,-90.01458,1.4375044,0.79370844,0.06,0.12,2.3958406,7.187522,2228.0,,98
5914855,5914845,39.329163,-90.01464,2.2974925,0.6453832,0.06,0.12,3.8291543,11.487462,2717.0,,98
5915303,5915363,39.21678,-90.067184,1.6079314,0.75542974,0.06,0.12,2.6798856,8.039657,2007.0,,98
5915471,5915411,39.18859,-90.0645,1.9814129,0.6889316,0.06,0.12,3.3023548,9.907064,2428.0,,98
5915553,5915537,39.17014,-90.11656,2.1225543,0.6683317,0.06,0.12,3.5375905,10.612772,2702.0,,98
5915561,5915563,39.17373,-90.066956,2.228242,0.6541565,0.06,0.12,3.7137368,11.141211,2663.0,,98
2508503,2508535,39.214176,-91.173615,2.8384895,0.5878994,0.06,0.12,4.730816,14.192448,2883.0,,98
2508513,2508539,39.210064,-91.130516,2.2950618,0.64568466,0.06,0.12,3.8251028,11.475308,998.0,,98
2509041,2508961,39.155094,-91.199425,2.7720664,0.5940731,0.06,0.12,4.620111,13.8603325,955.0,,98
2924207,2924263,39.518784,-90.80861,2.134039,0.6667425,0.06,0.12,3.5567315,10.670195,1170.0,,98
2927105,2927113,39.51199,-91.04069,1.7990386,0.71891344,0.06,0.12,2.9983976,8.995193,1482.0,,98
2928929,2928953,39.46679,-90.930664,2.894648,0.5828399,0.06,0.12,4.8244133,14.47324,1289.0,,98
2930487,2928951,39.465286,-90.9582,1.4890665,0.78146374,0.06,0.12,2.4817774,7.4453325,176.0,,98
2930863,2928805,39.500057,-90.77237,1.0273083,0.9205181,0.06,0.12,1.7121805,5.1365414,153.0,,98
2931669,2931667,39.433037,-91.07765,2.4135027,0.6315086,0.06,0.12,4.0225043,12.067513,1972.0,,98
2931911,2931901,39.357277,-91.00462,2.0018706,0.6858166,0.06,0.12,3.3364513,10.009354,460.0,,98
3596208,3596184,39.768486,-90.514694,1.9266812,0.69749814,0.06,0.12,3.2111354,9.633406,1834.0,,98
3596348,3596350,39.744747,-90.65599,1.8905396,0.7033497,0.06,0.12,3.1508994,9.452698,1578.0,,98
3596360,3596342,39.741333,-90.57069,2.8620882,0.5857559,0.06,0.12,4.770147,14.310441,390.0,,98
3596376,3596386,39.73978,-90.42537,2.7502348,0.596149,0.06,0.12,4.5837245,13.751174,2032.0,,98
3597892,3596184,39.776516,-90.49807,2.8021066,0.5912549,0.06,0.12,4.670178,14.010533,4702.0,,98
3598190,3597536,39.522892,-90.23622,1.8011382,0.7185436,0.06,0.12,3.0018969,9.005691,826.0,,98
5914719,5914731,39.447563,-90.002205,2.611844,0.60988384,0.06,0.12,4.3530736,13.05922,658.0,,98
5914721,5914731,39.46487,-90.016754,3.4551778,0.5390561,0.06,0.12,5.75863,17.275888,5556.0,,98
5914789,5914803,39.375145,-90.094055,2.6279125,0.60823584,0.06,0.12,4.379854,13.139563,3617.0,,98
5915587,5915537,39.167454,-90.10698,3.5743167,0.531054,0.06,0.12,5.9571943,17.871584,1431.0,,98
2508587,2508599,39.201767,-91.05801,3.6957343,0.523285,0.055,0.11,6.159557,30.0,2051.0,,98
2924205,2924263,39.525467,-90.80333,3.2974586,0.5502828,0.06,0.12,5.4957643,16.487293,2356.0,,98
2932013,2931999,39.316532,-91.016266,3.2610383,0.5529857,0.06,0.12,5.435064,16.305191,1030.0,,98
3595172,3595256,39.89186,-90.627335,2.485256,0.6233989,0.06,0.12,4.142093,12.42628,2305.0,,98
3596312,3597956,39.7514,-90.64017,1.4526657,0.7900431,0.06,0.12,2.4211094,7.263328,1268.0,,98
3596400,3597958,39.740643,-90.6877,3.2382646,0.5546981,0.06,0.12,5.3971076,16.191322,1696.0,,98
3596782,3598132,39.655823,-90.72818,3.014864,0.5724701,0.06,0.12,5.0247736,15.07432,902.0,,98
3597514,3597630,39.52759,-90.20777,4.0971537,0.5000135,0.06,0.12,6.8285894,20.48577,1553.0,,98
3597984,3596350,39.74098,-90.65371,1.9043498,0.70109487,0.06,0.12,3.1739163,10.0,1148.0,,98
3599482,3599510,39.485794,-90.21416,2.489099,0.62297404,0.06,0.12,4.1484985,12.445495,3600.0,,98
3599630,3599638,39.45072,-90.16625,4.2300205,0.49302268,0.06,0.12,7.050034,21.150103,650.0,,98
4869793,4869883,39.481285,-91.08466,2.766477,0.59460235,0.06,0.12,4.610795,13.832385,74.0,,98
5914057,5914073,39.351357,-89.88541,2.4642358,0.62573934,0.06,0.12,4.1070595,12.321179,3954.0,,98
5914095,5914883,39.324768,-89.99315,3.8810637,0.51211,0.06,0.12,6.4684396,19.40532,1852.0,,98
3596020,3596136,39.796886,-90.52511,3.554888,0.53233254,0.06,0.12,5.9248133,17.774439,3097.0,,98
3596296,3597946,39.750458,-90.50842,3.252689,0.5536115,0.06,0.12,5.4211483,16.263445,1087.0,,98
2924209,937110044,39.525257,-90.97912,3.7618358,0.51920825,0.06,0.12,6.2697263,18.80918,1741.0,,98
3596310,3597956,39.754803,-90.628334,3.4410794,0.5400294,0.06,0.12,5.735132,17.205397,1538.0,,98
3597546,3597574,39.52034,-90.27527,5.265982,0.4476048,0.055,0.11,8.776637,30.0,1229.0,,98
3598122,3598400,39.661167,-90.186485,1.9480066,0.69411904,0.06,0.12,3.2466776,9.740033,74.0,,98
3598384,3598386,39.663486,-90.17278,3.8738272,0.5125318,0.06,0.12,6.456379,19.369137,93.0,,98
2928831,2928861,39.494137,-90.821625,3.7300174,0.5211576,0.06,0.12,6.216696,18.650087,1325.0,,98
3597494,3597590,39.52872,-90.31069,2.6036642,0.61072844,0.06,0.12,4.3394403,13.018321,897.0,,98
2508529,2508553,39.22461,-91.106705,4.607534,0.4747749,0.055,0.11,7.679223,30.0,7016.0,,98
2508673,2508687,39.191715,-91.07312,4.3970604,0.4846702,0.055,0.11,7.3284345,30.0,2186.0,,98
3595926,3595740,39.816948,-90.58411,3.916925,0.5100362,0.055,0.11,6.5282083,30.0,3336.0,,98
937130058,937130059,39.89636,-90.57073,3.1835494,0.558884,0.055,0.11,5.305916,30.0,73.0,,98
2508589,2508599,39.19879,-91.067,4.174835,0.4958873,0.055,0.11,6.9580584,30.0,178.0,,98
3598088,3598092,39.850452,-90.56162,4.9580417,0.45966345,0.06,0.12,8.263402,24.790207,207.0,,98
5914787,5914803,39.364323,-90.0831,5.4886336,0.43950137,0.055,0.11,9.147723,30.0,931.0,,98
5914823,5914833,39.352917,-90.022446,6.357135,0.41192147,0.055,0.11,10.595224,31.785673,2924.0,,98
3595128,3595256,39.898956,-90.61992,5.0801153,0.45475727,0.06,0.12,8.466859,25.400578,1408.0,,98
2508515,2508539,39.20987,-91.13651,6.4879775,0.40823564,0.055,0.11,10.813295,32.439888,218.0,,98
2924177,2924181,39.52987,-90.88437,5.307035,0.44607392,0.055,0.11,8.845058,30.0,1618.0,,98
3598090,3598092,39.861496,-90.558876,5.2298274,0.4489673,0.055,0.11,8.716379,30.0,2747.0,,98
3596930,3596914,39.6288,-90.73946,4.7116303,0.47011828,0.06,0.12,7.8527174,23.558151,623.0,,98
3595698,3595734,39.84581,-90.59172,5.2907696,0.44667843,0.055,0.11,8.817949,30.0,3502.0,,98
3596006,3596136,39.813046,-90.52379,6.128395,0.41863504,0.055,0.11,10.213992,30.641977,4785.0,,98
3596158,3596192,39.779892,-90.69605,7.6270614,0.38011867,0.055,0.11,12.711769,50.0,535.0,,98
5915591,5915563,39.16446,-90.077385,7.2292814,0.38920814,0.055,0.11,12.048802,36.146408,750.0,,98
2924261,2928807,39.504047,-90.78057,6.497624,0.40796816,0.055,0.11,10.829373,32.488117,933.0,,98
3596288,3596318,39.75917,-90.70451,6.6459274,0.40392643,0.055,0.11,11.076546,33.229637,1264.0,,98
2508837,2508877,39.17408,-91.189255,1.0942683,0.8952286,0.06,0.12,1.8237804,5.4713416,210.0,,98
2508839,2508877,39.173595,-91.189476,8.25472,0.36708528,0.055,0.11,13.757866,50.0,147.0,,98
2931721,2931713,39.407413,-91.02617,0.26140678,1.6836839,0.06,0.12,0.43567798,1.3070339,151.0,,98
5914821,5914833,39.343513,-90.01933,8.765975,0.35748118,0.055,0.11,14.609959,50.0,1285.0,,98
2931717,2931713,39.40879,-91.02685,7.249669,0.38872486,0.055,0.11,12.082782,50.0,374.0,,98
2931671,2931667,39.42763,-91.06957,6.6098814,0.40489677,0.055,0.11,11.016469,33.049404,111.0,,98
3596382,3596386,39.734406,-90.416145,11.063927,0.32258654,0.055,0.11,18.439878,55.319633,1041.0,,98
2509917,2509851,39.027573,-91.20919,7.9903374,0.3723951,0.055,0.11,13.317229,39.951687,1641.0,,98
3599542,3599540,39.468067,-90.21703,11.070169,0.32250628,0.055,0.11,18.450283,55.35085,392.0,,98
2508993,2508961,39.162098,-91.21129,9.805987,0.3402294,0.055,0.11,16.343311,50.0,3117.0,,98
3598060,937130074,39.9212,-90.53633,13.817846,0.29245496,0.055,0.11,23.029745,69.08923,119.0,,98
5915329,5915363,39.206802,-90.06714,14.416582,0.2870329,0.055,0.11,24.027636,72.08291,888.0,,98
2928911,2930373,39.468067,-90.73758,9.14825,0.35081226,0.055,0.11,15.247082,50.0,659.0,,98
2927103,2927113,39.515373,-91.03251,1.0926896,0.895799,0.06,0.12,1.8211493,5.463448,1156.0,,98
2927101,2924247,39.512318,-91.01195,15.518022,0.27785966,0.05,0.1,25.863369,77.59011,2091.0,,98
3595718,3595964,39.84231,-90.65375,14.672138,0.2848164,0.05,0.1,24.453564,73.360695,2535.0,,98
2509819,2509833,39.037964,-91.20478,15.86861,0.27513444,0.05,0.1,26.447683,79.343056,195.0,,98
2509821,2509833,39.0379,-91.205345,0.42383698,1.3603966,0.06,0.12,0.706395,2.119185,158.0,,98
4869791,4869883,39.48227,-91.08798,30.390913,0.20655838,0.05,0.1,50.65152,151.95456,672.0,,98
3598062,937130074,39.921776,-90.53693,63.7613,0.14895885,0.045,0.09,106.26884,318.8065,177.0,,98
2932231,2932165,39.48366,-91.0622,112.84481,0.11579449,0.045,0.09,188.07468,564.22406,729.0,,98
2932163,2932165,39.480614,-91.06453,0.7221187,1.0754074,0.06,0.12,1.203531,3.6105933,458.0,,98
2931647,2932211,39.4796,-91.0664,0.57739973,1.1869308,0.06,0.12,0.9623329,2.8869987,140.0,,98
2932221,2932223,39.47462,-91.070465,3.6822503,0.5241295,0.055,0.11,6.1370835,30.0,473.0,,98
2508439,2508503,39.2289,-91.18671,1.5673625,0.7639946,0.06,0.12,2.6122708,7.8368125,1809.0,,99
2508441,2508503,39.22323,-91.19591,1.6801692,0.7409246,0.06,0.12,2.800282,8.4008465,2029.0,,99
2508493,2508513,39.21465,-91.11857,1.5015353,0.77859414,0.06,0.12,2.5025587,7.5076766,1728.0,,99
2508495,2508513,39.22005,-91.12444,1.8062176,0.7176514,0.06,0.12,3.0103626,9.031088,1893.0,,99
2508501,2508515,39.221283,-91.13892,1.9431057,0.6948909,0.06,0.12,3.2385097,9.7155285,2444.0,,99
2508567,2508589,39.204453,-91.06442,1.462156,0.78777665,0.06,0.12,2.4369268,7.31078,1516.0,,99
2508771,2508673,39.185738,-91.063416,1.2071446,0.85728294,0.06,0.12,2.0119078,6.035723,1313.0,,99
2508867,2508993,39.176517,-91.21226,1.5848317,0.7602678,0.06,0.12,2.641386,7.924158,1594.0,,99
2509077,2509041,39.145267,-91.21042,2.1752942,0.66113394,0.06,0.12,3.6254904,10.876471,2623.0,,99
2509133,2509041,39.141987,-91.19667,1.9274695,0.69737226,0.06,0.12,3.212449,9.637347,2116.0,,99
2509797,2509819,39.04629,-91.202354,1.9030045,0.7013135,0.06,0.12,3.1716743,9.515022,2503.0,,99
2924139,2924205,39.536236,-90.80153,1.6469615,0.7474787,0.06,0.12,2.7449358,8.234807,158.0,,99
2924151,2924177,39.535603,-90.90503,2.3708458,0.63649637,0.06,0.12,3.9514096,11.854229,2490.0,,99
2924169,2924209,39.53458,-90.97137,1.4868962,0.78196675,0.06,0.12,2.4781601,7.4344807,1877.0,,99
2924185,2924207,39.52308,-90.82045,1.841021,0.71163416,0.06,0.12,3.0683682,9.205105,1391.0,,99
2924229,2924261,39.51646,-90.785576,1.9290442,0.697121,0.06,0.12,3.2150738,9.645221,2827.0,,99
2927091,2927105,39.518414,-91.041145,1.4508443,0.7904805,0.06,0.12,2.418074,7.2542214,1249.0,,99
2928803,2930863,39.499672,-90.77046,0.8731516,0.9889727,0.06,0.12,1.4552526,4.365758,199.0,,99
2928909,2928911,39.473988,-90.72331,1.8751464,0.7058912,0.06,0.12,3.125244,9.375732,2780.0,,99
2928925,2928929,39.480667,-90.9217,2.0021148,0.6857797,0.06,0.12,3.3368578,10.010573,3114.0,,99
2928927,2928929,39.467197,-90.91229,1.6715541,0.7426069,0.06,0.12,2.7859235,8.357771,2084.0,,99
2928933,2930487,39.46816,-90.96325,1.4453533,0.791804,0.06,0.12,2.4089222,7.2267666,1114.0,,99
2931659,2931669,39.44288,-91.089424,1.4081489,0.8009662,0.06,0.12,2.3469148,7.0407443,1755.0,,99
2931663,2931669,39.435783,-91.096756,1.9387003,0.6955871,0.06,0.12,3.231167,9.693501,2099.0,,99
2931673,2931671,39.429493,-91.078896,1.3301067,0.82136965,0.06,0.12,2.2168446,6.6505337,1798.0,,99
2931725,2931717,39.409214,-91.033485,1.2991935,0.8299353,0.06,0.12,2.1653225,6.4959674,1838.0,,99
2931925,2931911,39.3548,-91.00174,0.89695054,0.977309,0.06,0.12,1.4949175,4.4847527,579.0,,99
2931941,2931911,39.34963,-91.01076,1.8148187,0.71614885,0.06,0.12,3.024698,9.074094,1847.0,,99
2932017,2932013,39.315155,-91.03109,1.5566969,0.7662995,0.06,0.12,2.5944948,7.7834845,2015.0,,99
3595052,3595128,39.90333,-90.60628,1.8894482,0.70352894,0.06,0.12,3.1490803,9.447241,2612.0,,99
3595618,3595718,39.8502,-90.663536,1.4768323,0.7843132,0.06,0.12,2.4613872,7.3841615,1762.0,,99
3596148,3597892,39.778023,-90.46148,1.8886287,0.7036636,0.06,0.12,3.1477146,9.443144,2142.0,,99
3596340,3596348,39.74784,-90.67125,1.6362002,0.7496436,0.06,0.12,2.7270002,8.181001,1206.0,,99
3596358,3596360,39.74058,-90.5598,2.0350132,0.6808663,0.06,0.12,3.3916888,10.175067,1957.0,,99
3596362,3597984,39.741352,-90.66094,1.464,0.78733873,0.06,0.12,2.44,7.32,140.0,,99
3596482,3596360,39.726135,-90.55909,2.4271774,0.62993646,0.06,0.12,4.0452957,12.135887,5185.0,,99
3596490,3596400,39.72741,-90.68897,1.9984484,0.68633443,0.06,0.12,3.3307474,9.992242,1926.0,,99
3596752,3596782,39.66301,-90.73936,1.7078418,0.7356039,0.06,0.12,2.846403,8.539208,2265.0,,99
3597414,3597514,39.537678,-90.19643,1.6101688,0.75496644,0.06,0.12,2.6836147,8.050844,1877.0,,99
3597438,3597494,39.539124,-90.30768,1.4799093,0.78359336,0.06,0.12,2.4665155,7.399546,2008.0,,99
3597470,3598190,39.533295,-90.23883,1.6079314,0.75542974,0.06,0.12,2.6798856,8.039657,1908.0,,99
3597894,3596208,39.76711,-90.49948,1.465293,0.7870321,0.06,0.12,2.4421551,7.326465,1143.0,,99
3597932,3596296,39.757328,-90.48693,2.131017,0.66715944,0.06,0.12,3.5516949,10.655085,3198.0,,99
3597938,3596376,39.7524,-90.43559,2.3290117,0.6415152,0.06,0.12,3.8816862,11.645059,2976.0,,99
3597940,3596376,39.747063,-90.43998,1.6526455,0.74634343,0.06,0.12,2.754409,8.263227,1909.0,,99
3597962,3596288,39.755127,-90.721115,1.8569659,0.70893186,0.06,0.12,3.0949433,9.28483,2554.0,,99
3598024,3596930,39.61534,-90.74594,1.8136371,0.71635467,0.06,0.12,3.0227284,9.068186,2889.0,,99
3599574,3599542,39.46374,-90.19751,2.32153,0.6424265,0.06,0.12,3.8692167,11.60765,3533.0,,99
3599608,3599630,39.46582,-90.152855,2.5576046,0.61555654,0.06,0.12,4.2626743,12.788023,4236.0,,99
5913787,5914721,39.48588,-89.9916,2.262227,0.64980257,0.06,0.12,3.7703784,11.311135,1797.0,,99
5913815,5914719,39.46056,-89.99809,2.5189688,0.6197041,0.06,0.12,4.1982813,12.594845,2453.0,,99
5914089,5914095,39.32118,-89.97112,2.0319357,0.6813211,0.06,0.12,3.3865597,10.159678,3096.0,,99
5914743,5914789,39.396328,-90.10222,2.2624195,0.6497782,0.06,0.12,3.7706993,11.312098,2133.0,,99
5914771,5914787,39.380814,-90.08714,1.7382083,0.72990644,0.06,0.12,2.897014,8.691042,3082.0,,99
5914791,5914823,39.364452,-90.01512,1.2877994,0.8331669,0.06,0.12,2.1463323,6.438997,1526.0,,99
5915427,5915329,39.196842,-90.06189,1.8787416,0.7052949,0.06,0.12,3.131236,9.393708,2409.0,,99
5915689,5915587,39.155228,-90.13279,2.6797268,0.603019,0.06,0.12,4.466212,13.398635,4683.0,,99
5915711,5915587,39.15105,-90.11977,2.7736225,0.5939261,0.06,0.12,4.622704,13.868112,3584.0,,99
2508507,2508587,39.210842,-91.04319,2.800963,0.5913614,0.06,0.12,4.6682715,14.004814,1814.0,,99
2508509,2508587,39.213516,-91.05418,2.8168952,0.58988345,0.06,0.12,4.694825,14.0844755,1349.0,,99
2509983,2509917,39.02281,-91.21691,2.5687814,0.6143735,0.06,0.12,4.2813025,12.843907,1614.0,,99
2510267,2508529,39.248432,-91.10452,2.9942262,0.57420754,0.06,0.12,4.990377,14.97113,3370.0,,99
2924141,2924205,39.53804,-90.808624,2.758248,0.5953843,0.06,0.12,4.59708,13.791241,1516.0,,99
2932023,2932013,39.309532,-91.02547,3.0602696,0.56870717,0.06,0.12,5.100449,15.301348,1358.0,,99
3595098,937130058,39.898525,-90.5734,0.8620192,0.99458724,0.06,0.12,1.4366986,4.310096,596.0,,99
3595446,3595698,39.871166,-90.59075,1.9214098,0.6983417,0.06,0.12,3.2023497,9.607049,2358.0,,99
3595998,3596020,39.800575,-90.50755,1.5543075,0.766819,0.06,0.12,2.5905125,7.7715373,798.0,,99
3596264,3596310,39.772522,-90.64001,2.7651742,0.59472597,0.06,0.12,4.6086235,13.8258705,8890.0,,99
3596368,3597984,39.74172,-90.66393,1.756637,0.7265182,0.06,0.12,2.9277282,8.783185,743.0,,99
3596374,3596382,39.7368,-90.41201,2.5222456,0.6193488,0.06,0.12,4.2037425,12.611228,475.0,,99
3596516,3596400,39.723846,-90.702385,2.7766,0.59364504,0.06,0.12,4.6276665,13.882999,3981.0,,99
3596750,3596782,39.666195,-90.73144,2.7040358,0.60062134,0.06,0.12,4.5067263,13.520179,2063.0,,99
3597416,3597514,39.53704,-90.206764,3.8236728,0.51548696,0.06,0.12,6.372788,19.118364,1086.0,,99
3598070,3598090,39.875763,-90.55461,1.4388956,0.79336977,0.06,0.12,2.3981593,7.1944776,694.0,,99
3598240,3595172,39.894756,-90.64293,2.1186264,0.668878,0.06,0.12,3.531044,10.593132,1001.0,,99
3599610,3599630,39.453083,-90.14233,3.8397975,0.5145308,0.06,0.12,6.3996625,19.198988,4043.0,,99
3601190,3599482,39.50006,-90.20553,1.558286,0.7659547,0.06,0.12,2.5971432,7.79143,783.0,,99
4868809,4869793,39.4576,-91.092155,2.7656953,0.5946765,0.06,0.12,4.6094923,13.828477,5922.0,,99
5914077,5914095,39.333683,-89.96388,3.395911,0.5431866,0.06,0.12,5.6598516,16.979555,3757.0,,99
5914827,5914821,39.342804,-90.00721,1.8970629,0.7022817,0.06,0.12,3.1617715,9.485314,1594.0,,99
3596144,3596158,39.78858,-90.69945,3.0911236,0.5661958,0.06,0.12,5.1518726,15.455618,1759.0,,99
3597884,3596020,39.794044,-90.49933,3.189291,0.5584399,0.06,0.12,5.315485,15.946455,1993.0,,99
3597936,3596296,39.752914,-90.484886,2.8405945,0.58770716,0.06,0.12,4.734324,14.202972,3046.0,,99
2924173,2924209,39.530693,-90.96409,3.529091,0.5340458,0.06,0.12,5.8818183,17.645454,1955.0,,99
2927093,2927101,39.517395,-91.01736,3.2894742,0.5508717,0.06,0.12,5.4824567,16.44737,1122.0,,99
3595972,3595926,39.80473,-90.59717,1.9480066,0.69411904,0.06,0.12,3.2466776,10.0,558.0,,99
3596266,3596310,39.758427,-90.63073,2.5034091,0.6214005,0.06,0.12,4.1723485,12.517045,1269.0,,99
3597508,3597546,39.52466,-90.27162,3.47143,0.5379413,0.06,0.12,5.785717,17.357151,101.0,,99
3597872,3596006,39.81522,-90.499596,2.8336494,0.5883422,0.06,0.12,4.7227488,14.168247,956.0,,99
3598036,3597546,39.53439,-90.25768,4.6173353,0.47433,0.055,0.11,7.695559,30.0,3766.0,,99
3598124,3598122,39.661137,-90.186935,1.9456881,0.6944838,0.06,0.12,3.2428136,9.728441,4.0,,99
3598388,3598384,39.66115,-90.17001,3.8658166,0.5130001,0.06,0.12,6.4430275,19.329082,593.0,,99
937130057,937130058,39.896564,-90.57112,2.1750865,0.6611618,0.06,0.12,3.6251442,10.875432,37.0,,99
2924265,2928831,39.500816,-90.824265,3.5707488,0.531288,0.06,0.12,5.951248,17.853745,319.0,,99
3597440,3597494,39.53276,-90.31448,2.2886808,0.64647824,0.06,0.12,3.814468,11.443403,417.0,,99
2508657,2508673,39.191635,-91.05512,4.29302,0.4898176,0.055,0.11,7.1550326,30.0,1400.0,,99
2510269,2508529,39.246857,-91.12278,3.5461416,0.5329114,0.055,0.11,5.9102364,30.0,1108.0,,99
3595094,937130058,39.898014,-90.56873,2.752341,0.59594774,0.06,0.12,4.587235,13.761705,487.0,,99
3595928,3595926,39.80715,-90.60353,3.5946395,0.52972734,0.055,0.11,5.991066,30.0,1030.0,,99
2508569,2508589,39.206684,-91.072235,4.106975,0.49948558,0.055,0.11,6.844959,30.0,2040.0,,99
3597862,3598088,39.84742,-90.54011,4.9540935,0.459825,0.06,0.12,8.256823,24.770468,3781.0,,99
5914769,5914787,39.372093,-90.0794,5.4056396,0.44246566,0.055,0.11,9.009399,30.0,905.0,,99
5914793,5914823,39.3595,-90.011734,6.2394304,0.4153318,0.055,0.11,10.399051,31.197153,521.0,,99
5915629,5915591,39.15865,-90.080826,4.754614,0.46823853,0.06,0.12,7.924356,23.773067,1515.0,,99
3595054,3595128,39.90331,-90.61973,4.938622,0.46046,0.06,0.12,8.231036,24.69311,117.0,,99
3598284,3598062,39.922577,-90.537415,5.0961185,0.4541267,0.06,0.12,8.49353,25.48059,93.0,,99
2508505,2508515,39.2213,-91.15377,6.4219713,0.4100815,0.055,0.11,10.703285,32.109856,4577.0,,99
2924149,2924177,39.53884,-90.89089,5.031958,0.45667222,0.055,0.11,8.386598,30.0,1126.0,,99
3598068,3598090,39.876457,-90.55193,4.789417,0.46673435,0.055,0.11,7.982361,30.0,918.0,,99
3596932,3596930,39.62829,-90.74175,4.603951,0.4749379,0.06,0.12,7.673251,23.019754,740.0,,99
3595448,3595698,39.863216,-90.59843,5.04006,0.4563482,0.055,0.11,8.400101,30.0,1168.0,,99
3596146,3596158,39.78705,-90.706085,7.4359074,0.38439915,0.055,0.11,12.393179,50.0,2223.0,,99
3597870,3596006,39.824806,-90.48751,5.703144,0.4321302,0.06,0.12,9.50524,28.51572,3125.0,,99
5915609,5915591,39.15842,-90.06887,6.4079733,0.41047648,0.055,0.11,10.6799555,32.039867,1409.0,,99
2924231,2924261,39.508247,-90.77202,6.419761,0.4101438,0.055,0.11,10.699601,32.098804,1160.0,,99
3596256,3596288,39.76144,-90.71177,6.546178,0.4066304,0.055,0.11,10.910296,32.73089,192.0,,99
2932219,2932221,39.48077,-91.07496,3.597927,0.5295138,0.055,0.11,5.996545,30.0,1214.0,,99
4869787,4869791,39.482224,-91.09222,5.928003,0.42482048,0.055,0.11,9.880004,30.0,86.0,,99
2508835,2508839,39.17874,-91.19346,8.25394,0.36710057,0.055,0.11,13.756566,50.0,2202.0,,99
5914811,5914821,39.35145,-90.00778,8.72241,0.35826778,0.055,0.11,14.537351,50.0,1821.0,,99
2931723,2931717,39.40736,-91.02696,7.23142,0.38915735,0.055,0.11,12.052366,50.0,117.0,,99
2931675,2931671,39.42367,-91.07226,6.5889487,0.40546376,0.055,0.11,10.981581,32.944744,948.0,,99
3596396,3596382,39.73258,-90.407524,11.008823,0.3232979,0.055,0.11,18.34804,55.044117,1666.0,,99
2509945,2509917,39.02411,-91.20374,7.8553443,0.375205,0.055,0.11,13.09224,39.276722,1243.0,,99
3599534,3599542,39.47079,-90.20529,11.028673,0.32304105,0.055,0.11,18.381123,55.143364,1944.0,,99
2508869,2508993,39.16994,-91.21324,9.756182,0.34099457,0.055,0.11,16.260302,50.0,66.0,,99
3598238,3598060,39.925907,-90.515816,13.817732,0.29245603,0.055,0.11,23.029552,69.08866,4105.0,,99
5915345,5915329,39.205204,-90.058334,14.399794,0.28718048,0.055,0.11,23.999655,71.99897,814.0,,99
2928917,2928911,39.46549,-90.731346,9.10678,0.35151613,0.055,0.11,15.177966,50.0,711.0,,99
2927095,2927101,39.517227,-91.025505,15.45435,0.27836412,0.05,0.1,25.75725,77.27175,555.0,,99
3595624,3595718,39.845383,-90.66323,14.656124,0.28495368,0.05,0.1,24.426872,73.28062,735.0,,99
2509799,2509819,39.03893,-91.2057,15.857834,0.2752169,0.05,0.1,26.429724,79.28917,91.0,,99
4869785,4869791,39.48459,-91.096924,30.305925,0.20681372,0.05,0.1,50.509876,151.52963,1039.0,,99
3598286,3598062,39.928288,-90.5369,63.748444,0.1489721,0.045,0.09,106.247406,318.74222,1283.0,,99
2932159,2932231,39.49072,-91.063644,112.84477,0.1157945,0.045,0.09,188.07462,564.2239,889.0,,99
2932237,2932163,39.483463,-91.0667,0.57739973,1.1869308,0.06,0.12,0.9623329,2.8869987,364.0,,99
2932167,2931647,39.47966,-91.06406,0.49581674,1.2694383,0.06,0.12,0.82636124,2.4790838,370.0,,99
2932217,2932221,39.478046,-91.06988,1.389553,0.80567765,0.06,0.12,2.3159218,6.947765,311.0,,99
2508297,2510267,39.260498,-91.08651,1.4262799,0.7964581,0.06,0.12,2.3771331,7.1313996,1895.0,,100
2508309,2510267,39.25724,-91.07322,2.259529,0.65014476,0.06,0.12,3.765882,11.297646,3863.0,,100
2508449,2508509,39.23673,-91.04701,2.4300284,0.62961024,0.06,0.12,4.0500474,12.150143,5232.0,,100
2508451,2508509,39.223312,-91.06502,1.5743953,0.76248705,0.06,0.12,2.6239922,7.871977,1796.0,,100
2508453,2508507,39.230175,-91.03535,2.152423,0.6642241,0.06,0.12,3.5873713,10.762115,3244.0,,100
2508455,2508507,39.223896,-91.03034,1.9564623,0.69279397,0.06,0.12,3.2607706,9.782311,2649.0,,100
2508477,2508569,39.21969,-91.07435,1.4448938,0.79191506,0.06,0.12,2.4081564,7.224469,1674.0,,100
2509027,2508869,39.161793,-91.22438,2.2106643,0.65644616,0.06,0.12,3.6844404,11.053322,3043.0,,100
2509999,2509983,39.01959,-91.2296,1.5117043,0.7762791,0.06,0.12,2.5195072,7.5585217,1313.0,,100
2510021,2509945,39.0158,-91.19903,1.35865,0.81371164,0.06,0.12,2.2644167,6.7932496,1502.0,,100
2510135,2509983,39.007366,-91.22536,2.131233,0.66712964,0.06,0.12,3.5520551,10.656165,2372.0,,100
2924127,2924141,39.548645,-90.82648,2.2062273,0.65702826,0.06,0.12,3.6770453,11.0311365,3178.0,,100
2924165,2924173,39.541122,-90.95532,1.5740062,0.7625702,0.06,0.12,2.6233437,7.8700314,2054.0,,100
2924213,2924231,39.523815,-90.7716,2.2930012,0.6459406,0.06,0.12,3.8216684,11.465005,3575.0,,100
2927075,2927093,39.534317,-91.01297,2.208448,0.65673673,0.06,0.12,3.6807466,11.042239,3139.0,,100
2931677,2931675,39.423286,-91.08937,1.8323677,0.71311486,0.06,0.12,3.053946,9.161838,2625.0,,100
2932033,2932023,39.301853,-91.043655,2.1543293,0.66396475,0.06,0.12,3.5905488,10.7716465,2591.0,,100
2932057,2932023,39.29005,-91.03868,2.4372113,0.628791,0.06,0.12,4.062019,12.186056,4160.0,,100
3595074,3595054,39.9003,-90.63353,1.9174378,0.69897956,0.06,0.12,3.1957297,9.587189,2723.0,,100
3595152,3598240,39.89275,-90.654175,1.6362002,0.7496436,0.06,0.12,2.7270002,8.181001,1287.0,,100
3595292,3598070,39.877293,-90.559135,1.125702,0.8841127,0.06,0.12,1.87617,5.62851,256.0,,100
3595746,3595624,39.838467,-90.672424,1.6529994,0.7462729,0.06,0.12,2.754999,8.2649975,1926.0,,100
3595862,3597870,39.816452,-90.468475,1.3370867,0.81947523,0.06,0.12,2.228478,6.685434,1612.0,,100
3595934,3597872,39.805702,-90.49312,1.5083294,0.77704495,0.06,0.12,2.5138824,7.541647,1670.0,,100
3596040,3596144,39.801826,-90.69419,1.7154491,0.7341629,0.06,0.12,2.8590817,8.577246,1633.0,,100
3596094,3597884,39.785297,-90.48529,1.6208994,0.7527574,0.06,0.12,2.7014992,8.104498,1920.0,,100
3596226,3596264,39.76623,-90.666725,1.0237321,0.9219354,0.06,0.12,1.7062201,5.1186604,369.0,,100
3596250,3597936,39.76577,-90.46604,1.6767335,0.741594,0.06,0.12,2.794556,8.383668,2095.0,,100
3596254,3596256,39.77055,-90.7141,1.7987382,0.71896636,0.06,0.12,2.9978971,8.993691,2111.0,,100
3596390,3596368,39.740192,-90.673645,1.5673625,0.7639946,0.06,0.12,2.6122708,7.8368125,1127.0,,100
3596524,3596516,39.71428,-90.71864,1.3263186,0.8224038,0.06,0.12,2.210531,6.631593,558.0,,100
3596690,3596750,39.679005,-90.741135,2.3520741,0.6387325,0.06,0.12,3.9201236,11.760371,1940.0,,100
3597360,3597416,39.564327,-90.18758,3.0407698,0.5703133,0.06,0.12,5.06795,15.203849,8097.0,,100
3597362,3597416,39.5612,-90.20411,2.8771305,0.5844028,0.06,0.12,4.7952175,14.385653,6273.0,,100
3597670,3601190,39.50388,-90.200874,1.3544947,0.814812,0.06,0.12,2.257491,6.7724733,927.0,,100
3597822,3595446,39.882896,-90.59415,1.1979563,0.86017764,0.06,0.12,1.9965938,5.9897814,1276.0,,100
3597832,3595448,39.868385,-90.60506,2.2019756,0.65758765,0.06,0.12,3.6699593,11.009878,1908.0,,100
3597876,3595998,39.80603,-90.49938,1.4124839,0.79988074,0.06,0.12,2.35414,7.06242,1477.0,,100
3597930,3596374,39.742477,-90.401566,1.7058463,0.73598343,0.06,0.12,2.8430772,8.529232,2122.0,,100
3597934,3596374,39.751194,-90.410576,2.19322,0.6587445,0.06,0.12,3.6553664,10.9661,3373.0,,100
3599572,3599610,39.465782,-90.105194,2.4160464,0.63121516,0.06,0.12,4.026744,12.080232,3543.0,,100
3599598,3599610,39.45875,-90.10377,2.5275333,0.61877686,0.06,0.12,4.2125554,12.637666,3370.0,,100
4869885,4868809,39.44031,-91.11226,1.0273083,0.9205181,0.06,0.12,1.7121805,5.1365414,185.0,,100
5914051,5914077,39.35414,-89.92181,2.79523,0.5918962,0.06,0.12,4.6587167,13.97615,5512.0,,100
5914055,5914827,39.337116,-89.99728,1.4239198,0.7970403,0.06,0.12,2.3731997,7.119599,588.0,,100
5914781,5914793,39.3652,-90.0056,1.2566179,0.8422254,0.06,0.12,2.0943632,6.2830896,1134.0,,100
5915641,5915609,39.154156,-90.059746,1.9368806,0.6958753,0.06,0.12,3.2281344,9.684403,1396.0,,100
5915773,5915629,39.138798,-90.09764,2.8042648,0.5910541,0.06,0.12,4.6737747,14.021324,4346.0,,100
2508749,2508835,39.186718,-91.18866,2.5642617,0.614851,0.06,0.12,4.2737694,12.821308,635.0,,100
2924123,2924149,39.54987,-90.888306,2.9485376,0.57811606,0.06,0.12,4.9142294,14.742687,1524.0,,100
2928945,2928917,39.460625,-90.7267,2.6841536,0.6025801,0.06,0.12,4.473589,13.420767,756.0,,100
3595976,3595972,39.806583,-90.592766,1.2232229,0.85229325,0.06,0.12,2.0387046,6.116114,1526.0,,100
3596032,3597884,39.794483,-90.47717,2.762042,0.5950234,0.06,0.12,4.603403,13.81021,2082.0,,100
3596046,3596144,39.7974,-90.706184,2.7269905,0.5983856,0.06,0.12,4.544984,13.634952,1426.0,,100
3596092,3596146,39.792137,-90.72443,2.3423984,0.63989514,0.06,0.12,3.9039974,11.711992,1890.0,,100
3596248,3597936,39.7581,-90.461105,2.1197188,0.6687259,0.06,0.12,3.5328648,10.598595,1189.0,,100
3597490,3597508,39.52787,-90.28572,2.4097624,0.63194084,0.06,0.12,4.0162706,12.048813,2937.0,,100
3598030,3598036,39.54478,-90.247055,2.7732337,0.5939628,0.06,0.12,4.622056,13.866168,747.0,,100
3598288,3598286,39.934036,-90.536835,1.4890665,0.78146374,0.06,0.12,2.4817774,7.4453325,95.0,,100
3598356,3597862,39.847958,-90.5221,2.0611613,0.67704207,0.06,0.12,3.4352686,10.305806,147.0,,100
3599462,3599534,39.478485,-90.20365,2.2033947,0.6574008,0.06,0.12,3.6723244,11.016973,218.0,,100
4869781,4869785,39.488457,-91.10004,1.1972947,0.86038727,0.06,0.12,1.9954913,5.9864736,60.0,,100
5914761,5914769,39.378227,-90.07971,2.9931087,0.57430214,0.06,0.12,4.9885144,14.965544,714.0,,100
5915339,5915345,39.206764,-90.0524,0.6157722,1.1537119,0.06,0.12,1.026287,3.078861,417.0,,100
2924163,2924173,39.53329,-90.953094,3.144917,0.5619025,0.06,0.12,5.241528,15.724585,350.0,,100
2924267,2924265,39.50073,-90.83213,2.01207,0.6842807,0.06,0.12,3.35345,10.06035,1251.0,,100
2927073,2927093,39.52389,-91.010216,2.6029315,0.61080426,0.06,0.12,4.338219,13.014657,2049.0,,100
3595102,937130057,39.89674,-90.57345,2.174463,0.6612454,0.06,0.12,3.6241052,10.872315,421.0,,100
3595894,3597872,39.811783,-90.4899,2.6080525,0.61027485,0.06,0.12,4.346754,13.040262,1195.0,,100
3595930,3595928,39.810146,-90.60805,3.0445592,0.57,0.06,0.12,5.0742655,15.222796,752.0,,100
3596090,3595972,39.795845,-90.60375,1.7111573,0.73497474,0.06,0.12,2.851929,8.555787,1863.0,,100
3596306,3596266,39.758423,-90.64614,2.1954663,0.6584471,0.06,0.12,3.6591103,10.977331,1526.0,,100
3596714,3598388,39.657803,-90.16555,3.7883348,0.51760286,0.06,0.12,6.3138914,18.941675,600.0,,100
3597352,3598036,39.54927,-90.23769,3.9733598,0.5068274,0.06,0.12,6.6222663,19.8668,2038.0,,100
3597488,3597508,39.5317,-90.27357,3.0097857,0.57289606,0.06,0.12,5.0163093,15.048928,1692.0,,100
3598066,3598068,39.88322,-90.55036,1.7369233,0.7301446,0.06,0.12,2.8948722,8.684616,707.0,,100
3598126,3598124,39.660282,-90.18954,1.9368806,0.6958753,0.06,0.12,3.2281344,9.684403,487.0,,100
2924255,2924265,39.505318,-90.82879,3.2653863,0.55266076,0.06,0.12,5.442311,16.326931,960.0,,100
3597422,3597440,39.535313,-90.31755,2.2515922,0.6511549,0.06,0.12,3.7526536,11.25796,435.0,,100
3598354,3598238,39.930668,-90.4939,4.9139767,0.4614774,0.06,0.12,8.189961,24.569883,93.0,,100
2508321,2510269,39.255295,-91.119774,3.445933,0.53969365,0.055,0.11,5.7432218,30.0,1037.0,,100
2508413,2508505,39.233242,-91.17303,4.5441804,0.4776838,0.06,0.12,7.573634,22.720903,1732.0,,100
2508649,2508657,39.192696,-91.04491,3.7595394,0.51934814,0.055,0.11,6.2658987,30.0,509.0,,100
2508711,2508657,39.187824,-91.04052,2.6180916,0.60924137,0.06,0.12,4.363486,13.090458,1533.0,,100
3595068,3595094,39.901344,-90.56046,2.7229667,0.5987755,0.06,0.12,4.538278,13.614834,1191.0,,100
3595070,3595094,39.900967,-90.565,0.57466054,1.1894234,0.06,0.12,0.95776755,2.8733027,443.0,,100
3595980,3595928,39.804745,-90.61078,2.5224013,0.61933196,0.06,0.12,4.2040024,12.612007,562.0,,100
2508483,2508569,39.22033,-91.08648,3.9152665,0.5101315,0.055,0.11,6.525444,30.0,2527.0,,100
3598244,3597862,39.84757,-90.51418,4.391491,0.4849413,0.06,0.12,7.3191514,21.957455,1239.0,,100
5914759,5914769,39.386303,-90.06875,5.02424,0.4569816,0.06,0.12,8.3737335,25.1212,3520.0,,100
3596416,3596396,39.727646,-90.382545,5.337389,0.44495293,0.055,0.11,8.895648,30.0,3185.0,,100
5914783,5914793,39.369087,-90.00442,6.2147603,0.4160584,0.055,0.11,10.357933,31.073801,2502.0,,100
5915677,5915629,39.14774,-90.07946,4.3134055,0.48879492,0.06,0.12,7.189009,21.567028,1570.0,,100
3594860,3598284,39.922695,-90.5528,5.0957603,0.45414078,0.06,0.12,8.492933,25.478802,2527.0,,100
3595036,3595054,39.909176,-90.617386,4.8316016,0.4649321,0.06,0.12,8.05267,24.158009,1561.0,,100
3595476,3595448,39.86142,-90.61038,3.912145,0.510311,0.055,0.11,6.5202413,30.0,933.0,,100
2508411,2508505,39.231144,-91.16452,5.288697,0.44675562,0.055,0.11,8.814495,30.0,1903.0,,100
2924121,2924149,39.54474,-90.886894,4.6042414,0.47492465,0.06,0.12,7.6737356,23.021208,579.0,,100
937130072,3598068,39.884815,-90.54085,4.6670227,0.4720954,0.055,0.11,7.7783713,30.0,1902.0,,100
3598160,3596932,39.633335,-90.74784,4.5738626,0.4763137,0.06,0.12,7.623104,22.869312,978.0,,100
3595508,3595448,39.8596,-90.60629,3.744835,0.52024686,0.06,0.12,6.241391,18.724174,644.0,,100
3595786,3597870,39.823654,-90.46965,5.530353,0.43803555,0.06,0.12,9.217256,27.651766,335.0,,100
3596060,3596146,39.799763,-90.72716,7.31574,0.3871721,0.055,0.11,12.192901,50.0,3559.0,,100
5915601,5915609,39.164566,-90.04784,6.295611,0.4136926,0.055,0.11,10.492684,31.478054,3248.0,,100
2924215,2924231,39.512806,-90.76184,6.2797613,0.41415292,0.055,0.11,10.466269,31.398806,1179.0,,100
3596272,3596256,39.759754,-90.719406,6.49519,0.4080356,0.055,0.11,10.825316,32.47595,1312.0,,100
2931637,2932219,39.485992,-91.07701,3.5217693,0.53453535,0.055,0.11,5.869615,30.0,94.0,,100
4869789,4869787,39.481808,-91.09227,5.927736,0.42482895,0.055,0.11,9.8795595,30.0,13.0,,100
2508761,2508835,39.184673,-91.194115,8.124037,0.36967877,0.055,0.11,13.540062,50.0,1841.0,,100
5914009,5914811,39.35526,-89.99897,8.687809,0.3588966,0.055,0.11,14.479681,50.0,212.0,,100
2931729,2931723,39.40543,-91.02785,7.2289786,0.38921532,0.055,0.11,12.048298,50.0,385.0,,100
2931731,2931723,39.40445,-91.026596,0.6627467,1.1168933,0.06,0.12,1.1045779,3.3137338,579.0,,100
2931697,2931675,39.415638,-91.08546,6.51172,0.4075783,0.055,0.11,10.852867,32.5586,2004.0,,100
3596394,3596396,39.73555,-90.39131,10.53209,0.3296743,0.055,0.11,17.553484,52.66045,3439.0,,100
2510009,2509945,39.017952,-91.20624,7.828079,0.375781,0.055,0.11,13.046799,39.140396,775.0,,100
3599464,3599534,39.48586,-90.20098,10.980913,0.32366017,0.055,0.11,18.301521,54.904564,2081.0,,100
2508861,2508869,39.171196,-91.21748,9.713743,0.34165102,0.055,0.11,16.189571,50.0,729.0,,100
3597800,3598238,39.91638,-90.47966,13.577677,0.29472604,0.055,0.11,22.629461,67.88838,4130.0,,100
5915377,5915345,39.204296,-90.044495,14.396106,0.28721294,0.055,0.11,23.99351,71.98053,1667.0,,100
2928923,2928917,39.46351,-90.72588,9.010381,0.35317037,0.055,0.11,15.017302,50.0,392.0,,100
2927089,2927095,39.52008,-91.03022,15.452531,0.27837858,0.05,0.1,25.754217,77.26265,506.0,,100
3595626,3595624,39.84967,-90.67064,14.646151,0.28503925,0.05,0.1,24.410252,73.23076,1363.0,,100
2509803,2509799,39.03901,-91.20839,0.5959046,1.1705264,0.06,0.12,0.9931743,2.979523,418.0,,100
2509805,2509799,39.040337,-91.2086,15.857426,0.27522004,0.05,0.1,26.429043,79.287125,560.0,,100
4869783,4869785,39.493248,-91.105644,30.30427,0.20681871,0.05,0.1,50.50712,151.52135,1547.0,,100
3607114,3598286,39.936695,-90.53522,63.747673,0.14897288,0.045,0.09,106.246124,318.73837,628.0,,100
2932155,2932159,39.497303,-91.06475,112.84433,0.1157947,0.045,0.09,188.07388,564.2216,632.0,,100
2932157,2932159,39.497128,-91.068695,2.2575984,0.65039,0.06,0.12,3.7626638,11.287992,878.0,,100
2932213,2932217,39.48045,-91.06898,1.3311852,0.821076,0.06,0.12,2.218642,6.655926,260.0,,100
2932215,2932217,39.47974,-91.06847,0.484577,1.2823453,0.06,0.12,0.80762833,2.422885,153.0,,100
